<?xml version="1.0" encoding="UTF-8"?>
<gpx version="1.1" creator="Route Flyover sample (route: OSRM/OpenStreetMap; elevation: Terrain Tiles on AWS)" xmlns="http://www.topografix.com/GPX/1/1">
<trk><name>Stelvio Pass</name><trkseg>
<trkpt lat="46.467127" lon="10.372632"><ele>1207.3</ele><time>2026-07-12T08:30:00Z</time></trkpt>
<trkpt lat="46.467135" lon="10.372686"><ele>1207.4</ele><time>2026-07-12T08:30:00Z</time></trkpt>
<trkpt lat="46.467164" lon="10.372881"><ele>1207.6</ele><time>2026-07-12T08:30:01Z</time></trkpt>
<trkpt lat="46.467238" lon="10.372821"><ele>1207.7</ele><time>2026-07-12T08:30:01Z</time></trkpt>
<trkpt lat="46.467275" lon="10.372742"><ele>1208.0</ele><time>2026-07-12T08:30:02Z</time></trkpt>
<trkpt lat="46.467364" lon="10.372559"><ele>1208.2</ele><time>2026-07-12T08:30:03Z</time></trkpt>
<trkpt lat="46.467407" lon="10.372511"><ele>1208.4</ele><time>2026-07-12T08:30:04Z</time></trkpt>
<trkpt lat="46.467582" lon="10.372298"><ele>1208.6</ele><time>2026-07-12T08:30:05Z</time></trkpt>
<trkpt lat="46.467754" lon="10.372118"><ele>1208.8</ele><time>2026-07-12T08:30:07Z</time></trkpt>
<trkpt lat="46.467856" lon="10.372021"><ele>1208.9</ele><time>2026-07-12T08:30:08Z</time></trkpt>
<trkpt lat="46.468018" lon="10.371938"><ele>1209.1</ele><time>2026-07-12T08:30:09Z</time></trkpt>
<trkpt lat="46.468049" lon="10.371833"><ele>1209.2</ele><time>2026-07-12T08:30:10Z</time></trkpt>
<trkpt lat="46.468131" lon="10.371854"><ele>1209.5</ele><time>2026-07-12T08:30:10Z</time></trkpt>
<trkpt lat="46.468293" lon="10.371855"><ele>1209.8</ele><time>2026-07-12T08:30:12Z</time></trkpt>
<trkpt lat="46.468361" lon="10.371849"><ele>1210.1</ele><time>2026-07-12T08:30:12Z</time></trkpt>
<trkpt lat="46.468548" lon="10.371798"><ele>1210.4</ele><time>2026-07-12T08:30:14Z</time></trkpt>
<trkpt lat="46.468616" lon="10.371778"><ele>1210.8</ele><time>2026-07-12T08:30:14Z</time></trkpt>
<trkpt lat="46.468696" lon="10.371727"><ele>1211.1</ele><time>2026-07-12T08:30:15Z</time></trkpt>
<trkpt lat="46.468806" lon="10.371623"><ele>1211.6</ele><time>2026-07-12T08:30:16Z</time></trkpt>
<trkpt lat="46.469000" lon="10.371432"><ele>1212.1</ele><time>2026-07-12T08:30:18Z</time></trkpt>
<trkpt lat="46.469042" lon="10.371391"><ele>1212.8</ele><time>2026-07-12T08:30:18Z</time></trkpt>
<trkpt lat="46.469167" lon="10.371261"><ele>1213.5</ele><time>2026-07-12T08:30:20Z</time></trkpt>
<trkpt lat="46.469241" lon="10.371140"><ele>1214.3</ele><time>2026-07-12T08:30:21Z</time></trkpt>
<trkpt lat="46.469326" lon="10.370994"><ele>1215.2</ele><time>2026-07-12T08:30:23Z</time></trkpt>
<trkpt lat="46.469401" lon="10.370828"><ele>1216.3</ele><time>2026-07-12T08:30:24Z</time></trkpt>
<trkpt lat="46.469464" lon="10.370644"><ele>1217.5</ele><time>2026-07-12T08:30:26Z</time></trkpt>
<trkpt lat="46.469522" lon="10.370403"><ele>1218.5</ele><time>2026-07-12T08:30:28Z</time></trkpt>
<trkpt lat="46.469565" lon="10.370153"><ele>1219.3</ele><time>2026-07-12T08:30:30Z</time></trkpt>
<trkpt lat="46.469591" lon="10.369808"><ele>1220.1</ele><time>2026-07-12T08:30:32Z</time></trkpt>
<trkpt lat="46.469597" lon="10.369734"><ele>1220.8</ele><time>2026-07-12T08:30:33Z</time></trkpt>
<trkpt lat="46.469598" lon="10.369712"><ele>1221.3</ele><time>2026-07-12T08:30:33Z</time></trkpt>
<trkpt lat="46.469611" lon="10.369560"><ele>1221.8</ele><time>2026-07-12T08:30:34Z</time></trkpt>
<trkpt lat="46.469645" lon="10.369237"><ele>1222.0</ele><time>2026-07-12T08:30:36Z</time></trkpt>
<trkpt lat="46.469654" lon="10.369149"><ele>1222.7</ele><time>2026-07-12T08:30:36Z</time></trkpt>
<trkpt lat="46.469698" lon="10.368949"><ele>1223.4</ele><time>2026-07-12T08:30:38Z</time></trkpt>
<trkpt lat="46.469785" lon="10.368786"><ele>1224.9</ele><time>2026-07-12T08:30:40Z</time></trkpt>
<trkpt lat="46.470108" lon="10.368321"><ele>1226.5</ele><time>2026-07-12T08:30:44Z</time></trkpt>
<trkpt lat="46.470256" lon="10.368113"><ele>1228.1</ele><time>2026-07-12T08:30:47Z</time></trkpt>
<trkpt lat="46.470682" lon="10.367519"><ele>1229.4</ele><time>2026-07-12T08:30:51Z</time></trkpt>
<trkpt lat="46.471047" lon="10.367015"><ele>1230.9</ele><time>2026-07-12T08:30:55Z</time></trkpt>
<trkpt lat="46.471177" lon="10.366833"><ele>1232.1</ele><time>2026-07-12T08:30:56Z</time></trkpt>
<trkpt lat="46.471314" lon="10.366643"><ele>1233.4</ele><time>2026-07-12T08:30:59Z</time></trkpt>
<trkpt lat="46.471402" lon="10.366561"><ele>1235.5</ele><time>2026-07-12T08:31:00Z</time></trkpt>
<trkpt lat="46.471483" lon="10.366509"><ele>1237.4</ele><time>2026-07-12T08:31:01Z</time></trkpt>
<trkpt lat="46.471738" lon="10.366359"><ele>1239.6</ele><time>2026-07-12T08:31:05Z</time></trkpt>
<trkpt lat="46.472641" lon="10.365913"><ele>1241.8</ele><time>2026-07-12T08:31:12Z</time></trkpt>
<trkpt lat="46.472684" lon="10.365888"><ele>1244.2</ele><time>2026-07-12T08:31:13Z</time></trkpt>
<trkpt lat="46.472762" lon="10.365865"><ele>1246.6</ele><time>2026-07-12T08:31:14Z</time></trkpt>
<trkpt lat="46.472837" lon="10.365880"><ele>1249.2</ele><time>2026-07-12T08:31:15Z</time></trkpt>
<trkpt lat="46.472902" lon="10.365937"><ele>1250.2</ele><time>2026-07-12T08:31:16Z</time></trkpt>
<trkpt lat="46.472933" lon="10.366005"><ele>1251.4</ele><time>2026-07-12T08:31:17Z</time></trkpt>
<trkpt lat="46.472956" lon="10.366125"><ele>1252.4</ele><time>2026-07-12T08:31:18Z</time></trkpt>
<trkpt lat="46.472947" lon="10.366216"><ele>1253.2</ele><time>2026-07-12T08:31:19Z</time></trkpt>
<trkpt lat="46.472920" lon="10.366307"><ele>1253.9</ele><time>2026-07-12T08:31:19Z</time></trkpt>
<trkpt lat="46.472411" lon="10.367636"><ele>1254.4</ele><time>2026-07-12T08:31:27Z</time></trkpt>
<trkpt lat="46.472331" lon="10.367864"><ele>1254.9</ele><time>2026-07-12T08:31:28Z</time></trkpt>
<trkpt lat="46.472331" lon="10.367960"><ele>1255.6</ele><time>2026-07-12T08:31:29Z</time></trkpt>
<trkpt lat="46.472353" lon="10.368053"><ele>1256.1</ele><time>2026-07-12T08:31:30Z</time></trkpt>
<trkpt lat="46.472405" lon="10.368135"><ele>1257.0</ele><time>2026-07-12T08:31:31Z</time></trkpt>
<trkpt lat="46.472461" lon="10.368177"><ele>1257.9</ele><time>2026-07-12T08:31:32Z</time></trkpt>
<trkpt lat="46.472544" lon="10.368175"><ele>1259.7</ele><time>2026-07-12T08:31:33Z</time></trkpt>
<trkpt lat="46.472651" lon="10.368118"><ele>1261.5</ele><time>2026-07-12T08:31:35Z</time></trkpt>
<trkpt lat="46.472706" lon="10.368060"><ele>1263.4</ele><time>2026-07-12T08:31:36Z</time></trkpt>
<trkpt lat="46.473110" lon="10.367644"><ele>1265.1</ele><time>2026-07-12T08:31:40Z</time></trkpt>
<trkpt lat="46.473288" lon="10.367468"><ele>1266.6</ele><time>2026-07-12T08:31:43Z</time></trkpt>
<trkpt lat="46.473469" lon="10.367319"><ele>1267.9</ele><time>2026-07-12T08:31:45Z</time></trkpt>
<trkpt lat="46.473613" lon="10.367218"><ele>1269.2</ele><time>2026-07-12T08:31:47Z</time></trkpt>
<trkpt lat="46.473767" lon="10.367129"><ele>1269.6</ele><time>2026-07-12T08:31:48Z</time></trkpt>
<trkpt lat="46.473789" lon="10.367116"><ele>1269.7</ele><time>2026-07-12T08:31:49Z</time></trkpt>
<trkpt lat="46.473905" lon="10.367065"><ele>1269.6</ele><time>2026-07-12T08:31:50Z</time></trkpt>
<trkpt lat="46.474047" lon="10.367003"><ele>1273.3</ele><time>2026-07-12T08:31:52Z</time></trkpt>
<trkpt lat="46.474429" lon="10.366903"><ele>1277.2</ele><time>2026-07-12T08:31:57Z</time></trkpt>
<trkpt lat="46.474867" lon="10.366904"><ele>1281.1</ele><time>2026-07-12T08:32:03Z</time></trkpt>
<trkpt lat="46.477533" lon="10.367335"><ele>1285.0</ele><time>2026-07-12T08:32:22Z</time></trkpt>
<trkpt lat="46.477608" lon="10.367354"><ele>1289.1</ele><time>2026-07-12T08:32:23Z</time></trkpt>
<trkpt lat="46.477651" lon="10.367387"><ele>1293.5</ele><time>2026-07-12T08:32:24Z</time></trkpt>
<trkpt lat="46.477683" lon="10.367432"><ele>1297.8</ele><time>2026-07-12T08:32:24Z</time></trkpt>
<trkpt lat="46.477694" lon="10.367500"><ele>1298.2</ele><time>2026-07-12T08:32:25Z</time></trkpt>
<trkpt lat="46.477669" lon="10.367576"><ele>1298.0</ele><time>2026-07-12T08:32:25Z</time></trkpt>
<trkpt lat="46.477632" lon="10.367620"><ele>1297.6</ele><time>2026-07-12T08:32:26Z</time></trkpt>
<trkpt lat="46.477438" lon="10.367678"><ele>1297.2</ele><time>2026-07-12T08:32:27Z</time></trkpt>
<trkpt lat="46.477152" lon="10.367811"><ele>1296.8</ele><time>2026-07-12T08:32:30Z</time></trkpt>
<trkpt lat="46.476737" lon="10.368107"><ele>1296.4</ele><time>2026-07-12T08:32:33Z</time></trkpt>
<trkpt lat="46.476415" lon="10.368338"><ele>1295.9</ele><time>2026-07-12T08:32:36Z</time></trkpt>
<trkpt lat="46.476363" lon="10.368380"><ele>1295.5</ele><time>2026-07-12T08:32:36Z</time></trkpt>
<trkpt lat="46.476343" lon="10.368415"><ele>1296.0</ele><time>2026-07-12T08:32:37Z</time></trkpt>
<trkpt lat="46.476326" lon="10.368463"><ele>1296.8</ele><time>2026-07-12T08:32:37Z</time></trkpt>
<trkpt lat="46.476320" lon="10.368504"><ele>1297.5</ele><time>2026-07-12T08:32:38Z</time></trkpt>
<trkpt lat="46.476326" lon="10.368551"><ele>1298.0</ele><time>2026-07-12T08:32:38Z</time></trkpt>
<trkpt lat="46.476347" lon="10.368576"><ele>1298.8</ele><time>2026-07-12T08:32:39Z</time></trkpt>
<trkpt lat="46.476373" lon="10.368601"><ele>1299.6</ele><time>2026-07-12T08:32:39Z</time></trkpt>
<trkpt lat="46.476416" lon="10.368625"><ele>1301.6</ele><time>2026-07-12T08:32:40Z</time></trkpt>
<trkpt lat="46.476594" lon="10.368644"><ele>1303.3</ele><time>2026-07-12T08:32:42Z</time></trkpt>
<trkpt lat="46.476752" lon="10.368673"><ele>1305.8</ele><time>2026-07-12T08:32:44Z</time></trkpt>
<trkpt lat="46.477118" lon="10.368775"><ele>1308.4</ele><time>2026-07-12T08:32:49Z</time></trkpt>
<trkpt lat="46.477164" lon="10.368788"><ele>1311.0</ele><time>2026-07-12T08:32:50Z</time></trkpt>
<trkpt lat="46.477520" lon="10.368899"><ele>1313.7</ele><time>2026-07-12T08:32:55Z</time></trkpt>
<trkpt lat="46.477683" lon="10.368967"><ele>1316.8</ele><time>2026-07-12T08:32:57Z</time></trkpt>
<trkpt lat="46.477739" lon="10.369007"><ele>1318.7</ele><time>2026-07-12T08:32:58Z</time></trkpt>
<trkpt lat="46.477774" lon="10.369072"><ele>1321.1</ele><time>2026-07-12T08:32:58Z</time></trkpt>
<trkpt lat="46.477868" lon="10.369256"><ele>1322.6</ele><time>2026-07-12T08:33:01Z</time></trkpt>
<trkpt lat="46.477924" lon="10.369368"><ele>1324.4</ele><time>2026-07-12T08:33:02Z</time></trkpt>
<trkpt lat="46.477989" lon="10.369463"><ele>1326.3</ele><time>2026-07-12T08:33:03Z</time></trkpt>
<trkpt lat="46.478067" lon="10.369526"><ele>1328.0</ele><time>2026-07-12T08:33:04Z</time></trkpt>
<trkpt lat="46.478158" lon="10.369563"><ele>1328.8</ele><time>2026-07-12T08:33:05Z</time></trkpt>
<trkpt lat="46.478259" lon="10.369567"><ele>1329.8</ele><time>2026-07-12T08:33:07Z</time></trkpt>
<trkpt lat="46.478342" lon="10.369550"><ele>1329.3</ele><time>2026-07-12T08:33:08Z</time></trkpt>
<trkpt lat="46.478425" lon="10.369518"><ele>1328.8</ele><time>2026-07-12T08:33:08Z</time></trkpt>
<trkpt lat="46.478571" lon="10.369410"><ele>1327.7</ele><time>2026-07-12T08:33:11Z</time></trkpt>
<trkpt lat="46.478923" lon="10.369146"><ele>1325.9</ele><time>2026-07-12T08:33:14Z</time></trkpt>
<trkpt lat="46.479280" lon="10.368894"><ele>1323.7</ele><time>2026-07-12T08:33:18Z</time></trkpt>
<trkpt lat="46.479548" lon="10.368693"><ele>1322.4</ele><time>2026-07-12T08:33:21Z</time></trkpt>
<trkpt lat="46.479635" lon="10.368613"><ele>1321.6</ele><time>2026-07-12T08:33:22Z</time></trkpt>
<trkpt lat="46.479753" lon="10.368509"><ele>1321.8</ele><time>2026-07-12T08:33:23Z</time></trkpt>
<trkpt lat="46.479879" lon="10.368418"><ele>1322.7</ele><time>2026-07-12T08:33:25Z</time></trkpt>
<trkpt lat="46.479959" lon="10.368392"><ele>1324.4</ele><time>2026-07-12T08:33:26Z</time></trkpt>
<trkpt lat="46.480029" lon="10.368387"><ele>1327.3</ele><time>2026-07-12T08:33:27Z</time></trkpt>
<trkpt lat="46.480095" lon="10.368396"><ele>1331.1</ele><time>2026-07-12T08:33:28Z</time></trkpt>
<trkpt lat="46.480267" lon="10.368414"><ele>1334.6</ele><time>2026-07-12T08:33:30Z</time></trkpt>
<trkpt lat="46.480422" lon="10.368419"><ele>1339.1</ele><time>2026-07-12T08:33:32Z</time></trkpt>
<trkpt lat="46.480693" lon="10.368338"><ele>1343.8</ele><time>2026-07-12T08:33:36Z</time></trkpt>
<trkpt lat="46.480880" lon="10.368341"><ele>1348.0</ele><time>2026-07-12T08:33:38Z</time></trkpt>
<trkpt lat="46.481205" lon="10.368419"><ele>1351.8</ele><time>2026-07-12T08:33:43Z</time></trkpt>
<trkpt lat="46.481352" lon="10.368454"><ele>1354.9</ele><time>2026-07-12T08:33:45Z</time></trkpt>
<trkpt lat="46.481430" lon="10.368468"><ele>1358.0</ele><time>2026-07-12T08:33:46Z</time></trkpt>
<trkpt lat="46.481500" lon="10.368473"><ele>1360.2</ele><time>2026-07-12T08:33:47Z</time></trkpt>
<trkpt lat="46.481608" lon="10.368433"><ele>1360.7</ele><time>2026-07-12T08:33:48Z</time></trkpt>
<trkpt lat="46.481732" lon="10.368356"><ele>1361.2</ele><time>2026-07-12T08:33:49Z</time></trkpt>
<trkpt lat="46.481934" lon="10.368217"><ele>1361.5</ele><time>2026-07-12T08:33:51Z</time></trkpt>
<trkpt lat="46.482052" lon="10.368131"><ele>1362.1</ele><time>2026-07-12T08:33:52Z</time></trkpt>
<trkpt lat="46.482134" lon="10.368056"><ele>1361.7</ele><time>2026-07-12T08:33:53Z</time></trkpt>
<trkpt lat="46.482228" lon="10.367975"><ele>1361.0</ele><time>2026-07-12T08:33:54Z</time></trkpt>
<trkpt lat="46.482324" lon="10.367846"><ele>1360.4</ele><time>2026-07-12T08:33:55Z</time></trkpt>
<trkpt lat="46.482417" lon="10.367579"><ele>1360.6</ele><time>2026-07-12T08:33:57Z</time></trkpt>
<trkpt lat="46.482451" lon="10.367481"><ele>1360.7</ele><time>2026-07-12T08:33:57Z</time></trkpt>
<trkpt lat="46.482541" lon="10.367302"><ele>1361.0</ele><time>2026-07-12T08:33:58Z</time></trkpt>
<trkpt lat="46.482616" lon="10.367209"><ele>1361.5</ele><time>2026-07-12T08:33:59Z</time></trkpt>
<trkpt lat="46.482695" lon="10.367129"><ele>1363.6</ele><time>2026-07-12T08:34:00Z</time></trkpt>
<trkpt lat="46.482874" lon="10.366973"><ele>1366.3</ele><time>2026-07-12T08:34:03Z</time></trkpt>
<trkpt lat="46.482977" lon="10.366889"><ele>1369.8</ele><time>2026-07-12T08:34:05Z</time></trkpt>
<trkpt lat="46.483089" lon="10.366814"><ele>1373.3</ele><time>2026-07-12T08:34:06Z</time></trkpt>
<trkpt lat="46.483353" lon="10.366683"><ele>1376.6</ele><time>2026-07-12T08:34:10Z</time></trkpt>
<trkpt lat="46.483536" lon="10.366590"><ele>1379.6</ele><time>2026-07-12T08:34:13Z</time></trkpt>
<trkpt lat="46.483633" lon="10.366534"><ele>1381.3</ele><time>2026-07-12T08:34:14Z</time></trkpt>
<trkpt lat="46.483714" lon="10.366459"><ele>1382.2</ele><time>2026-07-12T08:34:15Z</time></trkpt>
<trkpt lat="46.483781" lon="10.366355"><ele>1382.4</ele><time>2026-07-12T08:34:16Z</time></trkpt>
<trkpt lat="46.483847" lon="10.366214"><ele>1381.7</ele><time>2026-07-12T08:34:17Z</time></trkpt>
<trkpt lat="46.483922" lon="10.366038"><ele>1380.8</ele><time>2026-07-12T08:34:19Z</time></trkpt>
<trkpt lat="46.484022" lon="10.365812"><ele>1380.3</ele><time>2026-07-12T08:34:20Z</time></trkpt>
<trkpt lat="46.484082" lon="10.365728"><ele>1379.5</ele><time>2026-07-12T08:34:21Z</time></trkpt>
<trkpt lat="46.484150" lon="10.365658"><ele>1379.6</ele><time>2026-07-12T08:34:22Z</time></trkpt>
<trkpt lat="46.484242" lon="10.365610"><ele>1380.5</ele><time>2026-07-12T08:34:23Z</time></trkpt>
<trkpt lat="46.484319" lon="10.365596"><ele>1381.8</ele><time>2026-07-12T08:34:24Z</time></trkpt>
<trkpt lat="46.484381" lon="10.365595"><ele>1383.8</ele><time>2026-07-12T08:34:25Z</time></trkpt>
<trkpt lat="46.484509" lon="10.365621"><ele>1386.0</ele><time>2026-07-12T08:34:27Z</time></trkpt>
<trkpt lat="46.484622" lon="10.365654"><ele>1387.8</ele><time>2026-07-12T08:34:28Z</time></trkpt>
<trkpt lat="46.484912" lon="10.365739"><ele>1390.2</ele><time>2026-07-12T08:34:32Z</time></trkpt>
<trkpt lat="46.485127" lon="10.365804"><ele>1392.4</ele><time>2026-07-12T08:34:35Z</time></trkpt>
<trkpt lat="46.485153" lon="10.365812"><ele>1394.6</ele><time>2026-07-12T08:34:35Z</time></trkpt>
<trkpt lat="46.485199" lon="10.365826"><ele>1397.1</ele><time>2026-07-12T08:34:36Z</time></trkpt>
<trkpt lat="46.485252" lon="10.365848"><ele>1399.7</ele><time>2026-07-12T08:34:37Z</time></trkpt>
<trkpt lat="46.485542" lon="10.366088"><ele>1401.8</ele><time>2026-07-12T08:34:40Z</time></trkpt>
<trkpt lat="46.485742" lon="10.366260"><ele>1404.0</ele><time>2026-07-12T08:34:43Z</time></trkpt>
<trkpt lat="46.485794" lon="10.366293"><ele>1406.1</ele><time>2026-07-12T08:34:44Z</time></trkpt>
<trkpt lat="46.485843" lon="10.366312"><ele>1408.0</ele><time>2026-07-12T08:34:44Z</time></trkpt>
<trkpt lat="46.485895" lon="10.366317"><ele>1408.8</ele><time>2026-07-12T08:34:45Z</time></trkpt>
<trkpt lat="46.485952" lon="10.366308"><ele>1408.7</ele><time>2026-07-12T08:34:46Z</time></trkpt>
<trkpt lat="46.486015" lon="10.366275"><ele>1408.2</ele><time>2026-07-12T08:34:46Z</time></trkpt>
<trkpt lat="46.486270" lon="10.366046"><ele>1407.8</ele><time>2026-07-12T08:34:48Z</time></trkpt>
<trkpt lat="46.486638" lon="10.365721"><ele>1407.4</ele><time>2026-07-12T08:34:51Z</time></trkpt>
<trkpt lat="46.486819" lon="10.365552"><ele>1407.5</ele><time>2026-07-12T08:34:53Z</time></trkpt>
<trkpt lat="46.486999" lon="10.365394"><ele>1407.8</ele><time>2026-07-12T08:34:55Z</time></trkpt>
<trkpt lat="46.487237" lon="10.365210"><ele>1409.3</ele><time>2026-07-12T08:34:57Z</time></trkpt>
<trkpt lat="46.487386" lon="10.365116"><ele>1410.8</ele><time>2026-07-12T08:34:59Z</time></trkpt>
<trkpt lat="46.487510" lon="10.365040"><ele>1412.5</ele><time>2026-07-12T08:35:01Z</time></trkpt>
<trkpt lat="46.487936" lon="10.364770"><ele>1414.8</ele><time>2026-07-12T08:35:06Z</time></trkpt>
<trkpt lat="46.488066" lon="10.364709"><ele>1417.1</ele><time>2026-07-12T08:35:07Z</time></trkpt>
<trkpt lat="46.488149" lon="10.364692"><ele>1419.1</ele><time>2026-07-12T08:35:08Z</time></trkpt>
<trkpt lat="46.488446" lon="10.364706"><ele>1421.5</ele><time>2026-07-12T08:35:12Z</time></trkpt>
<trkpt lat="46.488576" lon="10.364714"><ele>1423.0</ele><time>2026-07-12T08:35:14Z</time></trkpt>
<trkpt lat="46.488660" lon="10.364717"><ele>1425.0</ele><time>2026-07-12T08:35:15Z</time></trkpt>
<trkpt lat="46.488733" lon="10.364698"><ele>1426.6</ele><time>2026-07-12T08:35:16Z</time></trkpt>
<trkpt lat="46.488856" lon="10.364682"><ele>1427.7</ele><time>2026-07-12T08:35:18Z</time></trkpt>
<trkpt lat="46.489011" lon="10.364618"><ele>1428.6</ele><time>2026-07-12T08:35:19Z</time></trkpt>
<trkpt lat="46.489231" lon="10.364510"><ele>1429.5</ele><time>2026-07-12T08:35:22Z</time></trkpt>
<trkpt lat="46.489317" lon="10.364477"><ele>1430.6</ele><time>2026-07-12T08:35:23Z</time></trkpt>
<trkpt lat="46.489388" lon="10.364471"><ele>1431.7</ele><time>2026-07-12T08:35:24Z</time></trkpt>
<trkpt lat="46.489647" lon="10.364459"><ele>1432.3</ele><time>2026-07-12T08:35:26Z</time></trkpt>
<trkpt lat="46.489783" lon="10.364430"><ele>1433.4</ele><time>2026-07-12T08:35:28Z</time></trkpt>
<trkpt lat="46.489925" lon="10.364403"><ele>1435.0</ele><time>2026-07-12T08:35:29Z</time></trkpt>
<trkpt lat="46.490081" lon="10.364361"><ele>1436.5</ele><time>2026-07-12T08:35:32Z</time></trkpt>
<trkpt lat="46.490234" lon="10.364303"><ele>1438.2</ele><time>2026-07-12T08:35:34Z</time></trkpt>
<trkpt lat="46.490374" lon="10.364249"><ele>1439.4</ele><time>2026-07-12T08:35:36Z</time></trkpt>
<trkpt lat="46.490566" lon="10.364166"><ele>1440.4</ele><time>2026-07-12T08:35:38Z</time></trkpt>
<trkpt lat="46.490692" lon="10.364109"><ele>1442.4</ele><time>2026-07-12T08:35:39Z</time></trkpt>
<trkpt lat="46.490785" lon="10.364040"><ele>1444.2</ele><time>2026-07-12T08:35:41Z</time></trkpt>
<trkpt lat="46.490822" lon="10.364003"><ele>1445.3</ele><time>2026-07-12T08:35:41Z</time></trkpt>
<trkpt lat="46.490837" lon="10.363989"><ele>1447.0</ele><time>2026-07-12T08:35:42Z</time></trkpt>
<trkpt lat="46.490874" lon="10.363941"><ele>1448.2</ele><time>2026-07-12T08:35:42Z</time></trkpt>
<trkpt lat="46.490882" lon="10.363931"><ele>1448.9</ele><time>2026-07-12T08:35:42Z</time></trkpt>
<trkpt lat="46.491086" lon="10.363616"><ele>1450.5</ele><time>2026-07-12T08:35:45Z</time></trkpt>
<trkpt lat="46.491097" lon="10.363590"><ele>1451.8</ele><time>2026-07-12T08:35:45Z</time></trkpt>
<trkpt lat="46.491143" lon="10.363521"><ele>1452.6</ele><time>2026-07-12T08:35:46Z</time></trkpt>
<trkpt lat="46.491217" lon="10.363407"><ele>1454.1</ele><time>2026-07-12T08:35:48Z</time></trkpt>
<trkpt lat="46.491457" lon="10.363040"><ele>1454.5</ele><time>2026-07-12T08:35:50Z</time></trkpt>
<trkpt lat="46.491537" lon="10.362911"><ele>1455.7</ele><time>2026-07-12T08:35:52Z</time></trkpt>
<trkpt lat="46.491541" lon="10.362904"><ele>1457.5</ele><time>2026-07-12T08:35:52Z</time></trkpt>
<trkpt lat="46.491592" lon="10.362826"><ele>1457.6</ele><time>2026-07-12T08:35:53Z</time></trkpt>
<trkpt lat="46.491660" lon="10.362718"><ele>1457.0</ele><time>2026-07-12T08:35:53Z</time></trkpt>
<trkpt lat="46.491800" lon="10.362512"><ele>1457.6</ele><time>2026-07-12T08:35:55Z</time></trkpt>
<trkpt lat="46.491864" lon="10.362409"><ele>1457.5</ele><time>2026-07-12T08:35:56Z</time></trkpt>
<trkpt lat="46.491954" lon="10.362302"><ele>1458.5</ele><time>2026-07-12T08:35:57Z</time></trkpt>
<trkpt lat="46.492015" lon="10.362261"><ele>1458.7</ele><time>2026-07-12T08:35:58Z</time></trkpt>
<trkpt lat="46.492083" lon="10.362241"><ele>1459.6</ele><time>2026-07-12T08:35:59Z</time></trkpt>
<trkpt lat="46.492165" lon="10.362243"><ele>1462.7</ele><time>2026-07-12T08:36:00Z</time></trkpt>
<trkpt lat="46.492224" lon="10.362275"><ele>1465.8</ele><time>2026-07-12T08:36:01Z</time></trkpt>
<trkpt lat="46.492306" lon="10.362322"><ele>1468.4</ele><time>2026-07-12T08:36:02Z</time></trkpt>
<trkpt lat="46.492393" lon="10.362356"><ele>1471.0</ele><time>2026-07-12T08:36:03Z</time></trkpt>
<trkpt lat="46.492457" lon="10.362340"><ele>1473.5</ele><time>2026-07-12T08:36:04Z</time></trkpt>
<trkpt lat="46.492514" lon="10.362295"><ele>1476.9</ele><time>2026-07-12T08:36:05Z</time></trkpt>
<trkpt lat="46.492672" lon="10.362060"><ele>1479.0</ele><time>2026-07-12T08:36:08Z</time></trkpt>
<trkpt lat="46.492896" lon="10.361698"><ele>1479.7</ele><time>2026-07-12T08:36:10Z</time></trkpt>
<trkpt lat="46.493106" lon="10.361363"><ele>1480.0</ele><time>2026-07-12T08:36:12Z</time></trkpt>
<trkpt lat="46.493164" lon="10.361257"><ele>1479.8</ele><time>2026-07-12T08:36:13Z</time></trkpt>
<trkpt lat="46.493176" lon="10.361143"><ele>1479.2</ele><time>2026-07-12T08:36:14Z</time></trkpt>
<trkpt lat="46.493173" lon="10.361033"><ele>1477.6</ele><time>2026-07-12T08:36:15Z</time></trkpt>
<trkpt lat="46.493139" lon="10.360888"><ele>1475.1</ele><time>2026-07-12T08:36:17Z</time></trkpt>
<trkpt lat="46.493100" lon="10.360724"><ele>1472.8</ele><time>2026-07-12T08:36:18Z</time></trkpt>
<trkpt lat="46.493103" lon="10.360611"><ele>1471.3</ele><time>2026-07-12T08:36:19Z</time></trkpt>
<trkpt lat="46.493126" lon="10.360524"><ele>1470.6</ele><time>2026-07-12T08:36:20Z</time></trkpt>
<trkpt lat="46.493170" lon="10.360430"><ele>1471.2</ele><time>2026-07-12T08:36:21Z</time></trkpt>
<trkpt lat="46.493248" lon="10.360335"><ele>1473.6</ele><time>2026-07-12T08:36:22Z</time></trkpt>
<trkpt lat="46.493351" lon="10.360244"><ele>1476.6</ele><time>2026-07-12T08:36:24Z</time></trkpt>
<trkpt lat="46.493647" lon="10.360064"><ele>1479.6</ele><time>2026-07-12T08:36:28Z</time></trkpt>
<trkpt lat="46.493798" lon="10.359958"><ele>1483.6</ele><time>2026-07-12T08:36:31Z</time></trkpt>
<trkpt lat="46.493923" lon="10.359851"><ele>1487.7</ele><time>2026-07-12T08:36:32Z</time></trkpt>
<trkpt lat="46.493948" lon="10.359831"><ele>1491.7</ele><time>2026-07-12T08:36:33Z</time></trkpt>
<trkpt lat="46.494235" lon="10.359602"><ele>1494.7</ele><time>2026-07-12T08:36:37Z</time></trkpt>
<trkpt lat="46.494428" lon="10.359424"><ele>1496.5</ele><time>2026-07-12T08:36:40Z</time></trkpt>
<trkpt lat="46.494571" lon="10.359264"><ele>1498.1</ele><time>2026-07-12T08:36:43Z</time></trkpt>
<trkpt lat="46.494717" lon="10.359080"><ele>1500.3</ele><time>2026-07-12T08:36:45Z</time></trkpt>
<trkpt lat="46.494911" lon="10.358839"><ele>1501.9</ele><time>2026-07-12T08:36:48Z</time></trkpt>
<trkpt lat="46.495037" lon="10.358703"><ele>1503.1</ele><time>2026-07-12T08:36:50Z</time></trkpt>
<trkpt lat="46.495093" lon="10.358650"><ele>1504.8</ele><time>2026-07-12T08:36:51Z</time></trkpt>
<trkpt lat="46.495157" lon="10.358619"><ele>1507.0</ele><time>2026-07-12T08:36:52Z</time></trkpt>
<trkpt lat="46.495287" lon="10.358620"><ele>1508.3</ele><time>2026-07-12T08:36:53Z</time></trkpt>
<trkpt lat="46.495397" lon="10.358618"><ele>1510.4</ele><time>2026-07-12T08:36:55Z</time></trkpt>
<trkpt lat="46.495472" lon="10.358595"><ele>1511.4</ele><time>2026-07-12T08:36:56Z</time></trkpt>
<trkpt lat="46.495537" lon="10.358548"><ele>1511.9</ele><time>2026-07-12T08:36:57Z</time></trkpt>
<trkpt lat="46.495584" lon="10.358514"><ele>1512.4</ele><time>2026-07-12T08:36:57Z</time></trkpt>
<trkpt lat="46.495690" lon="10.358383"><ele>1511.1</ele><time>2026-07-12T08:36:59Z</time></trkpt>
<trkpt lat="46.495886" lon="10.358122"><ele>1509.7</ele><time>2026-07-12T08:37:02Z</time></trkpt>
<trkpt lat="46.495948" lon="10.358055"><ele>1509.3</ele><time>2026-07-12T08:37:03Z</time></trkpt>
<trkpt lat="46.495998" lon="10.358021"><ele>1508.2</ele><time>2026-07-12T08:37:03Z</time></trkpt>
<trkpt lat="46.496043" lon="10.358006"><ele>1509.7</ele><time>2026-07-12T08:37:04Z</time></trkpt>
<trkpt lat="46.496084" lon="10.358008"><ele>1512.0</ele><time>2026-07-12T08:37:05Z</time></trkpt>
<trkpt lat="46.496139" lon="10.358012"><ele>1514.2</ele><time>2026-07-12T08:37:05Z</time></trkpt>
<trkpt lat="46.496301" lon="10.358077"><ele>1517.5</ele><time>2026-07-12T08:37:07Z</time></trkpt>
<trkpt lat="46.496440" lon="10.358118"><ele>1520.3</ele><time>2026-07-12T08:37:09Z</time></trkpt>
<trkpt lat="46.496510" lon="10.358126"><ele>1523.5</ele><time>2026-07-12T08:37:10Z</time></trkpt>
<trkpt lat="46.496578" lon="10.358106"><ele>1525.4</ele><time>2026-07-12T08:37:11Z</time></trkpt>
<trkpt lat="46.496609" lon="10.358084"><ele>1524.4</ele><time>2026-07-12T08:37:12Z</time></trkpt>
<trkpt lat="46.496640" lon="10.358052"><ele>1523.1</ele><time>2026-07-12T08:37:12Z</time></trkpt>
<trkpt lat="46.496702" lon="10.357955"><ele>1521.6</ele><time>2026-07-12T08:37:13Z</time></trkpt>
<trkpt lat="46.496757" lon="10.357866"><ele>1520.1</ele><time>2026-07-12T08:37:15Z</time></trkpt>
<trkpt lat="46.496799" lon="10.357823"><ele>1518.8</ele><time>2026-07-12T08:37:15Z</time></trkpt>
<trkpt lat="46.496865" lon="10.357785"><ele>1517.2</ele><time>2026-07-12T08:37:16Z</time></trkpt>
<trkpt lat="46.496909" lon="10.357776"><ele>1517.1</ele><time>2026-07-12T08:37:16Z</time></trkpt>
<trkpt lat="46.496988" lon="10.357766"><ele>1518.0</ele><time>2026-07-12T08:37:18Z</time></trkpt>
<trkpt lat="46.497101" lon="10.357784"><ele>1519.1</ele><time>2026-07-12T08:37:19Z</time></trkpt>
<trkpt lat="46.497243" lon="10.357814"><ele>1520.0</ele><time>2026-07-12T08:37:21Z</time></trkpt>
<trkpt lat="46.497448" lon="10.357838"><ele>1521.5</ele><time>2026-07-12T08:37:24Z</time></trkpt>
<trkpt lat="46.497601" lon="10.357828"><ele>1523.6</ele><time>2026-07-12T08:37:26Z</time></trkpt>
<trkpt lat="46.497778" lon="10.357805"><ele>1527.1</ele><time>2026-07-12T08:37:28Z</time></trkpt>
<trkpt lat="46.497979" lon="10.357785"><ele>1531.2</ele><time>2026-07-12T08:37:31Z</time></trkpt>
<trkpt lat="46.498188" lon="10.357764"><ele>1534.0</ele><time>2026-07-12T08:37:34Z</time></trkpt>
<trkpt lat="46.498523" lon="10.357727"><ele>1537.3</ele><time>2026-07-12T08:37:38Z</time></trkpt>
<trkpt lat="46.498697" lon="10.357708"><ele>1541.1</ele><time>2026-07-12T08:37:40Z</time></trkpt>
<trkpt lat="46.498851" lon="10.357693"><ele>1545.0</ele><time>2026-07-12T08:37:42Z</time></trkpt>
<trkpt lat="46.498958" lon="10.357680"><ele>1548.0</ele><time>2026-07-12T08:37:44Z</time></trkpt>
<trkpt lat="46.499054" lon="10.357656"><ele>1547.4</ele><time>2026-07-12T08:37:45Z</time></trkpt>
<trkpt lat="46.499120" lon="10.357623"><ele>1545.5</ele><time>2026-07-12T08:37:46Z</time></trkpt>
<trkpt lat="46.499184" lon="10.357566"><ele>1543.9</ele><time>2026-07-12T08:37:47Z</time></trkpt>
<trkpt lat="46.499424" lon="10.357266"><ele>1541.6</ele><time>2026-07-12T08:37:51Z</time></trkpt>
<trkpt lat="46.499659" lon="10.357020"><ele>1539.3</ele><time>2026-07-12T08:37:55Z</time></trkpt>
<trkpt lat="46.499735" lon="10.356954"><ele>1535.7</ele><time>2026-07-12T08:37:56Z</time></trkpt>
<trkpt lat="46.499802" lon="10.356915"><ele>1532.4</ele><time>2026-07-12T08:37:57Z</time></trkpt>
<trkpt lat="46.499929" lon="10.356865"><ele>1531.6</ele><time>2026-07-12T08:37:59Z</time></trkpt>
<trkpt lat="46.500053" lon="10.356811"><ele>1530.6</ele><time>2026-07-12T08:38:00Z</time></trkpt>
<trkpt lat="46.500235" lon="10.356735"><ele>1531.0</ele><time>2026-07-12T08:38:02Z</time></trkpt>
<trkpt lat="46.500393" lon="10.356684"><ele>1532.8</ele><time>2026-07-12T08:38:04Z</time></trkpt>
<trkpt lat="46.500457" lon="10.356669"><ele>1534.3</ele><time>2026-07-12T08:38:05Z</time></trkpt>
<trkpt lat="46.500689" lon="10.356654"><ele>1537.1</ele><time>2026-07-12T08:38:08Z</time></trkpt>
<trkpt lat="46.500877" lon="10.356675"><ele>1540.0</ele><time>2026-07-12T08:38:10Z</time></trkpt>
<trkpt lat="46.501081" lon="10.356726"><ele>1542.8</ele><time>2026-07-12T08:38:13Z</time></trkpt>
<trkpt lat="46.501299" lon="10.356767"><ele>1546.5</ele><time>2026-07-12T08:38:16Z</time></trkpt>
<trkpt lat="46.501466" lon="10.356782"><ele>1549.8</ele><time>2026-07-12T08:38:18Z</time></trkpt>
<trkpt lat="46.501661" lon="10.356790"><ele>1551.7</ele><time>2026-07-12T08:38:21Z</time></trkpt>
<trkpt lat="46.501768" lon="10.356781"><ele>1553.5</ele><time>2026-07-12T08:38:22Z</time></trkpt>
<trkpt lat="46.501866" lon="10.356765"><ele>1553.6</ele><time>2026-07-12T08:38:23Z</time></trkpt>
<trkpt lat="46.501994" lon="10.356727"><ele>1552.3</ele><time>2026-07-12T08:38:25Z</time></trkpt>
<trkpt lat="46.502106" lon="10.356678"><ele>1550.8</ele><time>2026-07-12T08:38:26Z</time></trkpt>
<trkpt lat="46.502202" lon="10.356616"><ele>1549.1</ele><time>2026-07-12T08:38:28Z</time></trkpt>
<trkpt lat="46.502403" lon="10.356445"><ele>1547.2</ele><time>2026-07-12T08:38:31Z</time></trkpt>
<trkpt lat="46.502505" lon="10.356371"><ele>1545.2</ele><time>2026-07-12T08:38:32Z</time></trkpt>
<trkpt lat="46.502553" lon="10.356338"><ele>1542.9</ele><time>2026-07-12T08:38:33Z</time></trkpt>
<trkpt lat="46.502595" lon="10.356332"><ele>1541.6</ele><time>2026-07-12T08:38:34Z</time></trkpt>
<trkpt lat="46.502689" lon="10.356337"><ele>1541.1</ele><time>2026-07-12T08:38:35Z</time></trkpt>
<trkpt lat="46.502816" lon="10.356364"><ele>1540.4</ele><time>2026-07-12T08:38:36Z</time></trkpt>
<trkpt lat="46.502917" lon="10.356392"><ele>1540.4</ele><time>2026-07-12T08:38:37Z</time></trkpt>
<trkpt lat="46.503016" lon="10.356435"><ele>1540.4</ele><time>2026-07-12T08:38:37Z</time></trkpt>
<trkpt lat="46.503102" lon="10.356494"><ele>1540.4</ele><time>2026-07-12T08:38:38Z</time></trkpt>
<trkpt lat="46.503165" lon="10.356556"><ele>1541.6</ele><time>2026-07-12T08:38:39Z</time></trkpt>
<trkpt lat="46.503201" lon="10.356610"><ele>1543.4</ele><time>2026-07-12T08:38:40Z</time></trkpt>
<trkpt lat="46.503221" lon="10.356663"><ele>1545.3</ele><time>2026-07-12T08:38:40Z</time></trkpt>
<trkpt lat="46.503233" lon="10.356716"><ele>1548.1</ele><time>2026-07-12T08:38:41Z</time></trkpt>
<trkpt lat="46.503251" lon="10.356902"><ele>1550.3</ele><time>2026-07-12T08:38:42Z</time></trkpt>
<trkpt lat="46.503260" lon="10.356955"><ele>1553.4</ele><time>2026-07-12T08:38:43Z</time></trkpt>
<trkpt lat="46.503280" lon="10.357066"><ele>1556.2</ele><time>2026-07-12T08:38:44Z</time></trkpt>
<trkpt lat="46.503332" lon="10.357187"><ele>1558.8</ele><time>2026-07-12T08:38:45Z</time></trkpt>
<trkpt lat="46.504131" lon="10.358787"><ele>1561.2</ele><time>2026-07-12T08:38:55Z</time></trkpt>
<trkpt lat="46.504430" lon="10.359362"><ele>1564.7</ele><time>2026-07-12T08:39:02Z</time></trkpt>
<trkpt lat="46.504714" lon="10.359889"><ele>1567.6</ele><time>2026-07-12T08:39:06Z</time></trkpt>
<trkpt lat="46.504868" lon="10.360106"><ele>1570.7</ele><time>2026-07-12T08:39:09Z</time></trkpt>
<trkpt lat="46.505124" lon="10.360464"><ele>1572.8</ele><time>2026-07-12T08:39:13Z</time></trkpt>
<trkpt lat="46.505596" lon="10.361125"><ele>1575.2</ele><time>2026-07-12T08:39:19Z</time></trkpt>
<trkpt lat="46.505622" lon="10.361172"><ele>1576.9</ele><time>2026-07-12T08:39:19Z</time></trkpt>
<trkpt lat="46.505626" lon="10.361191"><ele>1578.3</ele><time>2026-07-12T08:39:19Z</time></trkpt>
<trkpt lat="46.505629" lon="10.361212"><ele>1578.7</ele><time>2026-07-12T08:39:20Z</time></trkpt>
<trkpt lat="46.505629" lon="10.361233"><ele>1578.8</ele><time>2026-07-12T08:39:20Z</time></trkpt>
<trkpt lat="46.505627" lon="10.361251"><ele>1578.8</ele><time>2026-07-12T08:39:20Z</time></trkpt>
<trkpt lat="46.505621" lon="10.361271"><ele>1579.3</ele><time>2026-07-12T08:39:20Z</time></trkpt>
<trkpt lat="46.505613" lon="10.361286"><ele>1579.9</ele><time>2026-07-12T08:39:20Z</time></trkpt>
<trkpt lat="46.505604" lon="10.361295"><ele>1580.5</ele><time>2026-07-12T08:39:20Z</time></trkpt>
<trkpt lat="46.505594" lon="10.361303"><ele>1581.1</ele><time>2026-07-12T08:39:21Z</time></trkpt>
<trkpt lat="46.505583" lon="10.361306"><ele>1581.7</ele><time>2026-07-12T08:39:21Z</time></trkpt>
<trkpt lat="46.505567" lon="10.361309"><ele>1582.3</ele><time>2026-07-12T08:39:21Z</time></trkpt>
<trkpt lat="46.505552" lon="10.361307"><ele>1582.7</ele><time>2026-07-12T08:39:21Z</time></trkpt>
<trkpt lat="46.505539" lon="10.361297"><ele>1582.7</ele><time>2026-07-12T08:39:21Z</time></trkpt>
<trkpt lat="46.505514" lon="10.361264"><ele>1582.3</ele><time>2026-07-12T08:39:22Z</time></trkpt>
<trkpt lat="46.505364" lon="10.361050"><ele>1582.0</ele><time>2026-07-12T08:39:23Z</time></trkpt>
<trkpt lat="46.505203" lon="10.360853"><ele>1581.7</ele><time>2026-07-12T08:39:25Z</time></trkpt>
<trkpt lat="46.505044" lon="10.360680"><ele>1581.3</ele><time>2026-07-12T08:39:26Z</time></trkpt>
<trkpt lat="46.504738" lon="10.360329"><ele>1580.9</ele><time>2026-07-12T08:39:29Z</time></trkpt>
<trkpt lat="46.504622" lon="10.360183"><ele>1580.7</ele><time>2026-07-12T08:39:30Z</time></trkpt>
<trkpt lat="46.504589" lon="10.360144"><ele>1580.3</ele><time>2026-07-12T08:39:31Z</time></trkpt>
<trkpt lat="46.504576" lon="10.360135"><ele>1580.8</ele><time>2026-07-12T08:39:31Z</time></trkpt>
<trkpt lat="46.504560" lon="10.360133"><ele>1581.2</ele><time>2026-07-12T08:39:31Z</time></trkpt>
<trkpt lat="46.504546" lon="10.360134"><ele>1581.7</ele><time>2026-07-12T08:39:31Z</time></trkpt>
<trkpt lat="46.504532" lon="10.360139"><ele>1582.3</ele><time>2026-07-12T08:39:31Z</time></trkpt>
<trkpt lat="46.504520" lon="10.360147"><ele>1582.8</ele><time>2026-07-12T08:39:32Z</time></trkpt>
<trkpt lat="46.504506" lon="10.360164"><ele>1583.3</ele><time>2026-07-12T08:39:32Z</time></trkpt>
<trkpt lat="46.504499" lon="10.360178"><ele>1583.8</ele><time>2026-07-12T08:39:32Z</time></trkpt>
<trkpt lat="46.504496" lon="10.360198"><ele>1583.8</ele><time>2026-07-12T08:39:32Z</time></trkpt>
<trkpt lat="46.504494" lon="10.360220"><ele>1584.5</ele><time>2026-07-12T08:39:32Z</time></trkpt>
<trkpt lat="46.504495" lon="10.360237"><ele>1584.6</ele><time>2026-07-12T08:39:33Z</time></trkpt>
<trkpt lat="46.504501" lon="10.360265"><ele>1584.8</ele><time>2026-07-12T08:39:33Z</time></trkpt>
<trkpt lat="46.504511" lon="10.360294"><ele>1586.3</ele><time>2026-07-12T08:39:33Z</time></trkpt>
<trkpt lat="46.504620" lon="10.360433"><ele>1588.6</ele><time>2026-07-12T08:39:35Z</time></trkpt>
<trkpt lat="46.504726" lon="10.360580"><ele>1591.6</ele><time>2026-07-12T08:39:37Z</time></trkpt>
<trkpt lat="46.505093" lon="10.361252"><ele>1594.5</ele><time>2026-07-12T08:39:43Z</time></trkpt>
<trkpt lat="46.505381" lon="10.361750"><ele>1596.9</ele><time>2026-07-12T08:39:47Z</time></trkpt>
<trkpt lat="46.505468" lon="10.361932"><ele>1600.4</ele><time>2026-07-12T08:39:49Z</time></trkpt>
<trkpt lat="46.505548" lon="10.362122"><ele>1604.9</ele><time>2026-07-12T08:39:51Z</time></trkpt>
<trkpt lat="46.505651" lon="10.362401"><ele>1609.0</ele><time>2026-07-12T08:39:54Z</time></trkpt>
<trkpt lat="46.505768" lon="10.362778"><ele>1613.3</ele><time>2026-07-12T08:39:58Z</time></trkpt>
<trkpt lat="46.506193" lon="10.364004"><ele>1616.2</ele><time>2026-07-12T08:40:04Z</time></trkpt>
<trkpt lat="46.506223" lon="10.364101"><ele>1620.3</ele><time>2026-07-12T08:40:05Z</time></trkpt>
<trkpt lat="46.506265" lon="10.364234"><ele>1624.2</ele><time>2026-07-12T08:40:07Z</time></trkpt>
<trkpt lat="46.506309" lon="10.364356"><ele>1627.7</ele><time>2026-07-12T08:40:08Z</time></trkpt>
<trkpt lat="46.506358" lon="10.364468"><ele>1630.5</ele><time>2026-07-12T08:40:09Z</time></trkpt>
<trkpt lat="46.506415" lon="10.364565"><ele>1632.5</ele><time>2026-07-12T08:40:10Z</time></trkpt>
<trkpt lat="46.506476" lon="10.364657"><ele>1633.4</ele><time>2026-07-12T08:40:12Z</time></trkpt>
<trkpt lat="46.506558" lon="10.364761"><ele>1635.2</ele><time>2026-07-12T08:40:13Z</time></trkpt>
<trkpt lat="46.506642" lon="10.364880"><ele>1635.9</ele><time>2026-07-12T08:40:14Z</time></trkpt>
<trkpt lat="46.506678" lon="10.364944"><ele>1637.6</ele><time>2026-07-12T08:40:15Z</time></trkpt>
<trkpt lat="46.506713" lon="10.365016"><ele>1639.7</ele><time>2026-07-12T08:40:16Z</time></trkpt>
<trkpt lat="46.506817" lon="10.365239"><ele>1640.4</ele><time>2026-07-12T08:40:18Z</time></trkpt>
<trkpt lat="46.506937" lon="10.365467"><ele>1641.7</ele><time>2026-07-12T08:40:19Z</time></trkpt>
<trkpt lat="46.507219" lon="10.366064"><ele>1642.1</ele><time>2026-07-12T08:40:23Z</time></trkpt>
<trkpt lat="46.507510" lon="10.366549"><ele>1642.4</ele><time>2026-07-12T08:40:26Z</time></trkpt>
<trkpt lat="46.507591" lon="10.366659"><ele>1642.7</ele><time>2026-07-12T08:40:27Z</time></trkpt>
<trkpt lat="46.507651" lon="10.366720"><ele>1642.5</ele><time>2026-07-12T08:40:28Z</time></trkpt>
<trkpt lat="46.507694" lon="10.366767"><ele>1641.8</ele><time>2026-07-12T08:40:28Z</time></trkpt>
<trkpt lat="46.507710" lon="10.366790"><ele>1641.1</ele><time>2026-07-12T08:40:29Z</time></trkpt>
<trkpt lat="46.507721" lon="10.366814"><ele>1639.9</ele><time>2026-07-12T08:40:29Z</time></trkpt>
<trkpt lat="46.507726" lon="10.366834"><ele>1640.4</ele><time>2026-07-12T08:40:29Z</time></trkpt>
<trkpt lat="46.507730" lon="10.366857"><ele>1640.8</ele><time>2026-07-12T08:40:29Z</time></trkpt>
<trkpt lat="46.507729" lon="10.366876"><ele>1641.2</ele><time>2026-07-12T08:40:29Z</time></trkpt>
<trkpt lat="46.507726" lon="10.366894"><ele>1641.2</ele><time>2026-07-12T08:40:30Z</time></trkpt>
<trkpt lat="46.507721" lon="10.366910"><ele>1641.2</ele><time>2026-07-12T08:40:30Z</time></trkpt>
<trkpt lat="46.507713" lon="10.366926"><ele>1642.1</ele><time>2026-07-12T08:40:30Z</time></trkpt>
<trkpt lat="46.507699" lon="10.366940"><ele>1642.9</ele><time>2026-07-12T08:40:30Z</time></trkpt>
<trkpt lat="46.507688" lon="10.366945"><ele>1642.9</ele><time>2026-07-12T08:40:30Z</time></trkpt>
<trkpt lat="46.507671" lon="10.366945"><ele>1642.9</ele><time>2026-07-12T08:40:30Z</time></trkpt>
<trkpt lat="46.507656" lon="10.366940"><ele>1643.7</ele><time>2026-07-12T08:40:30Z</time></trkpt>
<trkpt lat="46.507640" lon="10.366930"><ele>1645.0</ele><time>2026-07-12T08:40:31Z</time></trkpt>
<trkpt lat="46.507623" lon="10.366915"><ele>1647.2</ele><time>2026-07-12T08:40:31Z</time></trkpt>
<trkpt lat="46.507607" lon="10.366891"><ele>1650.0</ele><time>2026-07-12T08:40:31Z</time></trkpt>
<trkpt lat="46.507474" lon="10.366680"><ele>1652.9</ele><time>2026-07-12T08:40:34Z</time></trkpt>
<trkpt lat="46.507115" lon="10.366266"><ele>1655.8</ele><time>2026-07-12T08:40:38Z</time></trkpt>
<trkpt lat="46.506776" lon="10.365707"><ele>1658.6</ele><time>2026-07-12T08:40:43Z</time></trkpt>
<trkpt lat="46.506755" lon="10.365687"><ele>1660.7</ele><time>2026-07-12T08:40:43Z</time></trkpt>
<trkpt lat="46.506740" lon="10.365680"><ele>1662.3</ele><time>2026-07-12T08:40:44Z</time></trkpt>
<trkpt lat="46.506726" lon="10.365679"><ele>1662.9</ele><time>2026-07-12T08:40:44Z</time></trkpt>
<trkpt lat="46.506711" lon="10.365685"><ele>1662.9</ele><time>2026-07-12T08:40:44Z</time></trkpt>
<trkpt lat="46.506697" lon="10.365700"><ele>1662.9</ele><time>2026-07-12T08:40:44Z</time></trkpt>
<trkpt lat="46.506686" lon="10.365719"><ele>1663.7</ele><time>2026-07-12T08:40:44Z</time></trkpt>
<trkpt lat="46.506683" lon="10.365738"><ele>1664.5</ele><time>2026-07-12T08:40:45Z</time></trkpt>
<trkpt lat="46.506682" lon="10.365770"><ele>1665.1</ele><time>2026-07-12T08:40:45Z</time></trkpt>
<trkpt lat="46.506687" lon="10.365793"><ele>1665.2</ele><time>2026-07-12T08:40:45Z</time></trkpt>
<trkpt lat="46.506701" lon="10.365829"><ele>1665.4</ele><time>2026-07-12T08:40:45Z</time></trkpt>
<trkpt lat="46.506871" lon="10.366080"><ele>1665.5</ele><time>2026-07-12T08:40:47Z</time></trkpt>
<trkpt lat="46.507549" lon="10.367500"><ele>1665.5</ele><time>2026-07-12T08:40:56Z</time></trkpt>
<trkpt lat="46.507593" lon="10.367588"><ele>1669.5</ele><time>2026-07-12T08:40:57Z</time></trkpt>
<trkpt lat="46.507617" lon="10.367680"><ele>1673.4</ele><time>2026-07-12T08:40:58Z</time></trkpt>
<trkpt lat="46.507615" lon="10.367769"><ele>1677.0</ele><time>2026-07-12T08:40:58Z</time></trkpt>
<trkpt lat="46.507590" lon="10.368601"><ele>1681.5</ele><time>2026-07-12T08:41:06Z</time></trkpt>
<trkpt lat="46.507600" lon="10.368681"><ele>1685.1</ele><time>2026-07-12T08:41:07Z</time></trkpt>
<trkpt lat="46.507614" lon="10.368742"><ele>1689.1</ele><time>2026-07-12T08:41:07Z</time></trkpt>
<trkpt lat="46.507715" lon="10.368968"><ele>1692.2</ele><time>2026-07-12T08:41:10Z</time></trkpt>
<trkpt lat="46.507756" lon="10.369076"><ele>1691.0</ele><time>2026-07-12T08:41:11Z</time></trkpt>
<trkpt lat="46.507827" lon="10.369345"><ele>1690.0</ele><time>2026-07-12T08:41:13Z</time></trkpt>
<trkpt lat="46.507855" lon="10.369456"><ele>1688.6</ele><time>2026-07-12T08:41:14Z</time></trkpt>
<trkpt lat="46.507880" lon="10.369551"><ele>1686.8</ele><time>2026-07-12T08:41:15Z</time></trkpt>
<trkpt lat="46.507956" lon="10.369741"><ele>1686.9</ele><time>2026-07-12T08:41:16Z</time></trkpt>
<trkpt lat="46.507968" lon="10.369782"><ele>1687.1</ele><time>2026-07-12T08:41:16Z</time></trkpt>
<trkpt lat="46.507972" lon="10.369828"><ele>1689.0</ele><time>2026-07-12T08:41:17Z</time></trkpt>
<trkpt lat="46.507956" lon="10.369906"><ele>1691.6</ele><time>2026-07-12T08:41:18Z</time></trkpt>
<trkpt lat="46.507873" lon="10.370087"><ele>1694.4</ele><time>2026-07-12T08:41:20Z</time></trkpt>
<trkpt lat="46.507821" lon="10.370201"><ele>1698.8</ele><time>2026-07-12T08:41:21Z</time></trkpt>
<trkpt lat="46.507774" lon="10.370468"><ele>1702.4</ele><time>2026-07-12T08:41:23Z</time></trkpt>
<trkpt lat="46.507795" lon="10.370622"><ele>1704.8</ele><time>2026-07-12T08:41:25Z</time></trkpt>
<trkpt lat="46.507836" lon="10.370774"><ele>1705.3</ele><time>2026-07-12T08:41:26Z</time></trkpt>
<trkpt lat="46.507897" lon="10.370884"><ele>1704.9</ele><time>2026-07-12T08:41:27Z</time></trkpt>
<trkpt lat="46.507976" lon="10.370982"><ele>1703.5</ele><time>2026-07-12T08:41:28Z</time></trkpt>
<trkpt lat="46.508494" lon="10.371233"><ele>1701.5</ele><time>2026-07-12T08:41:33Z</time></trkpt>
<trkpt lat="46.508693" lon="10.371273"><ele>1698.5</ele><time>2026-07-12T08:41:36Z</time></trkpt>
<trkpt lat="46.508801" lon="10.371314"><ele>1697.0</ele><time>2026-07-12T08:41:38Z</time></trkpt>
<trkpt lat="46.508886" lon="10.371377"><ele>1696.0</ele><time>2026-07-12T08:41:39Z</time></trkpt>
<trkpt lat="46.508928" lon="10.371426"><ele>1696.8</ele><time>2026-07-12T08:41:40Z</time></trkpt>
<trkpt lat="46.508981" lon="10.371490"><ele>1698.0</ele><time>2026-07-12T08:41:40Z</time></trkpt>
<trkpt lat="46.509065" lon="10.371613"><ele>1699.3</ele><time>2026-07-12T08:41:42Z</time></trkpt>
<trkpt lat="46.509214" lon="10.371849"><ele>1700.9</ele><time>2026-07-12T08:41:45Z</time></trkpt>
<trkpt lat="46.509306" lon="10.371984"><ele>1702.9</ele><time>2026-07-12T08:41:47Z</time></trkpt>
<trkpt lat="46.509340" lon="10.372034"><ele>1704.4</ele><time>2026-07-12T08:41:47Z</time></trkpt>
<trkpt lat="46.509448" lon="10.372185"><ele>1705.6</ele><time>2026-07-12T08:41:49Z</time></trkpt>
<trkpt lat="46.509591" lon="10.372399"><ele>1706.4</ele><time>2026-07-12T08:41:51Z</time></trkpt>
<trkpt lat="46.509618" lon="10.372470"><ele>1707.3</ele><time>2026-07-12T08:41:52Z</time></trkpt>
<trkpt lat="46.509628" lon="10.372517"><ele>1708.2</ele><time>2026-07-12T08:41:53Z</time></trkpt>
<trkpt lat="46.509638" lon="10.372591"><ele>1709.8</ele><time>2026-07-12T08:41:53Z</time></trkpt>
<trkpt lat="46.509645" lon="10.372673"><ele>1711.1</ele><time>2026-07-12T08:41:54Z</time></trkpt>
<trkpt lat="46.509650" lon="10.372778"><ele>1712.6</ele><time>2026-07-12T08:41:55Z</time></trkpt>
<trkpt lat="46.509640" lon="10.373197"><ele>1714.8</ele><time>2026-07-12T08:41:59Z</time></trkpt>
<trkpt lat="46.509642" lon="10.373302"><ele>1717.3</ele><time>2026-07-12T08:42:00Z</time></trkpt>
<trkpt lat="46.509652" lon="10.373401"><ele>1719.5</ele><time>2026-07-12T08:42:01Z</time></trkpt>
<trkpt lat="46.509703" lon="10.373817"><ele>1722.2</ele><time>2026-07-12T08:42:05Z</time></trkpt>
<trkpt lat="46.509727" lon="10.373969"><ele>1724.1</ele><time>2026-07-12T08:42:06Z</time></trkpt>
<trkpt lat="46.509765" lon="10.374131"><ele>1726.7</ele><time>2026-07-12T08:42:08Z</time></trkpt>
<trkpt lat="46.509818" lon="10.374306"><ele>1727.9</ele><time>2026-07-12T08:42:09Z</time></trkpt>
<trkpt lat="46.509892" lon="10.374467"><ele>1728.6</ele><time>2026-07-12T08:42:11Z</time></trkpt>
<trkpt lat="46.510197" lon="10.375075"><ele>1729.1</ele><time>2026-07-12T08:42:14Z</time></trkpt>
<trkpt lat="46.510374" lon="10.375490"><ele>1728.7</ele><time>2026-07-12T08:42:17Z</time></trkpt>
<trkpt lat="46.510396" lon="10.375601"><ele>1727.8</ele><time>2026-07-12T08:42:18Z</time></trkpt>
<trkpt lat="46.510421" lon="10.375828"><ele>1726.8</ele><time>2026-07-12T08:42:19Z</time></trkpt>
<trkpt lat="46.510457" lon="10.376163"><ele>1725.1</ele><time>2026-07-12T08:42:22Z</time></trkpt>
<trkpt lat="46.510492" lon="10.376320"><ele>1724.5</ele><time>2026-07-12T08:42:24Z</time></trkpt>
<trkpt lat="46.510509" lon="10.376380"><ele>1723.7</ele><time>2026-07-12T08:42:24Z</time></trkpt>
<trkpt lat="46.510542" lon="10.376471"><ele>1722.7</ele><time>2026-07-12T08:42:25Z</time></trkpt>
<trkpt lat="46.510543" lon="10.376509"><ele>1722.6</ele><time>2026-07-12T08:42:25Z</time></trkpt>
<trkpt lat="46.510536" lon="10.376543"><ele>1722.5</ele><time>2026-07-12T08:42:26Z</time></trkpt>
<trkpt lat="46.510523" lon="10.376569"><ele>1722.4</ele><time>2026-07-12T08:42:26Z</time></trkpt>
<trkpt lat="46.510502" lon="10.376589"><ele>1723.4</ele><time>2026-07-12T08:42:26Z</time></trkpt>
<trkpt lat="46.510483" lon="10.376590"><ele>1724.4</ele><time>2026-07-12T08:42:26Z</time></trkpt>
<trkpt lat="46.510452" lon="10.376571"><ele>1725.4</ele><time>2026-07-12T08:42:27Z</time></trkpt>
<trkpt lat="46.510434" lon="10.376538"><ele>1727.4</ele><time>2026-07-12T08:42:27Z</time></trkpt>
<trkpt lat="46.510397" lon="10.376401"><ele>1729.5</ele><time>2026-07-12T08:42:29Z</time></trkpt>
<trkpt lat="46.510340" lon="10.376151"><ele>1732.1</ele><time>2026-07-12T08:42:31Z</time></trkpt>
<trkpt lat="46.510305" lon="10.376025"><ele>1735.2</ele><time>2026-07-12T08:42:32Z</time></trkpt>
<trkpt lat="46.510263" lon="10.375914"><ele>1737.3</ele><time>2026-07-12T08:42:33Z</time></trkpt>
<trkpt lat="46.510175" lon="10.375712"><ele>1739.4</ele><time>2026-07-12T08:42:36Z</time></trkpt>
<trkpt lat="46.510081" lon="10.375518"><ele>1741.5</ele><time>2026-07-12T08:42:38Z</time></trkpt>
<trkpt lat="46.510050" lon="10.375444"><ele>1742.6</ele><time>2026-07-12T08:42:39Z</time></trkpt>
<trkpt lat="46.510023" lon="10.375429"><ele>1744.5</ele><time>2026-07-12T08:42:39Z</time></trkpt>
<trkpt lat="46.509997" lon="10.375439"><ele>1745.9</ele><time>2026-07-12T08:42:39Z</time></trkpt>
<trkpt lat="46.509976" lon="10.375460"><ele>1746.2</ele><time>2026-07-12T08:42:40Z</time></trkpt>
<trkpt lat="46.509960" lon="10.375495"><ele>1746.5</ele><time>2026-07-12T08:42:40Z</time></trkpt>
<trkpt lat="46.509959" lon="10.375536"><ele>1747.0</ele><time>2026-07-12T08:42:40Z</time></trkpt>
<trkpt lat="46.509972" lon="10.375585"><ele>1746.7</ele><time>2026-07-12T08:42:41Z</time></trkpt>
<trkpt lat="46.510014" lon="10.375639"><ele>1746.6</ele><time>2026-07-12T08:42:41Z</time></trkpt>
<trkpt lat="46.510069" lon="10.375750"><ele>1745.6</ele><time>2026-07-12T08:42:43Z</time></trkpt>
<trkpt lat="46.510126" lon="10.375874"><ele>1743.7</ele><time>2026-07-12T08:42:44Z</time></trkpt>
<trkpt lat="46.510155" lon="10.375969"><ele>1742.4</ele><time>2026-07-12T08:42:45Z</time></trkpt>
<trkpt lat="46.510172" lon="10.376083"><ele>1741.1</ele><time>2026-07-12T08:42:46Z</time></trkpt>
<trkpt lat="46.510229" lon="10.376373"><ele>1739.5</ele><time>2026-07-12T08:42:49Z</time></trkpt>
<trkpt lat="46.510260" lon="10.376490"><ele>1738.8</ele><time>2026-07-12T08:42:50Z</time></trkpt>
<trkpt lat="46.510282" lon="10.376573"><ele>1738.0</ele><time>2026-07-12T08:42:51Z</time></trkpt>
<trkpt lat="46.510287" lon="10.376623"><ele>1737.0</ele><time>2026-07-12T08:42:51Z</time></trkpt>
<trkpt lat="46.510274" lon="10.376656"><ele>1737.1</ele><time>2026-07-12T08:42:51Z</time></trkpt>
<trkpt lat="46.510260" lon="10.376670"><ele>1737.1</ele><time>2026-07-12T08:42:51Z</time></trkpt>
<trkpt lat="46.510241" lon="10.376672"><ele>1738.1</ele><time>2026-07-12T08:42:52Z</time></trkpt>
<trkpt lat="46.510229" lon="10.376665"><ele>1739.1</ele><time>2026-07-12T08:42:52Z</time></trkpt>
<trkpt lat="46.510213" lon="10.376653"><ele>1740.1</ele><time>2026-07-12T08:42:52Z</time></trkpt>
<trkpt lat="46.510197" lon="10.376622"><ele>1741.9</ele><time>2026-07-12T08:42:52Z</time></trkpt>
<trkpt lat="46.510186" lon="10.376581"><ele>1743.8</ele><time>2026-07-12T08:42:53Z</time></trkpt>
<trkpt lat="46.510130" lon="10.376352"><ele>1745.6</ele><time>2026-07-12T08:42:55Z</time></trkpt>
<trkpt lat="46.510082" lon="10.376178"><ele>1748.1</ele><time>2026-07-12T08:42:57Z</time></trkpt>
<trkpt lat="46.510060" lon="10.376117"><ele>1750.3</ele><time>2026-07-12T08:42:57Z</time></trkpt>
<trkpt lat="46.510032" lon="10.376073"><ele>1752.7</ele><time>2026-07-12T08:42:58Z</time></trkpt>
<trkpt lat="46.509878" lon="10.375855"><ele>1755.2</ele><time>2026-07-12T08:43:01Z</time></trkpt>
<trkpt lat="46.509819" lon="10.375763"><ele>1756.8</ele><time>2026-07-12T08:43:02Z</time></trkpt>
<trkpt lat="46.509719" lon="10.375521"><ele>1758.4</ele><time>2026-07-12T08:43:05Z</time></trkpt>
<trkpt lat="46.509692" lon="10.375476"><ele>1760.8</ele><time>2026-07-12T08:43:05Z</time></trkpt>
<trkpt lat="46.509667" lon="10.375451"><ele>1762.5</ele><time>2026-07-12T08:43:06Z</time></trkpt>
<trkpt lat="46.509635" lon="10.375453"><ele>1763.5</ele><time>2026-07-12T08:43:06Z</time></trkpt>
<trkpt lat="46.509597" lon="10.375467"><ele>1764.6</ele><time>2026-07-12T08:43:06Z</time></trkpt>
<trkpt lat="46.509574" lon="10.375505"><ele>1765.7</ele><time>2026-07-12T08:43:07Z</time></trkpt>
<trkpt lat="46.509574" lon="10.375550"><ele>1766.9</ele><time>2026-07-12T08:43:07Z</time></trkpt>
<trkpt lat="46.509583" lon="10.375599"><ele>1767.3</ele><time>2026-07-12T08:43:08Z</time></trkpt>
<trkpt lat="46.509596" lon="10.375629"><ele>1766.9</ele><time>2026-07-12T08:43:08Z</time></trkpt>
<trkpt lat="46.509612" lon="10.375661"><ele>1766.8</ele><time>2026-07-12T08:43:08Z</time></trkpt>
<trkpt lat="46.509640" lon="10.375694"><ele>1765.8</ele><time>2026-07-12T08:43:09Z</time></trkpt>
<trkpt lat="46.509664" lon="10.375726"><ele>1764.7</ele><time>2026-07-12T08:43:09Z</time></trkpt>
<trkpt lat="46.509700" lon="10.375780"><ele>1763.1</ele><time>2026-07-12T08:43:10Z</time></trkpt>
<trkpt lat="46.509758" lon="10.375900"><ele>1760.5</ele><time>2026-07-12T08:43:11Z</time></trkpt>
<trkpt lat="46.509804" lon="10.376040"><ele>1758.7</ele><time>2026-07-12T08:43:13Z</time></trkpt>
<trkpt lat="46.509935" lon="10.376409"><ele>1757.1</ele><time>2026-07-12T08:43:15Z</time></trkpt>
<trkpt lat="46.509978" lon="10.376553"><ele>1755.3</ele><time>2026-07-12T08:43:17Z</time></trkpt>
<trkpt lat="46.510004" lon="10.376652"><ele>1754.6</ele><time>2026-07-12T08:43:18Z</time></trkpt>
<trkpt lat="46.510024" lon="10.376817"><ele>1753.7</ele><time>2026-07-12T08:43:19Z</time></trkpt>
<trkpt lat="46.510023" lon="10.377041"><ele>1753.4</ele><time>2026-07-12T08:43:21Z</time></trkpt>
<trkpt lat="46.510004" lon="10.377162"><ele>1754.2</ele><time>2026-07-12T08:43:22Z</time></trkpt>
<trkpt lat="46.509991" lon="10.377271"><ele>1755.1</ele><time>2026-07-12T08:43:23Z</time></trkpt>
<trkpt lat="46.509999" lon="10.377384"><ele>1755.8</ele><time>2026-07-12T08:43:24Z</time></trkpt>
<trkpt lat="46.510034" lon="10.377556"><ele>1755.8</ele><time>2026-07-12T08:43:25Z</time></trkpt>
<trkpt lat="46.510042" lon="10.377852"><ele>1755.6</ele><time>2026-07-12T08:43:26Z</time></trkpt>
<trkpt lat="46.510064" lon="10.378125"><ele>1757.4</ele><time>2026-07-12T08:43:29Z</time></trkpt>
<trkpt lat="46.510080" lon="10.378372"><ele>1758.7</ele><time>2026-07-12T08:43:31Z</time></trkpt>
<trkpt lat="46.510038" lon="10.378610"><ele>1760.9</ele><time>2026-07-12T08:43:33Z</time></trkpt>
<trkpt lat="46.509968" lon="10.378815"><ele>1765.0</ele><time>2026-07-12T08:43:35Z</time></trkpt>
<trkpt lat="46.509886" lon="10.378971"><ele>1768.4</ele><time>2026-07-12T08:43:37Z</time></trkpt>
<trkpt lat="46.509760" lon="10.379096"><ele>1773.2</ele><time>2026-07-12T08:43:39Z</time></trkpt>
<trkpt lat="46.509671" lon="10.379253"><ele>1777.3</ele><time>2026-07-12T08:43:41Z</time></trkpt>
<trkpt lat="46.509627" lon="10.379518"><ele>1781.0</ele><time>2026-07-12T08:43:43Z</time></trkpt>
<trkpt lat="46.509609" lon="10.379922"><ele>1787.7</ele><time>2026-07-12T08:43:47Z</time></trkpt>
<trkpt lat="46.509582" lon="10.380257"><ele>1795.1</ele><time>2026-07-12T08:43:50Z</time></trkpt>
<trkpt lat="46.509529" lon="10.381144"><ele>1800.4</ele><time>2026-07-12T08:43:58Z</time></trkpt>
<trkpt lat="46.509460" lon="10.382048"><ele>1807.6</ele><time>2026-07-12T08:44:07Z</time></trkpt>
<trkpt lat="46.509356" lon="10.382478"><ele>1813.9</ele><time>2026-07-12T08:44:11Z</time></trkpt>
<trkpt lat="46.509345" lon="10.382523"><ele>1820.4</ele><time>2026-07-12T08:44:11Z</time></trkpt>
<trkpt lat="46.509225" lon="10.382912"><ele>1826.9</ele><time>2026-07-12T08:44:15Z</time></trkpt>
<trkpt lat="46.509177" lon="10.383284"><ele>1830.9</ele><time>2026-07-12T08:44:19Z</time></trkpt>
<trkpt lat="46.509166" lon="10.383835"><ele>1831.6</ele><time>2026-07-12T08:44:22Z</time></trkpt>
<trkpt lat="46.509143" lon="10.384124"><ele>1832.6</ele><time>2026-07-12T08:44:24Z</time></trkpt>
<trkpt lat="46.509143" lon="10.384367"><ele>1832.9</ele><time>2026-07-12T08:44:25Z</time></trkpt>
<trkpt lat="46.509174" lon="10.384578"><ele>1833.8</ele><time>2026-07-12T08:44:26Z</time></trkpt>
<trkpt lat="46.509217" lon="10.384811"><ele>1835.7</ele><time>2026-07-12T08:44:28Z</time></trkpt>
<trkpt lat="46.509246" lon="10.385076"><ele>1836.9</ele><time>2026-07-12T08:44:30Z</time></trkpt>
<trkpt lat="46.509257" lon="10.385353"><ele>1838.7</ele><time>2026-07-12T08:44:33Z</time></trkpt>
<trkpt lat="46.509251" lon="10.385562"><ele>1842.5</ele><time>2026-07-12T08:44:35Z</time></trkpt>
<trkpt lat="46.509193" lon="10.385886"><ele>1846.7</ele><time>2026-07-12T08:44:38Z</time></trkpt>
<trkpt lat="46.509164" lon="10.386305"><ele>1850.7</ele><time>2026-07-12T08:44:42Z</time></trkpt>
<trkpt lat="46.509192" lon="10.386633"><ele>1852.3</ele><time>2026-07-12T08:44:45Z</time></trkpt>
<trkpt lat="46.509205" lon="10.386976"><ele>1855.2</ele><time>2026-07-12T08:44:48Z</time></trkpt>
<trkpt lat="46.509235" lon="10.387193"><ele>1855.8</ele><time>2026-07-12T08:44:49Z</time></trkpt>
<trkpt lat="46.509390" lon="10.387704"><ele>1855.8</ele><time>2026-07-12T08:44:52Z</time></trkpt>
<trkpt lat="46.509484" lon="10.388333"><ele>1855.6</ele><time>2026-07-12T08:44:55Z</time></trkpt>
<trkpt lat="46.509536" lon="10.388712"><ele>1855.2</ele><time>2026-07-12T08:44:57Z</time></trkpt>
<trkpt lat="46.509569" lon="10.388956"><ele>1854.5</ele><time>2026-07-12T08:44:59Z</time></trkpt>
<trkpt lat="46.509595" lon="10.389198"><ele>1855.7</ele><time>2026-07-12T08:45:01Z</time></trkpt>
<trkpt lat="46.509585" lon="10.389620"><ele>1855.6</ele><time>2026-07-12T08:45:03Z</time></trkpt>
<trkpt lat="46.509591" lon="10.389792"><ele>1856.9</ele><time>2026-07-12T08:45:05Z</time></trkpt>
<trkpt lat="46.509596" lon="10.389932"><ele>1861.7</ele><time>2026-07-12T08:45:06Z</time></trkpt>
<trkpt lat="46.509585" lon="10.390033"><ele>1866.8</ele><time>2026-07-12T08:45:07Z</time></trkpt>
<trkpt lat="46.509560" lon="10.390125"><ele>1869.3</ele><time>2026-07-12T08:45:08Z</time></trkpt>
<trkpt lat="46.509322" lon="10.390905"><ele>1870.2</ele><time>2026-07-12T08:45:12Z</time></trkpt>
<trkpt lat="46.509335" lon="10.391039"><ele>1871.4</ele><time>2026-07-12T08:45:13Z</time></trkpt>
<trkpt lat="46.509672" lon="10.391705"><ele>1872.7</ele><time>2026-07-12T08:45:18Z</time></trkpt>
<trkpt lat="46.509736" lon="10.391861"><ele>1875.1</ele><time>2026-07-12T08:45:19Z</time></trkpt>
<trkpt lat="46.509783" lon="10.392011"><ele>1873.2</ele><time>2026-07-12T08:45:21Z</time></trkpt>
<trkpt lat="46.509805" lon="10.392164"><ele>1870.7</ele><time>2026-07-12T08:45:22Z</time></trkpt>
<trkpt lat="46.509817" lon="10.392429"><ele>1872.0</ele><time>2026-07-12T08:45:25Z</time></trkpt>
<trkpt lat="46.509859" lon="10.392638"><ele>1875.2</ele><time>2026-07-12T08:45:27Z</time></trkpt>
<trkpt lat="46.509988" lon="10.392956"><ele>1877.2</ele><time>2026-07-12T08:45:30Z</time></trkpt>
<trkpt lat="46.510086" lon="10.393318"><ele>1879.2</ele><time>2026-07-12T08:45:34Z</time></trkpt>
<trkpt lat="46.510171" lon="10.393667"><ele>1880.0</ele><time>2026-07-12T08:45:35Z</time></trkpt>
<trkpt lat="46.510265" lon="10.393907"><ele>1881.4</ele><time>2026-07-12T08:45:38Z</time></trkpt>
<trkpt lat="46.510382" lon="10.394139"><ele>1882.1</ele><time>2026-07-12T08:45:40Z</time></trkpt>
<trkpt lat="46.510425" lon="10.394226"><ele>1881.3</ele><time>2026-07-12T08:45:41Z</time></trkpt>
<trkpt lat="46.510436" lon="10.394266"><ele>1881.2</ele><time>2026-07-12T08:45:41Z</time></trkpt>
<trkpt lat="46.510447" lon="10.394313"><ele>1881.7</ele><time>2026-07-12T08:45:42Z</time></trkpt>
<trkpt lat="46.510462" lon="10.394376"><ele>1882.7</ele><time>2026-07-12T08:45:42Z</time></trkpt>
<trkpt lat="46.510478" lon="10.394453"><ele>1883.7</ele><time>2026-07-12T08:45:43Z</time></trkpt>
<trkpt lat="46.510495" lon="10.394542"><ele>1885.5</ele><time>2026-07-12T08:45:44Z</time></trkpt>
<trkpt lat="46.510512" lon="10.394641"><ele>1888.2</ele><time>2026-07-12T08:45:45Z</time></trkpt>
<trkpt lat="46.510528" lon="10.394749"><ele>1891.2</ele><time>2026-07-12T08:45:46Z</time></trkpt>
<trkpt lat="46.510590" lon="10.395372"><ele>1893.4</ele><time>2026-07-12T08:45:50Z</time></trkpt>
<trkpt lat="46.510593" lon="10.395415"><ele>1895.5</ele><time>2026-07-12T08:45:50Z</time></trkpt>
<trkpt lat="46.510596" lon="10.395473"><ele>1897.0</ele><time>2026-07-12T08:45:51Z</time></trkpt>
<trkpt lat="46.510599" lon="10.395551"><ele>1898.6</ele><time>2026-07-12T08:45:51Z</time></trkpt>
<trkpt lat="46.510601" lon="10.395635"><ele>1899.6</ele><time>2026-07-12T08:45:52Z</time></trkpt>
<trkpt lat="46.510604" lon="10.395708"><ele>1900.5</ele><time>2026-07-12T08:45:53Z</time></trkpt>
<trkpt lat="46.510609" lon="10.395772"><ele>1901.1</ele><time>2026-07-12T08:45:53Z</time></trkpt>
<trkpt lat="46.510614" lon="10.395829"><ele>1901.6</ele><time>2026-07-12T08:45:54Z</time></trkpt>
<trkpt lat="46.510622" lon="10.395881"><ele>1902.5</ele><time>2026-07-12T08:45:55Z</time></trkpt>
<trkpt lat="46.510631" lon="10.395929"><ele>1903.1</ele><time>2026-07-12T08:45:55Z</time></trkpt>
<trkpt lat="46.510643" lon="10.395977"><ele>1902.6</ele><time>2026-07-12T08:45:55Z</time></trkpt>
<trkpt lat="46.510657" lon="10.396025"><ele>1902.5</ele><time>2026-07-12T08:45:56Z</time></trkpt>
<trkpt lat="46.510674" lon="10.396075"><ele>1902.5</ele><time>2026-07-12T08:45:56Z</time></trkpt>
<trkpt lat="46.510695" lon="10.396130"><ele>1902.4</ele><time>2026-07-12T08:45:56Z</time></trkpt>
<trkpt lat="46.510721" lon="10.396189"><ele>1902.0</ele><time>2026-07-12T08:45:57Z</time></trkpt>
<trkpt lat="46.510754" lon="10.396248"><ele>1901.2</ele><time>2026-07-12T08:45:58Z</time></trkpt>
<trkpt lat="46.510792" lon="10.396305"><ele>1900.5</ele><time>2026-07-12T08:45:58Z</time></trkpt>
<trkpt lat="46.510833" lon="10.396361"><ele>1900.5</ele><time>2026-07-12T08:45:59Z</time></trkpt>
<trkpt lat="46.510874" lon="10.396413"><ele>1899.9</ele><time>2026-07-12T08:45:59Z</time></trkpt>
<trkpt lat="46.510914" lon="10.396459"><ele>1899.3</ele><time>2026-07-12T08:46:00Z</time></trkpt>
<trkpt lat="46.510952" lon="10.396500"><ele>1898.6</ele><time>2026-07-12T08:46:01Z</time></trkpt>
<trkpt lat="46.510983" lon="10.396533"><ele>1897.4</ele><time>2026-07-12T08:46:01Z</time></trkpt>
<trkpt lat="46.511008" lon="10.396556"><ele>1896.2</ele><time>2026-07-12T08:46:02Z</time></trkpt>
<trkpt lat="46.511023" lon="10.396570"><ele>1895.0</ele><time>2026-07-12T08:46:02Z</time></trkpt>
<trkpt lat="46.511039" lon="10.396583"><ele>1894.0</ele><time>2026-07-12T08:46:02Z</time></trkpt>
<trkpt lat="46.511065" lon="10.396606"><ele>1893.0</ele><time>2026-07-12T08:46:03Z</time></trkpt>
<trkpt lat="46.511099" lon="10.396636"><ele>1891.9</ele><time>2026-07-12T08:46:03Z</time></trkpt>
<trkpt lat="46.511138" lon="10.396670"><ele>1890.9</ele><time>2026-07-12T08:46:04Z</time></trkpt>
<trkpt lat="46.511180" lon="10.396708"><ele>1890.0</ele><time>2026-07-12T08:46:04Z</time></trkpt>
<trkpt lat="46.511221" lon="10.396747"><ele>1889.9</ele><time>2026-07-12T08:46:05Z</time></trkpt>
<trkpt lat="46.511260" lon="10.396785"><ele>1889.8</ele><time>2026-07-12T08:46:05Z</time></trkpt>
<trkpt lat="46.511293" lon="10.396819"><ele>1889.7</ele><time>2026-07-12T08:46:05Z</time></trkpt>
<trkpt lat="46.511318" lon="10.396848"><ele>1889.7</ele><time>2026-07-12T08:46:06Z</time></trkpt>
<trkpt lat="46.511333" lon="10.396871"><ele>1889.8</ele><time>2026-07-12T08:46:06Z</time></trkpt>
<trkpt lat="46.511347" lon="10.396903"><ele>1889.9</ele><time>2026-07-12T08:46:06Z</time></trkpt>
<trkpt lat="46.511370" lon="10.396961"><ele>1891.6</ele><time>2026-07-12T08:46:07Z</time></trkpt>
<trkpt lat="46.511398" lon="10.397038"><ele>1892.5</ele><time>2026-07-12T08:46:07Z</time></trkpt>
<trkpt lat="46.511431" lon="10.397126"><ele>1893.6</ele><time>2026-07-12T08:46:08Z</time></trkpt>
<trkpt lat="46.511465" lon="10.397219"><ele>1894.7</ele><time>2026-07-12T08:46:09Z</time></trkpt>
<trkpt lat="46.511498" lon="10.397310"><ele>1895.7</ele><time>2026-07-12T08:46:10Z</time></trkpt>
<trkpt lat="46.511527" lon="10.397393"><ele>1896.8</ele><time>2026-07-12T08:46:11Z</time></trkpt>
<trkpt lat="46.511552" lon="10.397461"><ele>1899.4</ele><time>2026-07-12T08:46:12Z</time></trkpt>
<trkpt lat="46.511568" lon="10.397507"><ele>1900.9</ele><time>2026-07-12T08:46:12Z</time></trkpt>
<trkpt lat="46.511574" lon="10.397523"><ele>1901.8</ele><time>2026-07-12T08:46:12Z</time></trkpt>
<trkpt lat="46.511820" lon="10.398089"><ele>1901.9</ele><time>2026-07-12T08:46:16Z</time></trkpt>
<trkpt lat="46.511958" lon="10.398267"><ele>1902.2</ele><time>2026-07-12T08:46:17Z</time></trkpt>
<trkpt lat="46.512138" lon="10.398431"><ele>1903.1</ele><time>2026-07-12T08:46:19Z</time></trkpt>
<trkpt lat="46.512267" lon="10.398557"><ele>1904.7</ele><time>2026-07-12T08:46:21Z</time></trkpt>
<trkpt lat="46.512368" lon="10.398714"><ele>1905.6</ele><time>2026-07-12T08:46:23Z</time></trkpt>
<trkpt lat="46.512575" lon="10.399138"><ele>1906.8</ele><time>2026-07-12T08:46:26Z</time></trkpt>
<trkpt lat="46.512818" lon="10.399684"><ele>1910.0</ele><time>2026-07-12T08:46:32Z</time></trkpt>
<trkpt lat="46.513003" lon="10.400134"><ele>1914.6</ele><time>2026-07-12T08:46:37Z</time></trkpt>
<trkpt lat="46.513095" lon="10.400405"><ele>1919.5</ele><time>2026-07-12T08:46:40Z</time></trkpt>
<trkpt lat="46.513217" lon="10.400895"><ele>1923.6</ele><time>2026-07-12T08:46:44Z</time></trkpt>
<trkpt lat="46.513314" lon="10.401183"><ele>1928.1</ele><time>2026-07-12T08:46:47Z</time></trkpt>
<trkpt lat="46.513440" lon="10.401384"><ele>1932.7</ele><time>2026-07-12T08:46:50Z</time></trkpt>
<trkpt lat="46.513644" lon="10.401612"><ele>1937.9</ele><time>2026-07-12T08:46:53Z</time></trkpt>
<trkpt lat="46.513895" lon="10.401908"><ele>1942.6</ele><time>2026-07-12T08:46:58Z</time></trkpt>
<trkpt lat="46.514125" lon="10.402277"><ele>1946.5</ele><time>2026-07-12T08:47:02Z</time></trkpt>
<trkpt lat="46.514273" lon="10.402459"><ele>1950.1</ele><time>2026-07-12T08:47:05Z</time></trkpt>
<trkpt lat="46.514409" lon="10.402611"><ele>1954.5</ele><time>2026-07-12T08:47:07Z</time></trkpt>
<trkpt lat="46.514440" lon="10.402649"><ele>1958.1</ele><time>2026-07-12T08:47:08Z</time></trkpt>
<trkpt lat="46.514456" lon="10.402669"><ele>1960.5</ele><time>2026-07-12T08:47:08Z</time></trkpt>
<trkpt lat="46.514465" lon="10.402684"><ele>1962.2</ele><time>2026-07-12T08:47:08Z</time></trkpt>
<trkpt lat="46.514471" lon="10.402705"><ele>1962.8</ele><time>2026-07-12T08:47:08Z</time></trkpt>
<trkpt lat="46.514472" lon="10.402722"><ele>1963.3</ele><time>2026-07-12T08:47:08Z</time></trkpt>
<trkpt lat="46.514470" lon="10.402743"><ele>1963.9</ele><time>2026-07-12T08:47:09Z</time></trkpt>
<trkpt lat="46.514460" lon="10.402766"><ele>1963.5</ele><time>2026-07-12T08:47:09Z</time></trkpt>
<trkpt lat="46.514447" lon="10.402788"><ele>1963.2</ele><time>2026-07-12T08:47:09Z</time></trkpt>
<trkpt lat="46.514430" lon="10.402810"><ele>1962.9</ele><time>2026-07-12T08:47:09Z</time></trkpt>
<trkpt lat="46.514412" lon="10.402825"><ele>1962.3</ele><time>2026-07-12T08:47:10Z</time></trkpt>
<trkpt lat="46.514388" lon="10.402833"><ele>1962.0</ele><time>2026-07-12T08:47:10Z</time></trkpt>
<trkpt lat="46.514358" lon="10.402838"><ele>1961.3</ele><time>2026-07-12T08:47:10Z</time></trkpt>
<trkpt lat="46.514291" lon="10.402826"><ele>1960.2</ele><time>2026-07-12T08:47:11Z</time></trkpt>
<trkpt lat="46.514141" lon="10.402772"><ele>1958.9</ele><time>2026-07-12T08:47:13Z</time></trkpt>
<trkpt lat="46.513941" lon="10.402638"><ele>1957.8</ele><time>2026-07-12T08:47:16Z</time></trkpt>
<trkpt lat="46.513766" lon="10.402484"><ele>1956.6</ele><time>2026-07-12T08:47:17Z</time></trkpt>
<trkpt lat="46.513520" lon="10.402257"><ele>1954.9</ele><time>2026-07-12T08:47:20Z</time></trkpt>
<trkpt lat="46.513359" lon="10.402057"><ele>1953.8</ele><time>2026-07-12T08:47:22Z</time></trkpt>
<trkpt lat="46.513317" lon="10.402000"><ele>1953.9</ele><time>2026-07-12T08:47:23Z</time></trkpt>
<trkpt lat="46.513286" lon="10.401981"><ele>1954.4</ele><time>2026-07-12T08:47:23Z</time></trkpt>
<trkpt lat="46.513259" lon="10.401981"><ele>1955.0</ele><time>2026-07-12T08:47:23Z</time></trkpt>
<trkpt lat="46.513234" lon="10.402005"><ele>1955.6</ele><time>2026-07-12T08:47:24Z</time></trkpt>
<trkpt lat="46.513218" lon="10.402035"><ele>1956.1</ele><time>2026-07-12T08:47:24Z</time></trkpt>
<trkpt lat="46.513209" lon="10.402078"><ele>1958.2</ele><time>2026-07-12T08:47:25Z</time></trkpt>
<trkpt lat="46.513206" lon="10.402115"><ele>1959.7</ele><time>2026-07-12T08:47:25Z</time></trkpt>
<trkpt lat="46.513210" lon="10.402150"><ele>1959.8</ele><time>2026-07-12T08:47:25Z</time></trkpt>
<trkpt lat="46.513234" lon="10.402189"><ele>1961.0</ele><time>2026-07-12T08:47:26Z</time></trkpt>
<trkpt lat="46.513279" lon="10.402241"><ele>1961.8</ele><time>2026-07-12T08:47:26Z</time></trkpt>
<trkpt lat="46.513519" lon="10.402499"><ele>1963.4</ele><time>2026-07-12T08:47:29Z</time></trkpt>
<trkpt lat="46.513701" lon="10.402705"><ele>1966.1</ele><time>2026-07-12T08:47:32Z</time></trkpt>
<trkpt lat="46.513783" lon="10.402807"><ele>1968.5</ele><time>2026-07-12T08:47:34Z</time></trkpt>
<trkpt lat="46.513832" lon="10.402922"><ele>1971.5</ele><time>2026-07-12T08:47:35Z</time></trkpt>
<trkpt lat="46.513956" lon="10.403217"><ele>1975.1</ele><time>2026-07-12T08:47:38Z</time></trkpt>
<trkpt lat="46.514042" lon="10.403449"><ele>1977.5</ele><time>2026-07-12T08:47:41Z</time></trkpt>
<trkpt lat="46.514107" lon="10.403559"><ele>1981.0</ele><time>2026-07-12T08:47:42Z</time></trkpt>
<trkpt lat="46.514162" lon="10.403635"><ele>1983.7</ele><time>2026-07-12T08:47:43Z</time></trkpt>
<trkpt lat="46.514227" lon="10.403706"><ele>1985.8</ele><time>2026-07-12T08:47:44Z</time></trkpt>
<trkpt lat="46.514332" lon="10.403782"><ele>1987.6</ele><time>2026-07-12T08:47:46Z</time></trkpt>
<trkpt lat="46.514439" lon="10.403856"><ele>1988.8</ele><time>2026-07-12T08:47:47Z</time></trkpt>
<trkpt lat="46.514560" lon="10.403903"><ele>1990.0</ele><time>2026-07-12T08:47:49Z</time></trkpt>
<trkpt lat="46.514629" lon="10.403927"><ele>1991.4</ele><time>2026-07-12T08:47:50Z</time></trkpt>
<trkpt lat="46.514667" lon="10.403949"><ele>1992.1</ele><time>2026-07-12T08:47:50Z</time></trkpt>
<trkpt lat="46.514680" lon="10.403979"><ele>1993.3</ele><time>2026-07-12T08:47:51Z</time></trkpt>
<trkpt lat="46.514688" lon="10.404010"><ele>1993.8</ele><time>2026-07-12T08:47:51Z</time></trkpt>
<trkpt lat="46.514686" lon="10.404047"><ele>1994.3</ele><time>2026-07-12T08:47:51Z</time></trkpt>
<trkpt lat="46.514675" lon="10.404089"><ele>1994.8</ele><time>2026-07-12T08:47:52Z</time></trkpt>
<trkpt lat="46.514659" lon="10.404114"><ele>1995.2</ele><time>2026-07-12T08:47:52Z</time></trkpt>
<trkpt lat="46.514637" lon="10.404132"><ele>1995.1</ele><time>2026-07-12T08:47:52Z</time></trkpt>
<trkpt lat="46.514611" lon="10.404125"><ele>1995.2</ele><time>2026-07-12T08:47:53Z</time></trkpt>
<trkpt lat="46.514507" lon="10.404078"><ele>1994.4</ele><time>2026-07-12T08:47:54Z</time></trkpt>
<trkpt lat="46.514351" lon="10.404000"><ele>1994.0</ele><time>2026-07-12T08:47:55Z</time></trkpt>
<trkpt lat="46.514195" lon="10.403939"><ele>1992.6</ele><time>2026-07-12T08:47:57Z</time></trkpt>
<trkpt lat="46.514085" lon="10.403877"><ele>1990.7</ele><time>2026-07-12T08:47:59Z</time></trkpt>
<trkpt lat="46.513939" lon="10.403755"><ele>1989.6</ele><time>2026-07-12T08:48:01Z</time></trkpt>
<trkpt lat="46.513806" lon="10.403533"><ele>1988.9</ele><time>2026-07-12T08:48:03Z</time></trkpt>
<trkpt lat="46.513661" lon="10.403266"><ele>1988.0</ele><time>2026-07-12T08:48:05Z</time></trkpt>
<trkpt lat="46.513620" lon="10.403230"><ele>1987.5</ele><time>2026-07-12T08:48:06Z</time></trkpt>
<trkpt lat="46.513578" lon="10.403228"><ele>1986.7</ele><time>2026-07-12T08:48:06Z</time></trkpt>
<trkpt lat="46.513552" lon="10.403250"><ele>1987.9</ele><time>2026-07-12T08:48:07Z</time></trkpt>
<trkpt lat="46.513538" lon="10.403293"><ele>1989.7</ele><time>2026-07-12T08:48:07Z</time></trkpt>
<trkpt lat="46.513532" lon="10.403362"><ele>1990.5</ele><time>2026-07-12T08:48:08Z</time></trkpt>
<trkpt lat="46.513554" lon="10.403424"><ele>1992.0</ele><time>2026-07-12T08:48:08Z</time></trkpt>
<trkpt lat="46.513704" lon="10.403553"><ele>1995.3</ele><time>2026-07-12T08:48:11Z</time></trkpt>
<trkpt lat="46.513897" lon="10.403842"><ele>1999.9</ele><time>2026-07-12T08:48:14Z</time></trkpt>
<trkpt lat="46.514108" lon="10.404211"><ele>2004.9</ele><time>2026-07-12T08:48:19Z</time></trkpt>
<trkpt lat="46.514481" lon="10.404838"><ele>2008.9</ele><time>2026-07-12T08:48:26Z</time></trkpt>
<trkpt lat="46.514762" lon="10.405346"><ele>2013.2</ele><time>2026-07-12T08:48:32Z</time></trkpt>
<trkpt lat="46.514838" lon="10.405480"><ele>2017.8</ele><time>2026-07-12T08:48:34Z</time></trkpt>
<trkpt lat="46.514896" lon="10.405569"><ele>2021.7</ele><time>2026-07-12T08:48:35Z</time></trkpt>
<trkpt lat="46.514962" lon="10.405624"><ele>2023.8</ele><time>2026-07-12T08:48:36Z</time></trkpt>
<trkpt lat="46.515044" lon="10.405678"><ele>2024.7</ele><time>2026-07-12T08:48:37Z</time></trkpt>
<trkpt lat="46.515140" lon="10.405700"><ele>2025.6</ele><time>2026-07-12T08:48:39Z</time></trkpt>
<trkpt lat="46.515272" lon="10.405705"><ele>2026.8</ele><time>2026-07-12T08:48:40Z</time></trkpt>
<trkpt lat="46.515402" lon="10.405682"><ele>2027.9</ele><time>2026-07-12T08:48:42Z</time></trkpt>
<trkpt lat="46.515584" lon="10.405653"><ele>2029.1</ele><time>2026-07-12T08:48:44Z</time></trkpt>
<trkpt lat="46.515717" lon="10.405625"><ele>2030.2</ele><time>2026-07-12T08:48:46Z</time></trkpt>
<trkpt lat="46.515790" lon="10.405625"><ele>2031.4</ele><time>2026-07-12T08:48:47Z</time></trkpt>
<trkpt lat="46.515810" lon="10.405633"><ele>2032.5</ele><time>2026-07-12T08:48:47Z</time></trkpt>
<trkpt lat="46.515829" lon="10.405662"><ele>2033.2</ele><time>2026-07-12T08:48:47Z</time></trkpt>
<trkpt lat="46.515839" lon="10.405694"><ele>2033.9</ele><time>2026-07-12T08:48:48Z</time></trkpt>
<trkpt lat="46.515839" lon="10.405726"><ele>2033.6</ele><time>2026-07-12T08:48:48Z</time></trkpt>
<trkpt lat="46.515831" lon="10.405754"><ele>2033.3</ele><time>2026-07-12T08:48:48Z</time></trkpt>
<trkpt lat="46.515803" lon="10.405790"><ele>2033.7</ele><time>2026-07-12T08:48:49Z</time></trkpt>
<trkpt lat="46.515563" lon="10.405929"><ele>2034.1</ele><time>2026-07-12T08:48:50Z</time></trkpt>
<trkpt lat="46.515209" lon="10.406112"><ele>2034.5</ele><time>2026-07-12T08:48:53Z</time></trkpt>
<trkpt lat="46.515188" lon="10.406131"><ele>2034.9</ele><time>2026-07-12T08:48:54Z</time></trkpt>
<trkpt lat="46.515174" lon="10.406162"><ele>2035.0</ele><time>2026-07-12T08:48:54Z</time></trkpt>
<trkpt lat="46.515169" lon="10.406189"><ele>2035.7</ele><time>2026-07-12T08:48:54Z</time></trkpt>
<trkpt lat="46.515171" lon="10.406221"><ele>2037.0</ele><time>2026-07-12T08:48:54Z</time></trkpt>
<trkpt lat="46.515179" lon="10.406253"><ele>2037.7</ele><time>2026-07-12T08:48:55Z</time></trkpt>
<trkpt lat="46.515199" lon="10.406280"><ele>2037.8</ele><time>2026-07-12T08:48:55Z</time></trkpt>
<trkpt lat="46.515223" lon="10.406288"><ele>2038.6</ele><time>2026-07-12T08:48:55Z</time></trkpt>
<trkpt lat="46.515254" lon="10.406290"><ele>2039.9</ele><time>2026-07-12T08:48:56Z</time></trkpt>
<trkpt lat="46.515428" lon="10.406239"><ele>2041.9</ele><time>2026-07-12T08:48:58Z</time></trkpt>
<trkpt lat="46.515828" lon="10.406165"><ele>2043.9</ele><time>2026-07-12T08:49:02Z</time></trkpt>
<trkpt lat="46.516019" lon="10.406105"><ele>2045.9</ele><time>2026-07-12T08:49:04Z</time></trkpt>
<trkpt lat="46.516161" lon="10.406033"><ele>2047.9</ele><time>2026-07-12T08:49:06Z</time></trkpt>
<trkpt lat="46.516226" lon="10.405992"><ele>2050.4</ele><time>2026-07-12T08:49:07Z</time></trkpt>
<trkpt lat="46.516254" lon="10.405979"><ele>2052.2</ele><time>2026-07-12T08:49:08Z</time></trkpt>
<trkpt lat="46.516280" lon="10.405984"><ele>2053.5</ele><time>2026-07-12T08:49:08Z</time></trkpt>
<trkpt lat="46.516301" lon="10.405999"><ele>2054.1</ele><time>2026-07-12T08:49:08Z</time></trkpt>
<trkpt lat="46.516317" lon="10.406033"><ele>2055.2</ele><time>2026-07-12T08:49:09Z</time></trkpt>
<trkpt lat="46.516321" lon="10.406066"><ele>2055.6</ele><time>2026-07-12T08:49:09Z</time></trkpt>
<trkpt lat="46.516318" lon="10.406095"><ele>2055.4</ele><time>2026-07-12T08:49:09Z</time></trkpt>
<trkpt lat="46.516306" lon="10.406117"><ele>2054.7</ele><time>2026-07-12T08:49:10Z</time></trkpt>
<trkpt lat="46.516285" lon="10.406138"><ele>2053.8</ele><time>2026-07-12T08:49:10Z</time></trkpt>
<trkpt lat="46.516216" lon="10.406179"><ele>2054.1</ele><time>2026-07-12T08:49:11Z</time></trkpt>
<trkpt lat="46.515966" lon="10.406372"><ele>2055.6</ele><time>2026-07-12T08:49:13Z</time></trkpt>
<trkpt lat="46.515677" lon="10.406621"><ele>2056.8</ele><time>2026-07-12T08:49:17Z</time></trkpt>
<trkpt lat="46.515327" lon="10.406930"><ele>2058.0</ele><time>2026-07-12T08:49:20Z</time></trkpt>
<trkpt lat="46.515150" lon="10.407041"><ele>2060.7</ele><time>2026-07-12T08:49:22Z</time></trkpt>
<trkpt lat="46.515009" lon="10.407101"><ele>2063.9</ele><time>2026-07-12T08:49:24Z</time></trkpt>
<trkpt lat="46.514989" lon="10.407134"><ele>2067.3</ele><time>2026-07-12T08:49:24Z</time></trkpt>
<trkpt lat="46.514982" lon="10.407177"><ele>2069.4</ele><time>2026-07-12T08:49:25Z</time></trkpt>
<trkpt lat="46.514989" lon="10.407223"><ele>2070.2</ele><time>2026-07-12T08:49:25Z</time></trkpt>
<trkpt lat="46.515007" lon="10.407252"><ele>2070.7</ele><time>2026-07-12T08:49:26Z</time></trkpt>
<trkpt lat="46.515038" lon="10.407269"><ele>2070.5</ele><time>2026-07-12T08:49:26Z</time></trkpt>
<trkpt lat="46.515092" lon="10.407255"><ele>2070.5</ele><time>2026-07-12T08:49:27Z</time></trkpt>
<trkpt lat="46.515368" lon="10.407154"><ele>2070.1</ele><time>2026-07-12T08:49:29Z</time></trkpt>
<trkpt lat="46.515614" lon="10.407086"><ele>2070.1</ele><time>2026-07-12T08:49:30Z</time></trkpt>
<trkpt lat="46.516047" lon="10.406995"><ele>2070.7</ele><time>2026-07-12T08:49:34Z</time></trkpt>
<trkpt lat="46.516227" lon="10.406958"><ele>2072.2</ele><time>2026-07-12T08:49:36Z</time></trkpt>
<trkpt lat="46.516304" lon="10.406933"><ele>2074.1</ele><time>2026-07-12T08:49:37Z</time></trkpt>
<trkpt lat="46.516384" lon="10.406888"><ele>2077.1</ele><time>2026-07-12T08:49:38Z</time></trkpt>
<trkpt lat="46.516617" lon="10.406703"><ele>2079.0</ele><time>2026-07-12T08:49:42Z</time></trkpt>
<trkpt lat="46.516724" lon="10.406586"><ele>2081.3</ele><time>2026-07-12T08:49:44Z</time></trkpt>
<trkpt lat="46.516871" lon="10.406388"><ele>2083.1</ele><time>2026-07-12T08:49:46Z</time></trkpt>
<trkpt lat="46.516894" lon="10.406374"><ele>2085.3</ele><time>2026-07-12T08:49:47Z</time></trkpt>
<trkpt lat="46.516919" lon="10.406372"><ele>2086.7</ele><time>2026-07-12T08:49:47Z</time></trkpt>
<trkpt lat="46.516941" lon="10.406384"><ele>2088.1</ele><time>2026-07-12T08:49:47Z</time></trkpt>
<trkpt lat="46.516957" lon="10.406405"><ele>2089.3</ele><time>2026-07-12T08:49:47Z</time></trkpt>
<trkpt lat="46.516966" lon="10.406433"><ele>2089.8</ele><time>2026-07-12T08:49:48Z</time></trkpt>
<trkpt lat="46.516967" lon="10.406467"><ele>2090.0</ele><time>2026-07-12T08:49:48Z</time></trkpt>
<trkpt lat="46.516955" lon="10.406497"><ele>2089.9</ele><time>2026-07-12T08:49:48Z</time></trkpt>
<trkpt lat="46.516931" lon="10.406526"><ele>2089.7</ele><time>2026-07-12T08:49:49Z</time></trkpt>
<trkpt lat="46.516759" lon="10.406756"><ele>2089.2</ele><time>2026-07-12T08:49:50Z</time></trkpt>
<trkpt lat="46.516583" lon="10.407090"><ele>2088.7</ele><time>2026-07-12T08:49:52Z</time></trkpt>
<trkpt lat="46.516475" lon="10.407256"><ele>2088.0</ele><time>2026-07-12T08:49:54Z</time></trkpt>
<trkpt lat="46.516330" lon="10.407392"><ele>2088.6</ele><time>2026-07-12T08:49:56Z</time></trkpt>
<trkpt lat="46.516160" lon="10.407521"><ele>2089.4</ele><time>2026-07-12T08:49:57Z</time></trkpt>
<trkpt lat="46.515763" lon="10.407790"><ele>2090.4</ele><time>2026-07-12T08:50:01Z</time></trkpt>
<trkpt lat="46.515569" lon="10.407910"><ele>2091.4</ele><time>2026-07-12T08:50:03Z</time></trkpt>
<trkpt lat="46.515502" lon="10.407958"><ele>2092.8</ele><time>2026-07-12T08:50:04Z</time></trkpt>
<trkpt lat="46.515469" lon="10.407989"><ele>2093.8</ele><time>2026-07-12T08:50:04Z</time></trkpt>
<trkpt lat="46.515449" lon="10.408021"><ele>2094.9</ele><time>2026-07-12T08:50:05Z</time></trkpt>
<trkpt lat="46.515446" lon="10.408058"><ele>2095.6</ele><time>2026-07-12T08:50:05Z</time></trkpt>
<trkpt lat="46.515450" lon="10.408085"><ele>2096.4</ele><time>2026-07-12T08:50:05Z</time></trkpt>
<trkpt lat="46.515466" lon="10.408116"><ele>2097.1</ele><time>2026-07-12T08:50:06Z</time></trkpt>
<trkpt lat="46.515493" lon="10.408133"><ele>2097.2</ele><time>2026-07-12T08:50:06Z</time></trkpt>
<trkpt lat="46.515524" lon="10.408128"><ele>2096.7</ele><time>2026-07-12T08:50:06Z</time></trkpt>
<trkpt lat="46.515553" lon="10.408109"><ele>2096.3</ele><time>2026-07-12T08:50:07Z</time></trkpt>
<trkpt lat="46.515637" lon="10.408052"><ele>2096.2</ele><time>2026-07-12T08:50:07Z</time></trkpt>
<trkpt lat="46.515710" lon="10.407993"><ele>2097.2</ele><time>2026-07-12T08:50:08Z</time></trkpt>
<trkpt lat="46.515780" lon="10.407953"><ele>2098.9</ele><time>2026-07-12T08:50:09Z</time></trkpt>
<trkpt lat="46.515889" lon="10.407917"><ele>2101.2</ele><time>2026-07-12T08:50:11Z</time></trkpt>
<trkpt lat="46.516299" lon="10.407850"><ele>2104.1</ele><time>2026-07-12T08:50:16Z</time></trkpt>
<trkpt lat="46.516623" lon="10.407786"><ele>2106.9</ele><time>2026-07-12T08:50:21Z</time></trkpt>
<trkpt lat="46.516801" lon="10.407743"><ele>2109.8</ele><time>2026-07-12T08:50:23Z</time></trkpt>
<trkpt lat="46.516884" lon="10.407680"><ele>2112.8</ele><time>2026-07-12T08:50:24Z</time></trkpt>
<trkpt lat="46.517122" lon="10.407289"><ele>2115.0</ele><time>2026-07-12T08:50:28Z</time></trkpt>
<trkpt lat="46.517276" lon="10.407048"><ele>2116.1</ele><time>2026-07-12T08:50:30Z</time></trkpt>
<trkpt lat="46.517410" lon="10.406827"><ele>2116.6</ele><time>2026-07-12T08:50:31Z</time></trkpt>
<trkpt lat="46.517476" lon="10.406664"><ele>2117.4</ele><time>2026-07-12T08:50:33Z</time></trkpt>
<trkpt lat="46.517507" lon="10.406556"><ele>2118.6</ele><time>2026-07-12T08:50:34Z</time></trkpt>
<trkpt lat="46.517530" lon="10.406485"><ele>2119.5</ele><time>2026-07-12T08:50:34Z</time></trkpt>
<trkpt lat="46.517542" lon="10.406456"><ele>2120.2</ele><time>2026-07-12T08:50:35Z</time></trkpt>
<trkpt lat="46.517552" lon="10.406437"><ele>2120.5</ele><time>2026-07-12T08:50:35Z</time></trkpt>
<trkpt lat="46.517570" lon="10.406425"><ele>2121.4</ele><time>2026-07-12T08:50:35Z</time></trkpt>
<trkpt lat="46.517596" lon="10.406421"><ele>2122.3</ele><time>2026-07-12T08:50:36Z</time></trkpt>
<trkpt lat="46.517622" lon="10.406438"><ele>2122.3</ele><time>2026-07-12T08:50:36Z</time></trkpt>
<trkpt lat="46.517641" lon="10.406469"><ele>2122.6</ele><time>2026-07-12T08:50:36Z</time></trkpt>
<trkpt lat="46.517647" lon="10.406503"><ele>2122.7</ele><time>2026-07-12T08:50:36Z</time></trkpt>
<trkpt lat="46.517642" lon="10.406540"><ele>2123.2</ele><time>2026-07-12T08:50:37Z</time></trkpt>
<trkpt lat="46.517618" lon="10.406604"><ele>2123.9</ele><time>2026-07-12T08:50:37Z</time></trkpt>
<trkpt lat="46.517531" lon="10.406801"><ele>2125.7</ele><time>2026-07-12T08:50:40Z</time></trkpt>
<trkpt lat="46.517423" lon="10.407098"><ele>2127.4</ele><time>2026-07-12T08:50:43Z</time></trkpt>
<trkpt lat="46.517299" lon="10.407444"><ele>2129.8</ele><time>2026-07-12T08:50:46Z</time></trkpt>
<trkpt lat="46.517161" lon="10.408009"><ele>2132.1</ele><time>2026-07-12T08:50:50Z</time></trkpt>
<trkpt lat="46.517129" lon="10.408108"><ele>2134.2</ele><time>2026-07-12T08:50:51Z</time></trkpt>
<trkpt lat="46.517093" lon="10.408194"><ele>2135.9</ele><time>2026-07-12T08:50:52Z</time></trkpt>
<trkpt lat="46.517065" lon="10.408241"><ele>2136.9</ele><time>2026-07-12T08:50:53Z</time></trkpt>
<trkpt lat="46.517032" lon="10.408279"><ele>2137.2</ele><time>2026-07-12T08:50:53Z</time></trkpt>
<trkpt lat="46.516957" lon="10.408343"><ele>2137.0</ele><time>2026-07-12T08:50:54Z</time></trkpt>
<trkpt lat="46.516569" lon="10.408606"><ele>2136.2</ele><time>2026-07-12T08:50:57Z</time></trkpt>
<trkpt lat="46.515882" lon="10.409079"><ele>2135.4</ele><time>2026-07-12T08:51:03Z</time></trkpt>
<trkpt lat="46.515848" lon="10.409105"><ele>2135.0</ele><time>2026-07-12T08:51:03Z</time></trkpt>
<trkpt lat="46.515827" lon="10.409123"><ele>2134.6</ele><time>2026-07-12T08:51:03Z</time></trkpt>
<trkpt lat="46.515814" lon="10.409144"><ele>2135.7</ele><time>2026-07-12T08:51:04Z</time></trkpt>
<trkpt lat="46.515807" lon="10.409171"><ele>2136.2</ele><time>2026-07-12T08:51:04Z</time></trkpt>
<trkpt lat="46.515806" lon="10.409198"><ele>2137.2</ele><time>2026-07-12T08:51:04Z</time></trkpt>
<trkpt lat="46.515810" lon="10.409233"><ele>2138.2</ele><time>2026-07-12T08:51:04Z</time></trkpt>
<trkpt lat="46.515827" lon="10.409254"><ele>2139.7</ele><time>2026-07-12T08:51:05Z</time></trkpt>
<trkpt lat="46.515851" lon="10.409274"><ele>2141.2</ele><time>2026-07-12T08:51:05Z</time></trkpt>
<trkpt lat="46.515873" lon="10.409281"><ele>2142.7</ele><time>2026-07-12T08:51:05Z</time></trkpt>
<trkpt lat="46.515899" lon="10.409271"><ele>2142.2</ele><time>2026-07-12T08:51:06Z</time></trkpt>
<trkpt lat="46.515916" lon="10.409258"><ele>2142.1</ele><time>2026-07-12T08:51:06Z</time></trkpt>
<trkpt lat="46.515945" lon="10.409225"><ele>2142.0</ele><time>2026-07-12T08:51:06Z</time></trkpt>
<trkpt lat="46.515976" lon="10.409192"><ele>2141.9</ele><time>2026-07-12T08:51:07Z</time></trkpt>
<trkpt lat="46.516012" lon="10.409154"><ele>2141.8</ele><time>2026-07-12T08:51:07Z</time></trkpt>
<trkpt lat="46.516053" lon="10.409124"><ele>2142.0</ele><time>2026-07-12T08:51:07Z</time></trkpt>
<trkpt lat="46.516106" lon="10.409108"><ele>2143.2</ele><time>2026-07-12T08:51:08Z</time></trkpt>
<trkpt lat="46.516213" lon="10.409071"><ele>2146.0</ele><time>2026-07-12T08:51:10Z</time></trkpt>
<trkpt lat="46.516497" lon="10.408993"><ele>2148.8</ele><time>2026-07-12T08:51:13Z</time></trkpt>
<trkpt lat="46.516722" lon="10.408951"><ele>2151.1</ele><time>2026-07-12T08:51:16Z</time></trkpt>
<trkpt lat="46.516902" lon="10.408917"><ele>2154.2</ele><time>2026-07-12T08:51:19Z</time></trkpt>
<trkpt lat="46.516999" lon="10.408901"><ele>2156.1</ele><time>2026-07-12T08:51:20Z</time></trkpt>
<trkpt lat="46.517107" lon="10.408854"><ele>2157.9</ele><time>2026-07-12T08:51:22Z</time></trkpt>
<trkpt lat="46.517318" lon="10.408726"><ele>2158.0</ele><time>2026-07-12T08:51:23Z</time></trkpt>
<trkpt lat="46.517389" lon="10.408656"><ele>2156.9</ele><time>2026-07-12T08:51:24Z</time></trkpt>
<trkpt lat="46.517447" lon="10.408567"><ele>2155.7</ele><time>2026-07-12T08:51:26Z</time></trkpt>
<trkpt lat="46.517519" lon="10.408439"><ele>2154.9</ele><time>2026-07-12T08:51:27Z</time></trkpt>
<trkpt lat="46.517644" lon="10.408165"><ele>2153.3</ele><time>2026-07-12T08:51:30Z</time></trkpt>
<trkpt lat="46.517725" lon="10.408007"><ele>2153.0</ele><time>2026-07-12T08:51:31Z</time></trkpt>
<trkpt lat="46.517782" lon="10.407956"><ele>2152.9</ele><time>2026-07-12T08:51:32Z</time></trkpt>
<trkpt lat="46.517874" lon="10.407884"><ele>2153.5</ele><time>2026-07-12T08:51:33Z</time></trkpt>
<trkpt lat="46.518076" lon="10.407790"><ele>2156.1</ele><time>2026-07-12T08:51:35Z</time></trkpt>
<trkpt lat="46.518178" lon="10.407735"><ele>2158.9</ele><time>2026-07-12T08:51:37Z</time></trkpt>
<trkpt lat="46.518341" lon="10.407612"><ele>2162.0</ele><time>2026-07-12T08:51:39Z</time></trkpt>
<trkpt lat="46.518672" lon="10.407314"><ele>2165.5</ele><time>2026-07-12T08:51:44Z</time></trkpt>
<trkpt lat="46.518799" lon="10.407182"><ele>2168.6</ele><time>2026-07-12T08:51:47Z</time></trkpt>
<trkpt lat="46.518942" lon="10.407051"><ele>2171.2</ele><time>2026-07-12T08:51:49Z</time></trkpt>
<trkpt lat="46.518966" lon="10.407033"><ele>2173.7</ele><time>2026-07-12T08:51:49Z</time></trkpt>
<trkpt lat="46.518991" lon="10.407026"><ele>2175.1</ele><time>2026-07-12T08:51:50Z</time></trkpt>
<trkpt lat="46.519014" lon="10.407030"><ele>2176.3</ele><time>2026-07-12T08:51:50Z</time></trkpt>
<trkpt lat="46.519033" lon="10.407037"><ele>2177.1</ele><time>2026-07-12T08:51:50Z</time></trkpt>
<trkpt lat="46.519055" lon="10.407058"><ele>2177.6</ele><time>2026-07-12T08:51:50Z</time></trkpt>
<trkpt lat="46.519074" lon="10.407090"><ele>2178.0</ele><time>2026-07-12T08:51:51Z</time></trkpt>
<trkpt lat="46.519084" lon="10.407128"><ele>2178.5</ele><time>2026-07-12T08:51:51Z</time></trkpt>
<trkpt lat="46.519088" lon="10.407172"><ele>2178.6</ele><time>2026-07-12T08:51:51Z</time></trkpt>
<trkpt lat="46.519082" lon="10.407221"><ele>2178.9</ele><time>2026-07-12T08:51:52Z</time></trkpt>
<trkpt lat="46.519071" lon="10.407260"><ele>2178.4</ele><time>2026-07-12T08:51:52Z</time></trkpt>
<trkpt lat="46.519059" lon="10.407288"><ele>2178.1</ele><time>2026-07-12T08:51:53Z</time></trkpt>
<trkpt lat="46.519041" lon="10.407316"><ele>2177.6</ele><time>2026-07-12T08:51:53Z</time></trkpt>
<trkpt lat="46.518945" lon="10.407439"><ele>2177.5</ele><time>2026-07-12T08:51:54Z</time></trkpt>
<trkpt lat="46.518914" lon="10.407498"><ele>2177.6</ele><time>2026-07-12T08:51:54Z</time></trkpt>
<trkpt lat="46.518889" lon="10.407571"><ele>2177.9</ele><time>2026-07-12T08:51:55Z</time></trkpt>
<trkpt lat="46.518874" lon="10.407658"><ele>2178.8</ele><time>2026-07-12T08:51:56Z</time></trkpt>
<trkpt lat="46.518837" lon="10.407940"><ele>2180.3</ele><time>2026-07-12T08:51:58Z</time></trkpt>
<trkpt lat="46.518820" lon="10.408131"><ele>2181.5</ele><time>2026-07-12T08:52:00Z</time></trkpt>
<trkpt lat="46.518776" lon="10.408374"><ele>2182.9</ele><time>2026-07-12T08:52:02Z</time></trkpt>
<trkpt lat="46.518712" lon="10.408536"><ele>2183.9</ele><time>2026-07-12T08:52:04Z</time></trkpt>
<trkpt lat="46.518628" lon="10.408673"><ele>2184.4</ele><time>2026-07-12T08:52:05Z</time></trkpt>
<trkpt lat="46.518481" lon="10.408813"><ele>2184.8</ele><time>2026-07-12T08:52:07Z</time></trkpt>
<trkpt lat="46.518272" lon="10.408949"><ele>2184.4</ele><time>2026-07-12T08:52:08Z</time></trkpt>
<trkpt lat="46.517966" lon="10.409061"><ele>2183.9</ele><time>2026-07-12T08:52:11Z</time></trkpt>
<trkpt lat="46.517857" lon="10.409093"><ele>2183.5</ele><time>2026-07-12T08:52:12Z</time></trkpt>
<trkpt lat="46.517822" lon="10.409107"><ele>2182.5</ele><time>2026-07-12T08:52:12Z</time></trkpt>
<trkpt lat="46.517797" lon="10.409126"><ele>2182.6</ele><time>2026-07-12T08:52:12Z</time></trkpt>
<trkpt lat="46.517777" lon="10.409148"><ele>2183.3</ele><time>2026-07-12T08:52:13Z</time></trkpt>
<trkpt lat="46.517767" lon="10.409183"><ele>2184.2</ele><time>2026-07-12T08:52:13Z</time></trkpt>
<trkpt lat="46.517764" lon="10.409219"><ele>2185.2</ele><time>2026-07-12T08:52:13Z</time></trkpt>
<trkpt lat="46.517773" lon="10.409258"><ele>2186.1</ele><time>2026-07-12T08:52:14Z</time></trkpt>
<trkpt lat="46.517790" lon="10.409286"><ele>2187.1</ele><time>2026-07-12T08:52:14Z</time></trkpt>
<trkpt lat="46.517804" lon="10.409301"><ele>2188.6</ele><time>2026-07-12T08:52:14Z</time></trkpt>
<trkpt lat="46.517830" lon="10.409309"><ele>2189.6</ele><time>2026-07-12T08:52:15Z</time></trkpt>
<trkpt lat="46.517851" lon="10.409311"><ele>2190.3</ele><time>2026-07-12T08:52:15Z</time></trkpt>
<trkpt lat="46.517887" lon="10.409300"><ele>2192.0</ele><time>2026-07-12T08:52:15Z</time></trkpt>
<trkpt lat="46.518045" lon="10.409256"><ele>2194.6</ele><time>2026-07-12T08:52:18Z</time></trkpt>
<trkpt lat="46.518409" lon="10.409166"><ele>2197.0</ele><time>2026-07-12T08:52:21Z</time></trkpt>
<trkpt lat="46.518766" lon="10.409068"><ele>2199.5</ele><time>2026-07-12T08:52:26Z</time></trkpt>
<trkpt lat="46.519273" lon="10.408892"><ele>2201.3</ele><time>2026-07-12T08:52:31Z</time></trkpt>
<trkpt lat="46.519496" lon="10.408768"><ele>2202.8</ele><time>2026-07-12T08:52:33Z</time></trkpt>
<trkpt lat="46.519522" lon="10.408750"><ele>2204.3</ele><time>2026-07-12T08:52:34Z</time></trkpt>
<trkpt lat="46.519704" lon="10.408657"><ele>2205.3</ele><time>2026-07-12T08:52:35Z</time></trkpt>
<trkpt lat="46.519802" lon="10.408638"><ele>2205.4</ele><time>2026-07-12T08:52:36Z</time></trkpt>
<trkpt lat="46.519923" lon="10.408643"><ele>2206.3</ele><time>2026-07-12T08:52:38Z</time></trkpt>
<trkpt lat="46.520078" lon="10.408697"><ele>2207.2</ele><time>2026-07-12T08:52:39Z</time></trkpt>
<trkpt lat="46.520340" lon="10.408816"><ele>2211.2</ele><time>2026-07-12T08:52:43Z</time></trkpt>
<trkpt lat="46.520584" lon="10.408927"><ele>2215.3</ele><time>2026-07-12T08:52:46Z</time></trkpt>
<trkpt lat="46.520725" lon="10.408961"><ele>2219.9</ele><time>2026-07-12T08:52:48Z</time></trkpt>
<trkpt lat="46.521927" lon="10.409165"><ele>2223.9</ele><time>2026-07-12T08:52:57Z</time></trkpt>
<trkpt lat="46.522066" lon="10.409187"><ele>2228.1</ele><time>2026-07-12T08:52:59Z</time></trkpt>
<trkpt lat="46.522188" lon="10.409213"><ele>2232.0</ele><time>2026-07-12T08:53:01Z</time></trkpt>
<trkpt lat="46.522254" lon="10.409239"><ele>2236.0</ele><time>2026-07-12T08:53:01Z</time></trkpt>
<trkpt lat="46.522310" lon="10.409272"><ele>2237.6</ele><time>2026-07-12T08:53:02Z</time></trkpt>
<trkpt lat="46.522415" lon="10.409382"><ele>2239.3</ele><time>2026-07-12T08:53:04Z</time></trkpt>
<trkpt lat="46.522509" lon="10.409508"><ele>2240.4</ele><time>2026-07-12T08:53:06Z</time></trkpt>
<trkpt lat="46.522587" lon="10.409596"><ele>2241.6</ele><time>2026-07-12T08:53:07Z</time></trkpt>
<trkpt lat="46.522617" lon="10.409621"><ele>2242.9</ele><time>2026-07-12T08:53:08Z</time></trkpt>
<trkpt lat="46.522636" lon="10.409627"><ele>2243.8</ele><time>2026-07-12T08:53:08Z</time></trkpt>
<trkpt lat="46.522701" lon="10.409630"><ele>2244.5</ele><time>2026-07-12T08:53:09Z</time></trkpt>
<trkpt lat="46.522735" lon="10.409618"><ele>2244.7</ele><time>2026-07-12T08:53:09Z</time></trkpt>
<trkpt lat="46.522783" lon="10.409594"><ele>2245.4</ele><time>2026-07-12T08:53:10Z</time></trkpt>
<trkpt lat="46.522892" lon="10.409525"><ele>2246.1</ele><time>2026-07-12T08:53:11Z</time></trkpt>
<trkpt lat="46.522950" lon="10.409462"><ele>2247.4</ele><time>2026-07-12T08:53:12Z</time></trkpt>
<trkpt lat="46.523126" lon="10.409248"><ele>2248.8</ele><time>2026-07-12T08:53:14Z</time></trkpt>
<trkpt lat="46.523301" lon="10.409009"><ele>2250.9</ele><time>2026-07-12T08:53:17Z</time></trkpt>
<trkpt lat="46.523390" lon="10.408921"><ele>2253.0</ele><time>2026-07-12T08:53:19Z</time></trkpt>
<trkpt lat="46.523492" lon="10.408862"><ele>2255.6</ele><time>2026-07-12T08:53:20Z</time></trkpt>
<trkpt lat="46.523687" lon="10.408791"><ele>2257.6</ele><time>2026-07-12T08:53:23Z</time></trkpt>
<trkpt lat="46.523751" lon="10.408782"><ele>2259.4</ele><time>2026-07-12T08:53:24Z</time></trkpt>
<trkpt lat="46.523799" lon="10.408786"><ele>2261.4</ele><time>2026-07-12T08:53:24Z</time></trkpt>
<trkpt lat="46.523834" lon="10.408802"><ele>2263.9</ele><time>2026-07-12T08:53:25Z</time></trkpt>
<trkpt lat="46.523876" lon="10.408825"><ele>2265.7</ele><time>2026-07-12T08:53:25Z</time></trkpt>
<trkpt lat="46.523998" lon="10.408914"><ele>2267.7</ele><time>2026-07-12T08:53:27Z</time></trkpt>
<trkpt lat="46.524185" lon="10.409067"><ele>2269.6</ele><time>2026-07-12T08:53:30Z</time></trkpt>
<trkpt lat="46.524255" lon="10.409099"><ele>2271.6</ele><time>2026-07-12T08:53:31Z</time></trkpt>
<trkpt lat="46.524324" lon="10.409103"><ele>2274.1</ele><time>2026-07-12T08:53:32Z</time></trkpt>
<trkpt lat="46.524385" lon="10.409089"><ele>2276.1</ele><time>2026-07-12T08:53:33Z</time></trkpt>
<trkpt lat="46.524691" lon="10.409008"><ele>2277.3</ele><time>2026-07-12T08:53:36Z</time></trkpt>
<trkpt lat="46.524997" lon="10.408918"><ele>2279.5</ele><time>2026-07-12T08:53:40Z</time></trkpt>
<trkpt lat="46.525120" lon="10.408885"><ele>2281.9</ele><time>2026-07-12T08:53:42Z</time></trkpt>
<trkpt lat="46.525611" lon="10.408752"><ele>2284.9</ele><time>2026-07-12T08:53:46Z</time></trkpt>
<trkpt lat="46.526090" lon="10.408611"><ele>2288.1</ele><time>2026-07-12T08:53:51Z</time></trkpt>
<trkpt lat="46.526329" lon="10.408552"><ele>2290.9</ele><time>2026-07-12T08:53:54Z</time></trkpt>
<trkpt lat="46.526576" lon="10.408489"><ele>2293.6</ele><time>2026-07-12T08:53:58Z</time></trkpt>
<trkpt lat="46.526697" lon="10.408482"><ele>2296.1</ele><time>2026-07-12T08:53:59Z</time></trkpt>
<trkpt lat="46.526802" lon="10.408498"><ele>2297.9</ele><time>2026-07-12T08:54:01Z</time></trkpt>
<trkpt lat="46.526891" lon="10.408531"><ele>2299.1</ele><time>2026-07-12T08:54:02Z</time></trkpt>
<trkpt lat="46.526953" lon="10.408568"><ele>2299.4</ele><time>2026-07-12T08:54:03Z</time></trkpt>
<trkpt lat="46.527006" lon="10.408610"><ele>2299.6</ele><time>2026-07-12T08:54:03Z</time></trkpt>
<trkpt lat="46.527113" lon="10.408705"><ele>2299.7</ele><time>2026-07-12T08:54:04Z</time></trkpt>
<trkpt lat="46.527214" lon="10.408809"><ele>2299.9</ele><time>2026-07-12T08:54:05Z</time></trkpt>
<trkpt lat="46.527469" lon="10.409086"><ele>2299.8</ele><time>2026-07-12T08:54:07Z</time></trkpt>
<trkpt lat="46.527600" lon="10.409228"><ele>2299.7</ele><time>2026-07-12T08:54:08Z</time></trkpt>
<trkpt lat="46.527732" lon="10.409360"><ele>2299.1</ele><time>2026-07-12T08:54:10Z</time></trkpt>
<trkpt lat="46.527831" lon="10.409425"><ele>2298.4</ele><time>2026-07-12T08:54:11Z</time></trkpt>
<trkpt lat="46.527937" lon="10.409460"><ele>2297.6</ele><time>2026-07-12T08:54:12Z</time></trkpt>
<trkpt lat="46.528737" lon="10.409595"><ele>2296.9</ele><time>2026-07-12T08:54:18Z</time></trkpt>
<trkpt lat="46.528877" lon="10.409579"><ele>2296.7</ele><time>2026-07-12T08:54:19Z</time></trkpt>
<trkpt lat="46.529007" lon="10.409547"><ele>2297.4</ele><time>2026-07-12T08:54:20Z</time></trkpt>
<trkpt lat="46.529358" lon="10.409401"><ele>2298.1</ele><time>2026-07-12T08:54:23Z</time></trkpt>
<trkpt lat="46.529714" lon="10.409241"><ele>2299.6</ele><time>2026-07-12T08:54:27Z</time></trkpt>
<trkpt lat="46.529808" lon="10.409201"><ele>2302.3</ele><time>2026-07-12T08:54:28Z</time></trkpt>
<trkpt lat="46.529886" lon="10.409195"><ele>2305.8</ele><time>2026-07-12T08:54:29Z</time></trkpt>
<trkpt lat="46.529958" lon="10.409202"><ele>2309.7</ele><time>2026-07-12T08:54:30Z</time></trkpt>
<trkpt lat="46.530675" lon="10.409279"><ele>2312.9</ele><time>2026-07-12T08:54:37Z</time></trkpt>
<trkpt lat="46.531034" lon="10.409319"><ele>2316.5</ele><time>2026-07-12T08:54:42Z</time></trkpt>
<trkpt lat="46.531411" lon="10.409364"><ele>2319.8</ele><time>2026-07-12T08:54:47Z</time></trkpt>
<trkpt lat="46.531690" lon="10.409413"><ele>2323.4</ele><time>2026-07-12T08:54:50Z</time></trkpt>
<trkpt lat="46.531968" lon="10.409448"><ele>2325.7</ele><time>2026-07-12T08:54:54Z</time></trkpt>
<trkpt lat="46.532033" lon="10.409468"><ele>2327.8</ele><time>2026-07-12T08:54:55Z</time></trkpt>
<trkpt lat="46.532110" lon="10.409512"><ele>2329.1</ele><time>2026-07-12T08:54:56Z</time></trkpt>
<trkpt lat="46.532242" lon="10.409593"><ele>2331.3</ele><time>2026-07-12T08:54:58Z</time></trkpt>
<trkpt lat="46.532780" lon="10.409910"><ele>2333.1</ele><time>2026-07-12T08:55:02Z</time></trkpt>
<trkpt lat="46.533052" lon="10.410072"><ele>2335.2</ele><time>2026-07-12T08:55:06Z</time></trkpt>
<trkpt lat="46.533324" lon="10.410231"><ele>2336.5</ele><time>2026-07-12T08:55:09Z</time></trkpt>
<trkpt lat="46.533820" lon="10.410518"><ele>2338.4</ele><time>2026-07-12T08:55:14Z</time></trkpt>
<trkpt lat="46.533895" lon="10.410562"><ele>2339.8</ele><time>2026-07-12T08:55:15Z</time></trkpt>
<trkpt lat="46.533940" lon="10.410597"><ele>2341.0</ele><time>2026-07-12T08:55:16Z</time></trkpt>
<trkpt lat="46.533984" lon="10.410638"><ele>2341.2</ele><time>2026-07-12T08:55:16Z</time></trkpt>
<trkpt lat="46.534038" lon="10.410715"><ele>2340.9</ele><time>2026-07-12T08:55:17Z</time></trkpt>
<trkpt lat="46.534231" lon="10.411046"><ele>2340.5</ele><time>2026-07-12T08:55:19Z</time></trkpt>
<trkpt lat="46.534296" lon="10.411156"><ele>2340.5</ele><time>2026-07-12T08:55:20Z</time></trkpt>
<trkpt lat="46.534421" lon="10.411366"><ele>2339.8</ele><time>2026-07-12T08:55:22Z</time></trkpt>
<trkpt lat="46.534460" lon="10.411432"><ele>2339.0</ele><time>2026-07-12T08:55:22Z</time></trkpt>
<trkpt lat="46.534549" lon="10.411583"><ele>2338.4</ele><time>2026-07-12T08:55:24Z</time></trkpt>
<trkpt lat="46.534631" lon="10.411719"><ele>2338.3</ele><time>2026-07-12T08:55:25Z</time></trkpt>
<trkpt lat="46.534641" lon="10.411733"><ele>2338.2</ele><time>2026-07-12T08:55:25Z</time></trkpt>
<trkpt lat="46.534651" lon="10.411744"><ele>2337.4</ele><time>2026-07-12T08:55:25Z</time></trkpt>
<trkpt lat="46.534662" lon="10.411757"><ele>2336.7</ele><time>2026-07-12T08:55:25Z</time></trkpt>
<trkpt lat="46.534674" lon="10.411767"><ele>2336.5</ele><time>2026-07-12T08:55:25Z</time></trkpt>
<trkpt lat="46.534687" lon="10.411778"><ele>2336.3</ele><time>2026-07-12T08:55:26Z</time></trkpt>
<trkpt lat="46.534701" lon="10.411788"><ele>2336.1</ele><time>2026-07-12T08:55:26Z</time></trkpt>
<trkpt lat="46.534780" lon="10.411836"><ele>2335.7</ele><time>2026-07-12T08:55:27Z</time></trkpt>
<trkpt lat="46.534793" lon="10.411843"><ele>2335.4</ele><time>2026-07-12T08:55:27Z</time></trkpt>
<trkpt lat="46.534805" lon="10.411849"><ele>2335.4</ele><time>2026-07-12T08:55:27Z</time></trkpt>
<trkpt lat="46.534820" lon="10.411857"><ele>2335.6</ele><time>2026-07-12T08:55:27Z</time></trkpt>
<trkpt lat="46.534833" lon="10.411862"><ele>2335.6</ele><time>2026-07-12T08:55:27Z</time></trkpt>
<trkpt lat="46.534847" lon="10.411866"><ele>2335.8</ele><time>2026-07-12T08:55:27Z</time></trkpt>
<trkpt lat="46.534929" lon="10.411887"><ele>2336.1</ele><time>2026-07-12T08:55:28Z</time></trkpt>
<trkpt lat="46.534995" lon="10.411900"><ele>2337.1</ele><time>2026-07-12T08:55:29Z</time></trkpt>
<trkpt lat="46.535103" lon="10.411919"><ele>2339.0</ele><time>2026-07-12T08:55:31Z</time></trkpt>
<trkpt lat="46.535244" lon="10.411934"><ele>2341.3</ele><time>2026-07-12T08:55:32Z</time></trkpt>
<trkpt lat="46.535528" lon="10.411918"><ele>2343.6</ele><time>2026-07-12T08:55:36Z</time></trkpt>
<trkpt lat="46.535903" lon="10.411884"><ele>2345.8</ele><time>2026-07-12T08:55:40Z</time></trkpt>
<trkpt lat="46.535964" lon="10.411887"><ele>2347.9</ele><time>2026-07-12T08:55:41Z</time></trkpt>
<trkpt lat="46.536009" lon="10.411910"><ele>2349.9</ele><time>2026-07-12T08:55:41Z</time></trkpt>
<trkpt lat="46.536054" lon="10.411937"><ele>2350.8</ele><time>2026-07-12T08:55:42Z</time></trkpt>
<trkpt lat="46.536096" lon="10.411977"><ele>2351.1</ele><time>2026-07-12T08:55:42Z</time></trkpt>
<trkpt lat="46.536142" lon="10.412041"><ele>2350.6</ele><time>2026-07-12T08:55:43Z</time></trkpt>
<trkpt lat="46.536638" lon="10.412686"><ele>2350.4</ele><time>2026-07-12T08:55:48Z</time></trkpt>
<trkpt lat="46.536718" lon="10.412766"><ele>2350.7</ele><time>2026-07-12T08:55:49Z</time></trkpt>
<trkpt lat="46.536803" lon="10.412838"><ele>2351.2</ele><time>2026-07-12T08:55:50Z</time></trkpt>
<trkpt lat="46.536953" lon="10.412918"><ele>2351.8</ele><time>2026-07-12T08:55:51Z</time></trkpt>
<trkpt lat="46.537153" lon="10.412957"><ele>2353.1</ele><time>2026-07-12T08:55:53Z</time></trkpt>
<trkpt lat="46.537363" lon="10.412979"><ele>2354.4</ele><time>2026-07-12T08:55:55Z</time></trkpt>
<trkpt lat="46.537594" lon="10.412996"><ele>2356.2</ele><time>2026-07-12T08:55:58Z</time></trkpt>
<trkpt lat="46.537672" lon="10.413002"><ele>2358.1</ele><time>2026-07-12T08:55:59Z</time></trkpt>
<trkpt lat="46.537757" lon="10.413023"><ele>2359.6</ele><time>2026-07-12T08:56:00Z</time></trkpt>
<trkpt lat="46.537826" lon="10.413058"><ele>2360.6</ele><time>2026-07-12T08:56:01Z</time></trkpt>
<trkpt lat="46.537870" lon="10.413086"><ele>2361.9</ele><time>2026-07-12T08:56:02Z</time></trkpt>
<trkpt lat="46.537911" lon="10.413119"><ele>2363.6</ele><time>2026-07-12T08:56:03Z</time></trkpt>
<trkpt lat="46.538149" lon="10.413473"><ele>2365.0</ele><time>2026-07-12T08:56:06Z</time></trkpt>
<trkpt lat="46.539033" lon="10.414844"><ele>2366.1</ele><time>2026-07-12T08:56:15Z</time></trkpt>
<trkpt lat="46.539917" lon="10.416205"><ele>2367.3</ele><time>2026-07-12T08:56:25Z</time></trkpt>
<trkpt lat="46.540000" lon="10.416347"><ele>2368.2</ele><time>2026-07-12T08:56:26Z</time></trkpt>
<trkpt lat="46.540067" lon="10.416496"><ele>2369.0</ele><time>2026-07-12T08:56:28Z</time></trkpt>
<trkpt lat="46.540102" lon="10.416573"><ele>2369.5</ele><time>2026-07-12T08:56:29Z</time></trkpt>
<trkpt lat="46.540137" lon="10.416662"><ele>2369.9</ele><time>2026-07-12T08:56:30Z</time></trkpt>
<trkpt lat="46.540171" lon="10.416763"><ele>2369.8</ele><time>2026-07-12T08:56:30Z</time></trkpt>
<trkpt lat="46.540198" lon="10.416845"><ele>2369.9</ele><time>2026-07-12T08:56:31Z</time></trkpt>
<trkpt lat="46.540218" lon="10.416908"><ele>2369.5</ele><time>2026-07-12T08:56:31Z</time></trkpt>
<trkpt lat="46.540240" lon="10.417002"><ele>2369.0</ele><time>2026-07-12T08:56:32Z</time></trkpt>
<trkpt lat="46.540264" lon="10.417120"><ele>2369.2</ele><time>2026-07-12T08:56:33Z</time></trkpt>
<trkpt lat="46.540285" lon="10.417252"><ele>2371.0</ele><time>2026-07-12T08:56:34Z</time></trkpt>
<trkpt lat="46.540317" lon="10.417601"><ele>2375.7</ele><time>2026-07-12T08:56:37Z</time></trkpt>
<trkpt lat="46.540350" lon="10.417935"><ele>2381.7</ele><time>2026-07-12T08:56:40Z</time></trkpt>
<trkpt lat="46.540650" lon="10.421401"><ele>2388.0</ele><time>2026-07-12T08:56:58Z</time></trkpt>
<trkpt lat="46.541030" lon="10.425888"><ele>2393.8</ele><time>2026-07-12T08:57:21Z</time></trkpt>
<trkpt lat="46.541050" lon="10.426122"><ele>2400.5</ele><time>2026-07-12T08:57:23Z</time></trkpt>
<trkpt lat="46.541049" lon="10.426331"><ele>2407.6</ele><time>2026-07-12T08:57:25Z</time></trkpt>
<trkpt lat="46.541021" lon="10.426607"><ele>2413.5</ele><time>2026-07-12T08:57:27Z</time></trkpt>
<trkpt lat="46.540992" lon="10.426898"><ele>2415.4</ele><time>2026-07-12T08:57:30Z</time></trkpt>
<trkpt lat="46.540851" lon="10.428187"><ele>2416.8</ele><time>2026-07-12T08:57:36Z</time></trkpt>
<trkpt lat="46.540825" lon="10.428352"><ele>2418.4</ele><time>2026-07-12T08:57:38Z</time></trkpt>
<trkpt lat="46.540769" lon="10.428593"><ele>2420.7</ele><time>2026-07-12T08:57:40Z</time></trkpt>
<trkpt lat="46.540682" lon="10.428887"><ele>2423.1</ele><time>2026-07-12T08:57:43Z</time></trkpt>
<trkpt lat="46.540484" lon="10.429532"><ele>2424.5</ele><time>2026-07-12T08:57:47Z</time></trkpt>
<trkpt lat="46.540231" lon="10.430102"><ele>2426.3</ele><time>2026-07-12T08:57:51Z</time></trkpt>
<trkpt lat="46.539991" lon="10.430585"><ele>2429.1</ele><time>2026-07-12T08:57:57Z</time></trkpt>
<trkpt lat="46.539826" lon="10.430817"><ele>2431.1</ele><time>2026-07-12T08:58:00Z</time></trkpt>
<trkpt lat="46.539640" lon="10.431022"><ele>2433.1</ele><time>2026-07-12T08:58:03Z</time></trkpt>
<trkpt lat="46.538889" lon="10.431863"><ele>2434.7</ele><time>2026-07-12T08:58:10Z</time></trkpt>
<trkpt lat="46.538722" lon="10.432013"><ele>2436.1</ele><time>2026-07-12T08:58:12Z</time></trkpt>
<trkpt lat="46.538605" lon="10.432102"><ele>2437.6</ele><time>2026-07-12T08:58:14Z</time></trkpt>
<trkpt lat="46.538442" lon="10.432183"><ele>2438.4</ele><time>2026-07-12T08:58:16Z</time></trkpt>
<trkpt lat="46.538384" lon="10.432220"><ele>2438.6</ele><time>2026-07-12T08:58:16Z</time></trkpt>
<trkpt lat="46.538363" lon="10.432245"><ele>2439.0</ele><time>2026-07-12T08:58:17Z</time></trkpt>
<trkpt lat="46.538347" lon="10.432273"><ele>2439.2</ele><time>2026-07-12T08:58:17Z</time></trkpt>
<trkpt lat="46.538340" lon="10.432301"><ele>2440.0</ele><time>2026-07-12T08:58:17Z</time></trkpt>
<trkpt lat="46.538342" lon="10.432334"><ele>2440.4</ele><time>2026-07-12T08:58:17Z</time></trkpt>
<trkpt lat="46.538355" lon="10.432370"><ele>2440.8</ele><time>2026-07-12T08:58:18Z</time></trkpt>
<trkpt lat="46.538380" lon="10.432391"><ele>2441.4</ele><time>2026-07-12T08:58:18Z</time></trkpt>
<trkpt lat="46.538410" lon="10.432403"><ele>2441.5</ele><time>2026-07-12T08:58:19Z</time></trkpt>
<trkpt lat="46.538435" lon="10.432402"><ele>2441.9</ele><time>2026-07-12T08:58:19Z</time></trkpt>
<trkpt lat="46.538458" lon="10.432395"><ele>2442.5</ele><time>2026-07-12T08:58:19Z</time></trkpt>
<trkpt lat="46.538530" lon="10.432338"><ele>2442.4</ele><time>2026-07-12T08:58:20Z</time></trkpt>
<trkpt lat="46.538639" lon="10.432265"><ele>2443.3</ele><time>2026-07-12T08:58:21Z</time></trkpt>
<trkpt lat="46.538744" lon="10.432216"><ele>2444.6</ele><time>2026-07-12T08:58:23Z</time></trkpt>
<trkpt lat="46.538868" lon="10.432159"><ele>2446.2</ele><time>2026-07-12T08:58:25Z</time></trkpt>
<trkpt lat="46.539609" lon="10.431850"><ele>2448.2</ele><time>2026-07-12T08:58:30Z</time></trkpt>
<trkpt lat="46.539677" lon="10.431814"><ele>2450.0</ele><time>2026-07-12T08:58:31Z</time></trkpt>
<trkpt lat="46.539736" lon="10.431786"><ele>2451.6</ele><time>2026-07-12T08:58:32Z</time></trkpt>
<trkpt lat="46.539768" lon="10.431786"><ele>2453.9</ele><time>2026-07-12T08:58:32Z</time></trkpt>
<trkpt lat="46.539791" lon="10.431804"><ele>2455.3</ele><time>2026-07-12T08:58:33Z</time></trkpt>
<trkpt lat="46.539809" lon="10.431832"><ele>2456.4</ele><time>2026-07-12T08:58:33Z</time></trkpt>
<trkpt lat="46.539816" lon="10.431866"><ele>2456.9</ele><time>2026-07-12T08:58:33Z</time></trkpt>
<trkpt lat="46.539814" lon="10.431902"><ele>2457.5</ele><time>2026-07-12T08:58:34Z</time></trkpt>
<trkpt lat="46.539800" lon="10.431934"><ele>2457.6</ele><time>2026-07-12T08:58:34Z</time></trkpt>
<trkpt lat="46.539784" lon="10.431953"><ele>2458.0</ele><time>2026-07-12T08:58:34Z</time></trkpt>
<trkpt lat="46.539747" lon="10.431983"><ele>2457.4</ele><time>2026-07-12T08:58:35Z</time></trkpt>
<trkpt lat="46.539675" lon="10.432028"><ele>2457.6</ele><time>2026-07-12T08:58:35Z</time></trkpt>
<trkpt lat="46.539612" lon="10.432072"><ele>2457.7</ele><time>2026-07-12T08:58:36Z</time></trkpt>
<trkpt lat="46.539484" lon="10.432183"><ele>2458.6</ele><time>2026-07-12T08:58:37Z</time></trkpt>
<trkpt lat="46.538810" lon="10.432951"><ele>2459.2</ele><time>2026-07-12T08:58:44Z</time></trkpt>
<trkpt lat="46.538425" lon="10.433389"><ele>2460.7</ele><time>2026-07-12T08:58:47Z</time></trkpt>
<trkpt lat="46.538227" lon="10.433600"><ele>2462.0</ele><time>2026-07-12T08:58:50Z</time></trkpt>
<trkpt lat="46.538075" lon="10.433747"><ele>2463.7</ele><time>2026-07-12T08:58:52Z</time></trkpt>
<trkpt lat="46.538013" lon="10.433800"><ele>2465.1</ele><time>2026-07-12T08:58:53Z</time></trkpt>
<trkpt lat="46.537992" lon="10.433838"><ele>2466.5</ele><time>2026-07-12T08:58:53Z</time></trkpt>
<trkpt lat="46.537989" lon="10.433888"><ele>2467.2</ele><time>2026-07-12T08:58:54Z</time></trkpt>
<trkpt lat="46.537998" lon="10.433931"><ele>2468.4</ele><time>2026-07-12T08:58:54Z</time></trkpt>
<trkpt lat="46.538029" lon="10.433963"><ele>2468.7</ele><time>2026-07-12T08:58:55Z</time></trkpt>
<trkpt lat="46.538067" lon="10.433974"><ele>2469.1</ele><time>2026-07-12T08:58:55Z</time></trkpt>
<trkpt lat="46.538130" lon="10.433944"><ele>2470.2</ele><time>2026-07-12T08:58:56Z</time></trkpt>
<trkpt lat="46.538264" lon="10.433891"><ele>2470.8</ele><time>2026-07-12T08:58:57Z</time></trkpt>
<trkpt lat="46.538411" lon="10.433849"><ele>2471.6</ele><time>2026-07-12T08:58:59Z</time></trkpt>
<trkpt lat="46.538818" lon="10.433779"><ele>2472.4</ele><time>2026-07-12T08:59:02Z</time></trkpt>
<trkpt lat="46.538995" lon="10.433723"><ele>2473.2</ele><time>2026-07-12T08:59:04Z</time></trkpt>
<trkpt lat="46.539146" lon="10.433647"><ele>2474.3</ele><time>2026-07-12T08:59:06Z</time></trkpt>
<trkpt lat="46.539289" lon="10.433553"><ele>2475.3</ele><time>2026-07-12T08:59:07Z</time></trkpt>
<trkpt lat="46.539445" lon="10.433442"><ele>2475.9</ele><time>2026-07-12T08:59:08Z</time></trkpt>
<trkpt lat="46.539507" lon="10.433387"><ele>2476.3</ele><time>2026-07-12T08:59:09Z</time></trkpt>
<trkpt lat="46.539574" lon="10.433318"><ele>2476.4</ele><time>2026-07-12T08:59:10Z</time></trkpt>
<trkpt lat="46.539638" lon="10.433239"><ele>2476.6</ele><time>2026-07-12T08:59:10Z</time></trkpt>
<trkpt lat="46.539673" lon="10.433210"><ele>2476.5</ele><time>2026-07-12T08:59:11Z</time></trkpt>
<trkpt lat="46.539688" lon="10.433205"><ele>2476.7</ele><time>2026-07-12T08:59:11Z</time></trkpt>
<trkpt lat="46.539703" lon="10.433209"><ele>2476.9</ele><time>2026-07-12T08:59:11Z</time></trkpt>
<trkpt lat="46.539722" lon="10.433227"><ele>2476.9</ele><time>2026-07-12T08:59:11Z</time></trkpt>
<trkpt lat="46.539730" lon="10.433249"><ele>2477.2</ele><time>2026-07-12T08:59:11Z</time></trkpt>
<trkpt lat="46.539734" lon="10.433275"><ele>2477.4</ele><time>2026-07-12T08:59:12Z</time></trkpt>
<trkpt lat="46.539731" lon="10.433305"><ele>2477.9</ele><time>2026-07-12T08:59:12Z</time></trkpt>
<trkpt lat="46.539722" lon="10.433335"><ele>2478.4</ele><time>2026-07-12T08:59:12Z</time></trkpt>
<trkpt lat="46.539707" lon="10.433364"><ele>2478.7</ele><time>2026-07-12T08:59:13Z</time></trkpt>
<trkpt lat="46.539637" lon="10.433498"><ele>2479.0</ele><time>2026-07-12T08:59:13Z</time></trkpt>
<trkpt lat="46.539578" lon="10.433618"><ele>2479.7</ele><time>2026-07-12T08:59:15Z</time></trkpt>
<trkpt lat="46.539464" lon="10.433849"><ele>2480.2</ele><time>2026-07-12T08:59:16Z</time></trkpt>
<trkpt lat="46.539353" lon="10.434063"><ele>2480.9</ele><time>2026-07-12T08:59:18Z</time></trkpt>
<trkpt lat="46.539297" lon="10.434173"><ele>2481.2</ele><time>2026-07-12T08:59:19Z</time></trkpt>
<trkpt lat="46.539250" lon="10.434243"><ele>2481.6</ele><time>2026-07-12T08:59:19Z</time></trkpt>
<trkpt lat="46.539202" lon="10.434295"><ele>2482.4</ele><time>2026-07-12T08:59:20Z</time></trkpt>
<trkpt lat="46.539139" lon="10.434343"><ele>2483.9</ele><time>2026-07-12T08:59:21Z</time></trkpt>
<trkpt lat="46.538878" lon="10.434525"><ele>2485.2</ele><time>2026-07-12T08:59:24Z</time></trkpt>
<trkpt lat="46.538355" lon="10.434868"><ele>2487.1</ele><time>2026-07-12T08:59:28Z</time></trkpt>
<trkpt lat="46.537885" lon="10.435160"><ele>2488.7</ele><time>2026-07-12T08:59:32Z</time></trkpt>
<trkpt lat="46.537757" lon="10.435260"><ele>2490.8</ele><time>2026-07-12T08:59:34Z</time></trkpt>
<trkpt lat="46.537701" lon="10.435318"><ele>2493.8</ele><time>2026-07-12T08:59:35Z</time></trkpt>
<trkpt lat="46.537652" lon="10.435388"><ele>2496.5</ele><time>2026-07-12T08:59:36Z</time></trkpt>
<trkpt lat="46.537580" lon="10.435556"><ele>2498.6</ele><time>2026-07-12T08:59:37Z</time></trkpt>
<trkpt lat="46.537404" lon="10.436073"><ele>2501.0</ele><time>2026-07-12T08:59:41Z</time></trkpt>
<trkpt lat="46.537316" lon="10.436320"><ele>2503.0</ele><time>2026-07-12T08:59:44Z</time></trkpt>
<trkpt lat="46.537279" lon="10.436417"><ele>2505.0</ele><time>2026-07-12T08:59:45Z</time></trkpt>
<trkpt lat="46.537234" lon="10.436501"><ele>2506.9</ele><time>2026-07-12T08:59:46Z</time></trkpt>
<trkpt lat="46.537198" lon="10.436551"><ele>2508.2</ele><time>2026-07-12T08:59:46Z</time></trkpt>
<trkpt lat="46.537161" lon="10.436589"><ele>2509.5</ele><time>2026-07-12T08:59:47Z</time></trkpt>
<trkpt lat="46.537039" lon="10.436679"><ele>2510.7</ele><time>2026-07-12T08:59:49Z</time></trkpt>
<trkpt lat="46.536871" lon="10.436783"><ele>2513.0</ele><time>2026-07-12T08:59:51Z</time></trkpt>
<trkpt lat="46.536641" lon="10.436888"><ele>2515.6</ele><time>2026-07-12T08:59:54Z</time></trkpt>
<trkpt lat="46.536553" lon="10.436951"><ele>2518.3</ele><time>2026-07-12T08:59:56Z</time></trkpt>
<trkpt lat="46.535936" lon="10.437683"><ele>2520.7</ele><time>2026-07-12T09:00:02Z</time></trkpt>
<trkpt lat="46.535906" lon="10.437720"><ele>2522.8</ele><time>2026-07-12T09:00:02Z</time></trkpt>
<trkpt lat="46.535893" lon="10.437756"><ele>2524.7</ele><time>2026-07-12T09:00:02Z</time></trkpt>
<trkpt lat="46.535891" lon="10.437790"><ele>2526.9</ele><time>2026-07-12T09:00:03Z</time></trkpt>
<trkpt lat="46.535893" lon="10.437825"><ele>2527.9</ele><time>2026-07-12T09:00:03Z</time></trkpt>
<trkpt lat="46.535911" lon="10.437853"><ele>2528.5</ele><time>2026-07-12T09:00:03Z</time></trkpt>
<trkpt lat="46.536170" lon="10.438202"><ele>2529.2</ele><time>2026-07-12T09:00:06Z</time></trkpt>
<trkpt lat="46.536183" lon="10.438228"><ele>2529.8</ele><time>2026-07-12T09:00:06Z</time></trkpt>
<trkpt lat="46.536190" lon="10.438262"><ele>2530.5</ele><time>2026-07-12T09:00:07Z</time></trkpt>
<trkpt lat="46.536192" lon="10.438294"><ele>2531.1</ele><time>2026-07-12T09:00:07Z</time></trkpt>
<trkpt lat="46.536192" lon="10.438315"><ele>2531.4</ele><time>2026-07-12T09:00:07Z</time></trkpt>
<trkpt lat="46.536183" lon="10.438333"><ele>2531.4</ele><time>2026-07-12T09:00:07Z</time></trkpt>
<trkpt lat="46.536171" lon="10.438352"><ele>2531.5</ele><time>2026-07-12T09:00:07Z</time></trkpt>
<trkpt lat="46.536151" lon="10.438361"><ele>2531.8</ele><time>2026-07-12T09:00:08Z</time></trkpt>
<trkpt lat="46.536123" lon="10.438365"><ele>2532.1</ele><time>2026-07-12T09:00:08Z</time></trkpt>
<trkpt lat="46.535981" lon="10.438339"><ele>2533.1</ele><time>2026-07-12T09:00:09Z</time></trkpt>
<trkpt lat="46.535908" lon="10.438336"><ele>2534.1</ele><time>2026-07-12T09:00:10Z</time></trkpt>
<trkpt lat="46.535809" lon="10.438347"><ele>2535.8</ele><time>2026-07-12T09:00:12Z</time></trkpt>
<trkpt lat="46.535568" lon="10.438425"><ele>2538.2</ele><time>2026-07-12T09:00:15Z</time></trkpt>
<trkpt lat="46.535421" lon="10.438467"><ele>2540.8</ele><time>2026-07-12T09:00:17Z</time></trkpt>
<trkpt lat="46.534562" lon="10.438720"><ele>2543.6</ele><time>2026-07-12T09:00:23Z</time></trkpt>
<trkpt lat="46.534286" lon="10.438746"><ele>2546.4</ele><time>2026-07-12T09:00:27Z</time></trkpt>
<trkpt lat="46.533864" lon="10.438790"><ele>2550.8</ele><time>2026-07-12T09:00:33Z</time></trkpt>
<trkpt lat="46.533684" lon="10.438821"><ele>2556.5</ele><time>2026-07-12T09:00:35Z</time></trkpt>
<trkpt lat="46.533548" lon="10.438871"><ele>2561.5</ele><time>2026-07-12T09:00:37Z</time></trkpt>
<trkpt lat="46.532803" lon="10.439311"><ele>2565.8</ele><time>2026-07-12T09:00:45Z</time></trkpt>
<trkpt lat="46.532297" lon="10.439612"><ele>2569.8</ele><time>2026-07-12T09:00:52Z</time></trkpt>
<trkpt lat="46.532293" lon="10.439614"><ele>2573.6</ele><time>2026-07-12T09:00:52Z</time></trkpt>
<trkpt lat="46.532284" lon="10.439621"><ele>2577.1</ele><time>2026-07-12T09:00:52Z</time></trkpt>
<trkpt lat="46.532271" lon="10.439633"><ele>2578.6</ele><time>2026-07-12T09:00:52Z</time></trkpt>
<trkpt lat="46.532259" lon="10.439651"><ele>2578.6</ele><time>2026-07-12T09:00:53Z</time></trkpt>
<trkpt lat="46.532248" lon="10.439675"><ele>2579.0</ele><time>2026-07-12T09:00:53Z</time></trkpt>
<trkpt lat="46.532243" lon="10.439706"><ele>2579.4</ele><time>2026-07-12T09:00:53Z</time></trkpt>
<trkpt lat="46.532240" lon="10.439734"><ele>2580.8</ele><time>2026-07-12T09:00:53Z</time></trkpt>
<trkpt lat="46.532244" lon="10.439761"><ele>2582.8</ele><time>2026-07-12T09:00:54Z</time></trkpt>
<trkpt lat="46.532256" lon="10.439799"><ele>2584.8</ele><time>2026-07-12T09:00:54Z</time></trkpt>
<trkpt lat="46.532542" lon="10.440291"><ele>2587.2</ele><time>2026-07-12T09:00:58Z</time></trkpt>
<trkpt lat="46.532727" lon="10.440646"><ele>2590.0</ele><time>2026-07-12T09:01:02Z</time></trkpt>
<trkpt lat="46.532795" lon="10.440777"><ele>2592.4</ele><time>2026-07-12T09:01:04Z</time></trkpt>
<trkpt lat="46.532970" lon="10.441104"><ele>2594.8</ele><time>2026-07-12T09:01:08Z</time></trkpt>
<trkpt lat="46.533277" lon="10.441695"><ele>2596.2</ele><time>2026-07-12T09:01:11Z</time></trkpt>
<trkpt lat="46.533348" lon="10.441842"><ele>2597.1</ele><time>2026-07-12T09:01:13Z</time></trkpt>
<trkpt lat="46.533402" lon="10.441998"><ele>2598.1</ele><time>2026-07-12T09:01:15Z</time></trkpt>
<trkpt lat="46.533416" lon="10.442105"><ele>2598.6</ele><time>2026-07-12T09:01:16Z</time></trkpt>
<trkpt lat="46.533420" lon="10.442219"><ele>2599.1</ele><time>2026-07-12T09:01:17Z</time></trkpt>
<trkpt lat="46.533409" lon="10.442341"><ele>2599.5</ele><time>2026-07-12T09:01:17Z</time></trkpt>
<trkpt lat="46.533383" lon="10.442460"><ele>2600.3</ele><time>2026-07-12T09:01:19Z</time></trkpt>
<trkpt lat="46.533346" lon="10.442563"><ele>2601.3</ele><time>2026-07-12T09:01:20Z</time></trkpt>
<trkpt lat="46.533302" lon="10.442662"><ele>2602.6</ele><time>2026-07-12T09:01:21Z</time></trkpt>
<trkpt lat="46.533229" lon="10.442789"><ele>2603.8</ele><time>2026-07-12T09:01:22Z</time></trkpt>
<trkpt lat="46.533151" lon="10.442917"><ele>2605.4</ele><time>2026-07-12T09:01:24Z</time></trkpt>
<trkpt lat="46.533080" lon="10.443022"><ele>2606.8</ele><time>2026-07-12T09:01:25Z</time></trkpt>
<trkpt lat="46.533006" lon="10.443110"><ele>2608.7</ele><time>2026-07-12T09:01:26Z</time></trkpt>
<trkpt lat="46.532894" lon="10.443204"><ele>2610.5</ele><time>2026-07-12T09:01:28Z</time></trkpt>
<trkpt lat="46.532761" lon="10.443280"><ele>2612.0</ele><time>2026-07-12T09:01:30Z</time></trkpt>
<trkpt lat="46.532271" lon="10.443529"><ele>2613.4</ele><time>2026-07-12T09:01:34Z</time></trkpt>
<trkpt lat="46.532123" lon="10.443610"><ele>2615.1</ele><time>2026-07-12T09:01:36Z</time></trkpt>
<trkpt lat="46.531979" lon="10.443702"><ele>2616.8</ele><time>2026-07-12T09:01:38Z</time></trkpt>
<trkpt lat="46.531883" lon="10.443804"><ele>2618.5</ele><time>2026-07-12T09:01:40Z</time></trkpt>
<trkpt lat="46.531804" lon="10.443937"><ele>2619.7</ele><time>2026-07-12T09:01:41Z</time></trkpt>
<trkpt lat="46.531627" lon="10.444348"><ele>2620.8</ele><time>2026-07-12T09:01:44Z</time></trkpt>
<trkpt lat="46.531622" lon="10.444357"><ele>2622.1</ele><time>2026-07-12T09:01:45Z</time></trkpt>
<trkpt lat="46.531610" lon="10.444382"><ele>2623.3</ele><time>2026-07-12T09:01:45Z</time></trkpt>
<trkpt lat="46.531593" lon="10.444421"><ele>2624.4</ele><time>2026-07-12T09:01:45Z</time></trkpt>
<trkpt lat="46.531573" lon="10.444470"><ele>2625.0</ele><time>2026-07-12T09:01:46Z</time></trkpt>
<trkpt lat="46.531554" lon="10.444526"><ele>2625.6</ele><time>2026-07-12T09:01:46Z</time></trkpt>
<trkpt lat="46.531537" lon="10.444585"><ele>2626.6</ele><time>2026-07-12T09:01:47Z</time></trkpt>
<trkpt lat="46.531525" lon="10.444646"><ele>2627.3</ele><time>2026-07-12T09:01:48Z</time></trkpt>
<trkpt lat="46.531521" lon="10.444704"><ele>2627.9</ele><time>2026-07-12T09:01:48Z</time></trkpt>
<trkpt lat="46.531526" lon="10.444757"><ele>2628.4</ele><time>2026-07-12T09:01:49Z</time></trkpt>
<trkpt lat="46.531545" lon="10.444802"><ele>2628.7</ele><time>2026-07-12T09:01:49Z</time></trkpt>
<trkpt lat="46.531569" lon="10.444837"><ele>2628.9</ele><time>2026-07-12T09:01:49Z</time></trkpt>
<trkpt lat="46.531589" lon="10.444866"><ele>2629.5</ele><time>2026-07-12T09:01:50Z</time></trkpt>
<trkpt lat="46.531607" lon="10.444888"><ele>2629.7</ele><time>2026-07-12T09:01:50Z</time></trkpt>
<trkpt lat="46.531625" lon="10.444905"><ele>2629.9</ele><time>2026-07-12T09:01:50Z</time></trkpt>
<trkpt lat="46.531642" lon="10.444918"><ele>2630.1</ele><time>2026-07-12T09:01:51Z</time></trkpt>
<trkpt lat="46.531661" lon="10.444926"><ele>2630.3</ele><time>2026-07-12T09:01:51Z</time></trkpt>
<trkpt lat="46.531682" lon="10.444932"><ele>2630.6</ele><time>2026-07-12T09:01:51Z</time></trkpt>
<trkpt lat="46.531706" lon="10.444934"><ele>2630.9</ele><time>2026-07-12T09:01:52Z</time></trkpt>
<trkpt lat="46.531734" lon="10.444936"><ele>2630.8</ele><time>2026-07-12T09:01:52Z</time></trkpt>
<trkpt lat="46.531769" lon="10.444936"><ele>2630.8</ele><time>2026-07-12T09:01:52Z</time></trkpt>
<trkpt lat="46.531807" lon="10.444935"><ele>2630.7</ele><time>2026-07-12T09:01:52Z</time></trkpt>
<trkpt lat="46.531848" lon="10.444932"><ele>2630.8</ele><time>2026-07-12T09:01:53Z</time></trkpt>
<trkpt lat="46.531890" lon="10.444928"><ele>2630.9</ele><time>2026-07-12T09:01:53Z</time></trkpt>
<trkpt lat="46.531932" lon="10.444923"><ele>2630.6</ele><time>2026-07-12T09:01:53Z</time></trkpt>
<trkpt lat="46.531975" lon="10.444917"><ele>2630.5</ele><time>2026-07-12T09:01:54Z</time></trkpt>
<trkpt lat="46.532016" lon="10.444910"><ele>2630.4</ele><time>2026-07-12T09:01:54Z</time></trkpt>
<trkpt lat="46.532056" lon="10.444904"><ele>2630.3</ele><time>2026-07-12T09:01:54Z</time></trkpt>
<trkpt lat="46.532094" lon="10.444897"><ele>2630.5</ele><time>2026-07-12T09:01:55Z</time></trkpt>
<trkpt lat="46.532128" lon="10.444891"><ele>2630.7</ele><time>2026-07-12T09:01:55Z</time></trkpt>
<trkpt lat="46.532159" lon="10.444886"><ele>2630.8</ele><time>2026-07-12T09:01:55Z</time></trkpt>
<trkpt lat="46.532336" lon="10.444825"><ele>2631.2</ele><time>2026-07-12T09:01:57Z</time></trkpt>
<trkpt lat="46.532584" lon="10.444708"><ele>2631.5</ele><time>2026-07-12T09:01:58Z</time></trkpt>
<trkpt lat="46.532590" lon="10.444705"><ele>2631.9</ele><time>2026-07-12T09:01:59Z</time></trkpt>
<trkpt lat="46.532608" lon="10.444697"><ele>2632.3</ele><time>2026-07-12T09:01:59Z</time></trkpt>
<trkpt lat="46.532635" lon="10.444686"><ele>2632.4</ele><time>2026-07-12T09:01:59Z</time></trkpt>
<trkpt lat="46.532669" lon="10.444673"><ele>2632.5</ele><time>2026-07-12T09:01:59Z</time></trkpt>
<trkpt lat="46.532708" lon="10.444658"><ele>2632.6</ele><time>2026-07-12T09:02:00Z</time></trkpt>
<trkpt lat="46.532749" lon="10.444643"><ele>2632.7</ele><time>2026-07-12T09:02:00Z</time></trkpt>
<trkpt lat="46.532791" lon="10.444630"><ele>2632.7</ele><time>2026-07-12T09:02:00Z</time></trkpt>
<trkpt lat="46.532830" lon="10.444619"><ele>2632.6</ele><time>2026-07-12T09:02:00Z</time></trkpt>
<trkpt lat="46.532865" lon="10.444613"><ele>2632.5</ele><time>2026-07-12T09:02:01Z</time></trkpt>
<trkpt lat="46.532894" lon="10.444611"><ele>2632.4</ele><time>2026-07-12T09:02:01Z</time></trkpt>
<trkpt lat="46.532921" lon="10.444613"><ele>2632.2</ele><time>2026-07-12T09:02:01Z</time></trkpt>
<trkpt lat="46.532952" lon="10.444616"><ele>2632.0</ele><time>2026-07-12T09:02:02Z</time></trkpt>
<trkpt lat="46.532985" lon="10.444622"><ele>2631.7</ele><time>2026-07-12T09:02:02Z</time></trkpt>
<trkpt lat="46.533018" lon="10.444627"><ele>2631.6</ele><time>2026-07-12T09:02:02Z</time></trkpt>
<trkpt lat="46.533050" lon="10.444634"><ele>2631.2</ele><time>2026-07-12T09:02:03Z</time></trkpt>
<trkpt lat="46.533080" lon="10.444640"><ele>2630.9</ele><time>2026-07-12T09:02:03Z</time></trkpt>
<trkpt lat="46.533105" lon="10.444645"><ele>2630.5</ele><time>2026-07-12T09:02:04Z</time></trkpt>
<trkpt lat="46.533125" lon="10.444650"><ele>2630.3</ele><time>2026-07-12T09:02:04Z</time></trkpt>
<trkpt lat="46.533139" lon="10.444653"><ele>2630.1</ele><time>2026-07-12T09:02:04Z</time></trkpt>
<trkpt lat="46.533143" lon="10.444654"><ele>2629.9</ele><time>2026-07-12T09:02:04Z</time></trkpt>
<trkpt lat="46.533146" lon="10.444655"><ele>2629.7</ele><time>2026-07-12T09:02:04Z</time></trkpt>
<trkpt lat="46.533153" lon="10.444660"><ele>2629.7</ele><time>2026-07-12T09:02:04Z</time></trkpt>
<trkpt lat="46.533163" lon="10.444667"><ele>2629.7</ele><time>2026-07-12T09:02:04Z</time></trkpt>
<trkpt lat="46.533176" lon="10.444677"><ele>2629.7</ele><time>2026-07-12T09:02:04Z</time></trkpt>
<trkpt lat="46.533190" lon="10.444692"><ele>2630.1</ele><time>2026-07-12T09:02:05Z</time></trkpt>
<trkpt lat="46.533205" lon="10.444710"><ele>2630.2</ele><time>2026-07-12T09:02:05Z</time></trkpt>
<trkpt lat="46.533219" lon="10.444733"><ele>2630.4</ele><time>2026-07-12T09:02:05Z</time></trkpt>
<trkpt lat="46.533231" lon="10.444761"><ele>2630.5</ele><time>2026-07-12T09:02:05Z</time></trkpt>
<trkpt lat="46.533241" lon="10.444794"><ele>2631.0</ele><time>2026-07-12T09:02:06Z</time></trkpt>
<trkpt lat="46.533247" lon="10.444832"><ele>2631.7</ele><time>2026-07-12T09:02:06Z</time></trkpt>
<trkpt lat="46.533247" lon="10.444880"><ele>2632.4</ele><time>2026-07-12T09:02:07Z</time></trkpt>
<trkpt lat="46.533241" lon="10.444939"><ele>2633.0</ele><time>2026-07-12T09:02:07Z</time></trkpt>
<trkpt lat="46.533228" lon="10.445006"><ele>2633.9</ele><time>2026-07-12T09:02:08Z</time></trkpt>
<trkpt lat="46.533213" lon="10.445076"><ele>2635.0</ele><time>2026-07-12T09:02:08Z</time></trkpt>
<trkpt lat="46.533195" lon="10.445146"><ele>2636.2</ele><time>2026-07-12T09:02:09Z</time></trkpt>
<trkpt lat="46.533177" lon="10.445211"><ele>2637.0</ele><time>2026-07-12T09:02:10Z</time></trkpt>
<trkpt lat="46.533159" lon="10.445269"><ele>2637.6</ele><time>2026-07-12T09:02:10Z</time></trkpt>
<trkpt lat="46.533145" lon="10.445315"><ele>2638.5</ele><time>2026-07-12T09:02:11Z</time></trkpt>
<trkpt lat="46.533136" lon="10.445345"><ele>2639.2</ele><time>2026-07-12T09:02:11Z</time></trkpt>
<trkpt lat="46.533132" lon="10.445356"><ele>2640.8</ele><time>2026-07-12T09:02:11Z</time></trkpt>
<trkpt lat="46.533095" lon="10.445447"><ele>2643.1</ele><time>2026-07-12T09:02:12Z</time></trkpt>
<trkpt lat="46.533053" lon="10.445535"><ele>2645.6</ele><time>2026-07-12T09:02:13Z</time></trkpt>
<trkpt lat="46.532728" lon="10.446157"><ele>2648.1</ele><time>2026-07-12T09:02:18Z</time></trkpt>
<trkpt lat="46.532395" lon="10.446762"><ele>2651.0</ele><time>2026-07-12T09:02:23Z</time></trkpt>
<trkpt lat="46.532342" lon="10.446873"><ele>2653.5</ele><time>2026-07-12T09:02:25Z</time></trkpt>
<trkpt lat="46.532319" lon="10.446935"><ele>2656.4</ele><time>2026-07-12T09:02:25Z</time></trkpt>
<trkpt lat="46.532313" lon="10.446978"><ele>2658.7</ele><time>2026-07-12T09:02:26Z</time></trkpt>
<trkpt lat="46.532309" lon="10.447010"><ele>2660.5</ele><time>2026-07-12T09:02:26Z</time></trkpt>
<trkpt lat="46.532306" lon="10.447141"><ele>2662.0</ele><time>2026-07-12T09:02:27Z</time></trkpt>
<trkpt lat="46.532314" lon="10.447429"><ele>2664.0</ele><time>2026-07-12T09:02:30Z</time></trkpt>
<trkpt lat="46.532314" lon="10.447485"><ele>2665.6</ele><time>2026-07-12T09:02:30Z</time></trkpt>
<trkpt lat="46.532314" lon="10.447601"><ele>2667.8</ele><time>2026-07-12T09:02:31Z</time></trkpt>
<trkpt lat="46.532313" lon="10.447681"><ele>2669.5</ele><time>2026-07-12T09:02:32Z</time></trkpt>
<trkpt lat="46.532309" lon="10.447746"><ele>2671.5</ele><time>2026-07-12T09:02:33Z</time></trkpt>
<trkpt lat="46.532299" lon="10.447842"><ele>2673.1</ele><time>2026-07-12T09:02:34Z</time></trkpt>
<trkpt lat="46.532287" lon="10.447922"><ele>2674.6</ele><time>2026-07-12T09:02:34Z</time></trkpt>
<trkpt lat="46.532269" lon="10.448007"><ele>2676.4</ele><time>2026-07-12T09:02:35Z</time></trkpt>
<trkpt lat="46.532248" lon="10.448082"><ele>2677.9</ele><time>2026-07-12T09:02:36Z</time></trkpt>
<trkpt lat="46.532219" lon="10.448146"><ele>2678.9</ele><time>2026-07-12T09:02:37Z</time></trkpt>
<trkpt lat="46.532186" lon="10.448192"><ele>2679.9</ele><time>2026-07-12T09:02:37Z</time></trkpt>
<trkpt lat="46.532150" lon="10.448225"><ele>2680.2</ele><time>2026-07-12T09:02:38Z</time></trkpt>
<trkpt lat="46.532114" lon="10.448244"><ele>2680.5</ele><time>2026-07-12T09:02:38Z</time></trkpt>
<trkpt lat="46.532071" lon="10.448256"><ele>2680.6</ele><time>2026-07-12T09:02:38Z</time></trkpt>
<trkpt lat="46.532027" lon="10.448260"><ele>2680.1</ele><time>2026-07-12T09:02:39Z</time></trkpt>
<trkpt lat="46.531984" lon="10.448259"><ele>2679.5</ele><time>2026-07-12T09:02:40Z</time></trkpt>
<trkpt lat="46.531894" lon="10.448240"><ele>2679.1</ele><time>2026-07-12T09:02:40Z</time></trkpt>
<trkpt lat="46.531791" lon="10.448211"><ele>2679.0</ele><time>2026-07-12T09:02:41Z</time></trkpt>
<trkpt lat="46.531544" lon="10.448142"><ele>2679.2</ele><time>2026-07-12T09:02:43Z</time></trkpt>
<trkpt lat="46.531392" lon="10.448101"><ele>2679.9</ele><time>2026-07-12T09:02:45Z</time></trkpt>
<trkpt lat="46.531237" lon="10.448062"><ele>2680.6</ele><time>2026-07-12T09:02:46Z</time></trkpt>
<trkpt lat="46.531156" lon="10.448042"><ele>2681.0</ele><time>2026-07-12T09:02:47Z</time></trkpt>
<trkpt lat="46.531113" lon="10.448029"><ele>2681.7</ele><time>2026-07-12T09:02:47Z</time></trkpt>
<trkpt lat="46.531077" lon="10.448015"><ele>2682.5</ele><time>2026-07-12T09:02:48Z</time></trkpt>
<trkpt lat="46.531036" lon="10.447991"><ele>2683.1</ele><time>2026-07-12T09:02:48Z</time></trkpt>
<trkpt lat="46.530998" lon="10.447963"><ele>2683.4</ele><time>2026-07-12T09:02:49Z</time></trkpt>
<trkpt lat="46.530954" lon="10.447918"><ele>2683.4</ele><time>2026-07-12T09:02:49Z</time></trkpt>
<trkpt lat="46.530914" lon="10.447872"><ele>2683.3</ele><time>2026-07-12T09:02:50Z</time></trkpt>
<trkpt lat="46.530876" lon="10.447818"><ele>2683.6</ele><time>2026-07-12T09:02:50Z</time></trkpt>
<trkpt lat="46.530739" lon="10.447604"><ele>2683.6</ele><time>2026-07-12T09:02:52Z</time></trkpt>
<trkpt lat="46.530640" lon="10.447445"><ele>2683.6</ele><time>2026-07-12T09:02:53Z</time></trkpt>
<trkpt lat="46.530578" lon="10.447346"><ele>2683.6</ele><time>2026-07-12T09:02:54Z</time></trkpt>
<trkpt lat="46.530547" lon="10.447302"><ele>2683.6</ele><time>2026-07-12T09:02:54Z</time></trkpt>
<trkpt lat="46.530513" lon="10.447269"><ele>2683.6</ele><time>2026-07-12T09:02:54Z</time></trkpt>
<trkpt lat="46.530483" lon="10.447247"><ele>2684.0</ele><time>2026-07-12T09:02:55Z</time></trkpt>
<trkpt lat="46.530451" lon="10.447238"><ele>2684.4</ele><time>2026-07-12T09:02:55Z</time></trkpt>
<trkpt lat="46.530423" lon="10.447237"><ele>2685.1</ele><time>2026-07-12T09:02:55Z</time></trkpt>
<trkpt lat="46.530394" lon="10.447241"><ele>2685.4</ele><time>2026-07-12T09:02:56Z</time></trkpt>
<trkpt lat="46.530370" lon="10.447250"><ele>2686.1</ele><time>2026-07-12T09:02:56Z</time></trkpt>
<trkpt lat="46.530338" lon="10.447274"><ele>2687.0</ele><time>2026-07-12T09:02:57Z</time></trkpt>
<trkpt lat="46.530312" lon="10.447301"><ele>2688.0</ele><time>2026-07-12T09:02:57Z</time></trkpt>
<trkpt lat="46.530289" lon="10.447333"><ele>2688.7</ele><time>2026-07-12T09:02:57Z</time></trkpt>
<trkpt lat="46.530270" lon="10.447374"><ele>2689.6</ele><time>2026-07-12T09:02:58Z</time></trkpt>
<trkpt lat="46.530258" lon="10.447414"><ele>2690.6</ele><time>2026-07-12T09:02:58Z</time></trkpt>
<trkpt lat="46.530252" lon="10.447456"><ele>2691.5</ele><time>2026-07-12T09:02:59Z</time></trkpt>
<trkpt lat="46.530250" lon="10.447505"><ele>2692.4</ele><time>2026-07-12T09:02:59Z</time></trkpt>
<trkpt lat="46.530254" lon="10.447554"><ele>2692.6</ele><time>2026-07-12T09:03:00Z</time></trkpt>
<trkpt lat="46.530262" lon="10.447603"><ele>2692.9</ele><time>2026-07-12T09:03:00Z</time></trkpt>
<trkpt lat="46.530277" lon="10.447659"><ele>2693.5</ele><time>2026-07-12T09:03:01Z</time></trkpt>
<trkpt lat="46.530301" lon="10.447729"><ele>2693.9</ele><time>2026-07-12T09:03:01Z</time></trkpt>
<trkpt lat="46.530327" lon="10.447803"><ele>2694.4</ele><time>2026-07-12T09:03:02Z</time></trkpt>
<trkpt lat="46.530402" lon="10.447992"><ele>2694.8</ele><time>2026-07-12T09:03:03Z</time></trkpt>
<trkpt lat="46.530429" lon="10.448051"><ele>2695.0</ele><time>2026-07-12T09:03:04Z</time></trkpt>
<trkpt lat="46.530455" lon="10.448098"><ele>2695.5</ele><time>2026-07-12T09:03:04Z</time></trkpt>
<trkpt lat="46.530485" lon="10.448145"><ele>2696.5</ele><time>2026-07-12T09:03:05Z</time></trkpt>
<trkpt lat="46.530526" lon="10.448206"><ele>2696.8</ele><time>2026-07-12T09:03:05Z</time></trkpt>
<trkpt lat="46.530591" lon="10.448301"><ele>2696.9</ele><time>2026-07-12T09:03:06Z</time></trkpt>
<trkpt lat="46.530630" lon="10.448361"><ele>2697.0</ele><time>2026-07-12T09:03:06Z</time></trkpt>
<trkpt lat="46.530651" lon="10.448408"><ele>2697.5</ele><time>2026-07-12T09:03:07Z</time></trkpt>
<trkpt lat="46.530666" lon="10.448455"><ele>2697.9</ele><time>2026-07-12T09:03:07Z</time></trkpt>
<trkpt lat="46.530673" lon="10.448508"><ele>2698.6</ele><time>2026-07-12T09:03:08Z</time></trkpt>
<trkpt lat="46.530672" lon="10.448567"><ele>2699.3</ele><time>2026-07-12T09:03:08Z</time></trkpt>
<trkpt lat="46.530660" lon="10.448613"><ele>2700.2</ele><time>2026-07-12T09:03:09Z</time></trkpt>
<trkpt lat="46.530625" lon="10.448672"><ele>2701.5</ele><time>2026-07-12T09:03:10Z</time></trkpt>
<trkpt lat="46.530579" lon="10.448712"><ele>2702.8</ele><time>2026-07-12T09:03:10Z</time></trkpt>
<trkpt lat="46.530534" lon="10.448732"><ele>2704.1</ele><time>2026-07-12T09:03:11Z</time></trkpt>
<trkpt lat="46.530497" lon="10.448742"><ele>2705.8</ele><time>2026-07-12T09:03:11Z</time></trkpt>
<trkpt lat="46.530420" lon="10.448753"><ele>2707.5</ele><time>2026-07-12T09:03:13Z</time></trkpt>
<trkpt lat="46.530294" lon="10.448769"><ele>2709.3</ele><time>2026-07-12T09:03:14Z</time></trkpt>
<trkpt lat="46.530092" lon="10.448793"><ele>2711.1</ele><time>2026-07-12T09:03:17Z</time></trkpt>
<trkpt lat="46.529915" lon="10.448818"><ele>2712.6</ele><time>2026-07-12T09:03:19Z</time></trkpt>
<trkpt lat="46.529521" lon="10.448863"><ele>2714.2</ele><time>2026-07-12T09:03:23Z</time></trkpt>
<trkpt lat="46.529489" lon="10.448869"><ele>2715.4</ele><time>2026-07-12T09:03:23Z</time></trkpt>
<trkpt lat="46.529432" lon="10.448878"><ele>2716.2</ele><time>2026-07-12T09:03:24Z</time></trkpt>
<trkpt lat="46.529393" lon="10.448893"><ele>2716.7</ele><time>2026-07-12T09:03:25Z</time></trkpt>
<trkpt lat="46.529364" lon="10.448911"><ele>2716.8</ele><time>2026-07-12T09:03:25Z</time></trkpt>
<trkpt lat="46.529331" lon="10.448943"><ele>2717.0</ele><time>2026-07-12T09:03:25Z</time></trkpt>
<trkpt lat="46.529307" lon="10.448974"><ele>2717.1</ele><time>2026-07-12T09:03:26Z</time></trkpt>
<trkpt lat="46.529281" lon="10.449025"><ele>2717.3</ele><time>2026-07-12T09:03:26Z</time></trkpt>
<trkpt lat="46.529258" lon="10.449078"><ele>2717.7</ele><time>2026-07-12T09:03:27Z</time></trkpt>
<trkpt lat="46.529244" lon="10.449128"><ele>2718.1</ele><time>2026-07-12T09:03:27Z</time></trkpt>
<trkpt lat="46.529234" lon="10.449185"><ele>2718.7</ele><time>2026-07-12T09:03:28Z</time></trkpt>
<trkpt lat="46.529228" lon="10.449255"><ele>2719.4</ele><time>2026-07-12T09:03:28Z</time></trkpt>
<trkpt lat="46.529232" lon="10.449322"><ele>2720.8</ele><time>2026-07-12T09:03:29Z</time></trkpt>
<trkpt lat="46.529242" lon="10.449394"><ele>2722.4</ele><time>2026-07-12T09:03:30Z</time></trkpt>
<trkpt lat="46.529269" lon="10.449539"><ele>2724.2</ele><time>2026-07-12T09:03:31Z</time></trkpt>
<trkpt lat="46.529368" lon="10.450040"><ele>2726.7</ele><time>2026-07-12T09:03:36Z</time></trkpt>
<trkpt lat="46.529389" lon="10.450141"><ele>2729.6</ele><time>2026-07-12T09:03:37Z</time></trkpt>
<trkpt lat="46.529420" lon="10.450299"><ele>2732.2</ele><time>2026-07-12T09:03:38Z</time></trkpt>
<trkpt lat="46.529577" lon="10.451074"><ele>2734.8</ele><time>2026-07-12T09:03:44Z</time></trkpt>
<trkpt lat="46.529595" lon="10.451130"><ele>2736.5</ele><time>2026-07-12T09:03:44Z</time></trkpt>
<trkpt lat="46.529624" lon="10.451194"><ele>2738.5</ele><time>2026-07-12T09:03:45Z</time></trkpt>
<trkpt lat="46.529656" lon="10.451227"><ele>2740.2</ele><time>2026-07-12T09:03:45Z</time></trkpt>
<trkpt lat="46.529692" lon="10.451257"><ele>2740.6</ele><time>2026-07-12T09:03:46Z</time></trkpt>
<trkpt lat="46.529726" lon="10.451269"><ele>2740.9</ele><time>2026-07-12T09:03:46Z</time></trkpt>
<trkpt lat="46.529765" lon="10.451269"><ele>2741.3</ele><time>2026-07-12T09:03:47Z</time></trkpt>
<trkpt lat="46.529807" lon="10.451257"><ele>2741.7</ele><time>2026-07-12T09:03:47Z</time></trkpt>
<trkpt lat="46.529873" lon="10.451220"><ele>2742.1</ele><time>2026-07-12T09:03:48Z</time></trkpt>
<trkpt lat="46.529951" lon="10.451169"><ele>2742.0</ele><time>2026-07-12T09:03:49Z</time></trkpt>
<trkpt lat="46.529953" lon="10.451168"><ele>2742.0</ele><time>2026-07-12T09:03:49Z</time></trkpt>
<trkpt lat="46.529958" lon="10.451165"><ele>2742.3</ele><time>2026-07-12T09:03:49Z</time></trkpt>
<trkpt lat="46.529966" lon="10.451161"><ele>2742.4</ele><time>2026-07-12T09:03:49Z</time></trkpt>
<trkpt lat="46.529977" lon="10.451157"><ele>2742.4</ele><time>2026-07-12T09:03:49Z</time></trkpt>
<trkpt lat="46.529988" lon="10.451155"><ele>2742.4</ele><time>2026-07-12T09:03:49Z</time></trkpt>
<trkpt lat="46.530001" lon="10.451155"><ele>2742.4</ele><time>2026-07-12T09:03:49Z</time></trkpt>
<trkpt lat="46.530014" lon="10.451159"><ele>2742.4</ele><time>2026-07-12T09:03:49Z</time></trkpt>
<trkpt lat="46.530027" lon="10.451167"><ele>2742.6</ele><time>2026-07-12T09:03:50Z</time></trkpt>
<trkpt lat="46.530038" lon="10.451181"><ele>2742.8</ele><time>2026-07-12T09:03:50Z</time></trkpt>
<trkpt lat="46.530048" lon="10.451202"><ele>2743.0</ele><time>2026-07-12T09:03:50Z</time></trkpt>
<trkpt lat="46.530052" lon="10.451214"><ele>2743.8</ele><time>2026-07-12T09:03:50Z</time></trkpt>
<trkpt lat="46.530054" lon="10.451226"><ele>2744.5</ele><time>2026-07-12T09:03:50Z</time></trkpt>
<trkpt lat="46.530056" lon="10.451248"><ele>2745.0</ele><time>2026-07-12T09:03:50Z</time></trkpt>
<trkpt lat="46.530055" lon="10.451269"><ele>2745.5</ele><time>2026-07-12T09:03:51Z</time></trkpt>
<trkpt lat="46.530052" lon="10.451288"><ele>2745.8</ele><time>2026-07-12T09:03:51Z</time></trkpt>
<trkpt lat="46.530047" lon="10.451304"><ele>2746.1</ele><time>2026-07-12T09:03:51Z</time></trkpt>
<trkpt lat="46.530041" lon="10.451318"><ele>2746.4</ele><time>2026-07-12T09:03:51Z</time></trkpt>
<trkpt lat="46.530034" lon="10.451329"><ele>2746.1</ele><time>2026-07-12T09:03:51Z</time></trkpt>
<trkpt lat="46.530029" lon="10.451337"><ele>2746.4</ele><time>2026-07-12T09:03:51Z</time></trkpt>
<trkpt lat="46.530025" lon="10.451342"><ele>2746.6</ele><time>2026-07-12T09:03:51Z</time></trkpt>
<trkpt lat="46.530024" lon="10.451344"><ele>2747.1</ele><time>2026-07-12T09:03:51Z</time></trkpt>
<trkpt lat="46.529944" lon="10.451443"><ele>2748.1</ele><time>2026-07-12T09:03:53Z</time></trkpt>
<trkpt lat="46.529860" lon="10.451556"><ele>2748.8</ele><time>2026-07-12T09:03:54Z</time></trkpt>
<trkpt lat="46.529780" lon="10.451685"><ele>2749.9</ele><time>2026-07-12T09:03:56Z</time></trkpt>
<trkpt lat="46.529709" lon="10.451817"><ele>2751.1</ele><time>2026-07-12T09:03:57Z</time></trkpt>
<trkpt lat="46.529673" lon="10.451881"><ele>2751.6</ele><time>2026-07-12T09:03:58Z</time></trkpt>
<trkpt lat="46.529627" lon="10.451953"><ele>2752.2</ele><time>2026-07-12T09:03:59Z</time></trkpt>
<trkpt lat="46.529601" lon="10.451993"><ele>2752.8</ele><time>2026-07-12T09:03:59Z</time></trkpt>
<trkpt lat="46.529582" lon="10.452018"><ele>2753.1</ele><time>2026-07-12T09:04:00Z</time></trkpt>
<trkpt lat="46.529505" lon="10.452113"><ele>2753.4</ele><time>2026-07-12T09:04:00Z</time></trkpt>
<trkpt lat="46.529415" lon="10.452193"><ele>2753.3</ele><time>2026-07-12T09:04:01Z</time></trkpt>
<trkpt lat="46.529283" lon="10.452301"><ele>2752.9</ele><time>2026-07-12T09:04:02Z</time></trkpt>
<trkpt lat="46.529225" lon="10.452196"><ele>2752.7</ele><time>2026-07-12T09:04:03Z</time></trkpt>
<trkpt lat="46.529214" lon="10.452177"><ele>2752.6</ele><time>2026-07-12T09:04:03Z</time></trkpt>
<trkpt lat="46.529133" lon="10.452032"><ele>2752.5</ele><time>2026-07-12T09:04:04Z</time></trkpt>
<trkpt lat="46.529091" lon="10.451966"><ele>2752.4</ele><time>2026-07-12T09:04:04Z</time></trkpt>
<trkpt lat="46.529079" lon="10.451947"><ele>2752.8</ele><time>2026-07-12T09:04:05Z</time></trkpt>
<trkpt lat="46.528896" lon="10.452010"><ele>2753.2</ele><time>2026-07-12T09:04:06Z</time></trkpt>
<trkpt lat="46.528847" lon="10.452152"><ele>2754.0</ele><time>2026-07-12T09:04:07Z</time></trkpt>
<trkpt lat="46.528767" lon="10.452385"><ele>2754.7</ele><time>2026-07-12T09:04:09Z</time></trkpt>
<trkpt lat="46.528753" lon="10.452444"><ele>2755.4</ele><time>2026-07-12T09:04:10Z</time></trkpt>
<trkpt lat="46.528755" lon="10.452534"><ele>2756.1</ele><time>2026-07-12T09:04:11Z</time></trkpt>
<trkpt lat="46.528776" lon="10.452616"><ele>2756.6</ele><time>2026-07-12T09:04:11Z</time></trkpt>
<trkpt lat="46.528776" lon="10.452616"><ele>2756.8</ele><time>2026-07-12T09:04:11Z</time></trkpt>
<trkpt lat="46.528843" lon="10.452723"><ele>2757.1</ele><time>2026-07-12T09:04:12Z</time></trkpt>
<trkpt lat="46.528813" lon="10.452752"><ele>2757.2</ele><time>2026-07-12T09:04:12Z</time></trkpt>
<trkpt lat="46.528787" lon="10.452781"><ele>2757.3</ele><time>2026-07-12T09:04:13Z</time></trkpt>
<trkpt lat="46.528753" lon="10.452820"><ele>2757.4</ele><time>2026-07-12T09:04:13Z</time></trkpt>
<trkpt lat="46.528746" lon="10.452829"><ele>2757.4</ele><time>2026-07-12T09:04:13Z</time></trkpt>
<trkpt lat="46.528715" lon="10.452876"><ele>2757.4</ele><time>2026-07-12T09:04:13Z</time></trkpt>
<trkpt lat="46.528677" lon="10.452944"><ele>2757.3</ele><time>2026-07-12T09:04:14Z</time></trkpt>
<trkpt lat="46.528642" lon="10.453033"><ele>2757.2</ele><time>2026-07-12T09:04:14Z</time></trkpt>
<trkpt lat="46.528629" lon="10.453099"><ele>2757.1</ele><time>2026-07-12T09:04:15Z</time></trkpt>
<trkpt lat="46.528622" lon="10.453157"><ele>2756.8</ele><time>2026-07-12T09:04:15Z</time></trkpt>
<trkpt lat="46.528618" lon="10.453206"><ele>2756.6</ele><time>2026-07-12T09:04:15Z</time></trkpt>
<trkpt lat="46.528620" lon="10.453292"><ele>2756.3</ele><time>2026-07-12T09:04:16Z</time></trkpt>
<trkpt lat="46.528625" lon="10.453369"><ele>2755.9</ele><time>2026-07-12T09:04:17Z</time></trkpt>
<trkpt lat="46.528638" lon="10.453449"><ele>2755.6</ele><time>2026-07-12T09:04:17Z</time></trkpt>
<trkpt lat="46.528656" lon="10.453506"><ele>2755.0</ele><time>2026-07-12T09:04:18Z</time></trkpt>
<trkpt lat="46.528680" lon="10.453562"><ele>2753.9</ele><time>2026-07-12T09:04:18Z</time></trkpt>
<trkpt lat="46.528729" lon="10.453643"><ele>2753.0</ele><time>2026-07-12T09:04:19Z</time></trkpt>
<trkpt lat="46.528814" lon="10.453764"><ele>2751.4</ele><time>2026-07-12T09:04:21Z</time></trkpt>
<trkpt lat="46.528892" lon="10.453886"><ele>2749.9</ele><time>2026-07-12T09:04:23Z</time></trkpt>
<trkpt lat="46.528964" lon="10.453998"><ele>2747.7</ele><time>2026-07-12T09:04:24Z</time></trkpt>
<trkpt lat="46.529004" lon="10.454067"><ele>2745.3</ele><time>2026-07-12T09:04:25Z</time></trkpt>
<trkpt lat="46.529058" lon="10.454162"><ele>2743.3</ele><time>2026-07-12T09:04:26Z</time></trkpt>
<trkpt lat="46.529106" lon="10.454242"><ele>2740.9</ele><time>2026-07-12T09:04:27Z</time></trkpt>
<trkpt lat="46.529151" lon="10.454295"><ele>2738.4</ele><time>2026-07-12T09:04:28Z</time></trkpt>
<trkpt lat="46.529203" lon="10.454338"><ele>2736.7</ele><time>2026-07-12T09:04:29Z</time></trkpt>
<trkpt lat="46.529256" lon="10.454366"><ele>2734.4</ele><time>2026-07-12T09:04:29Z</time></trkpt>
<trkpt lat="46.529355" lon="10.454411"><ele>2734.8</ele><time>2026-07-12T09:04:30Z</time></trkpt>
<trkpt lat="46.529553" lon="10.454483"><ele>2735.9</ele><time>2026-07-12T09:04:32Z</time></trkpt>
<trkpt lat="46.529738" lon="10.454546"><ele>2737.0</ele><time>2026-07-12T09:04:34Z</time></trkpt>
<trkpt lat="46.530067" lon="10.454640"><ele>2738.6</ele><time>2026-07-12T09:04:37Z</time></trkpt>
<trkpt lat="46.530224" lon="10.454671"><ele>2740.3</ele><time>2026-07-12T09:04:39Z</time></trkpt>
<trkpt lat="46.530280" lon="10.454688"><ele>2741.8</ele><time>2026-07-12T09:04:40Z</time></trkpt>
<trkpt lat="46.530316" lon="10.454706"><ele>2743.6</ele><time>2026-07-12T09:04:40Z</time></trkpt>
<trkpt lat="46.530350" lon="10.454734"><ele>2743.0</ele><time>2026-07-12T09:04:41Z</time></trkpt>
<trkpt lat="46.530383" lon="10.454774"><ele>2741.7</ele><time>2026-07-12T09:04:41Z</time></trkpt>
<trkpt lat="46.530477" lon="10.454924"><ele>2740.4</ele><time>2026-07-12T09:04:43Z</time></trkpt>
<trkpt lat="46.530552" lon="10.455037"><ele>2740.2</ele><time>2026-07-12T09:04:44Z</time></trkpt>
<trkpt lat="46.530594" lon="10.455089"><ele>2740.4</ele><time>2026-07-12T09:04:45Z</time></trkpt>
<trkpt lat="46.530633" lon="10.455125"><ele>2740.2</ele><time>2026-07-12T09:04:45Z</time></trkpt>
<trkpt lat="46.530743" lon="10.455200"><ele>2741.1</ele><time>2026-07-12T09:04:47Z</time></trkpt>
<trkpt lat="46.530892" lon="10.455307"><ele>2741.5</ele><time>2026-07-12T09:04:48Z</time></trkpt>
<trkpt lat="46.531091" lon="10.455469"><ele>2742.3</ele><time>2026-07-12T09:04:50Z</time></trkpt>
<trkpt lat="46.531162" lon="10.455534"><ele>2743.2</ele><time>2026-07-12T09:04:51Z</time></trkpt>
<trkpt lat="46.531224" lon="10.455595"><ele>2742.9</ele><time>2026-07-12T09:04:52Z</time></trkpt>
<trkpt lat="46.531266" lon="10.455647"><ele>2740.5</ele><time>2026-07-12T09:04:52Z</time></trkpt>
<trkpt lat="46.531299" lon="10.455695"><ele>2738.3</ele><time>2026-07-12T09:04:53Z</time></trkpt>
<trkpt lat="46.531362" lon="10.455841"><ele>2734.3</ele><time>2026-07-12T09:04:55Z</time></trkpt>
<trkpt lat="46.531471" lon="10.456159"><ele>2731.5</ele><time>2026-07-12T09:04:58Z</time></trkpt>
<trkpt lat="46.531498" lon="10.456214"><ele>2728.1</ele><time>2026-07-12T09:04:58Z</time></trkpt>
<trkpt lat="46.531530" lon="10.456272"><ele>2724.7</ele><time>2026-07-12T09:04:59Z</time></trkpt>
<trkpt lat="46.531565" lon="10.456325"><ele>2721.8</ele><time>2026-07-12T09:05:00Z</time></trkpt>
<trkpt lat="46.531574" lon="10.456343"><ele>2720.6</ele><time>2026-07-12T09:05:00Z</time></trkpt>
<trkpt lat="46.531581" lon="10.456368"><ele>2718.3</ele><time>2026-07-12T09:05:00Z</time></trkpt>
<trkpt lat="46.531583" lon="10.456383"><ele>2717.1</ele><time>2026-07-12T09:05:00Z</time></trkpt>
<trkpt lat="46.531582" lon="10.456398"><ele>2715.9</ele><time>2026-07-12T09:05:01Z</time></trkpt>
<trkpt lat="46.531577" lon="10.456414"><ele>2714.8</ele><time>2026-07-12T09:05:01Z</time></trkpt>
<trkpt lat="46.531568" lon="10.456431"><ele>2713.6</ele><time>2026-07-12T09:05:01Z</time></trkpt>
<trkpt lat="46.531557" lon="10.456444"><ele>2712.4</ele><time>2026-07-12T09:05:01Z</time></trkpt>
<trkpt lat="46.531547" lon="10.456450"><ele>2711.2</ele><time>2026-07-12T09:05:01Z</time></trkpt>
<trkpt lat="46.531536" lon="10.456452"><ele>2711.2</ele><time>2026-07-12T09:05:01Z</time></trkpt>
<trkpt lat="46.531522" lon="10.456447"><ele>2711.2</ele><time>2026-07-12T09:05:01Z</time></trkpt>
<trkpt lat="46.531509" lon="10.456437"><ele>2711.9</ele><time>2026-07-12T09:05:02Z</time></trkpt>
<trkpt lat="46.531500" lon="10.456426"><ele>2713.7</ele><time>2026-07-12T09:05:02Z</time></trkpt>
<trkpt lat="46.531494" lon="10.456417"><ele>2714.9</ele><time>2026-07-12T09:05:02Z</time></trkpt>
<trkpt lat="46.531460" lon="10.456350"><ele>2717.3</ele><time>2026-07-12T09:05:03Z</time></trkpt>
<trkpt lat="46.531394" lon="10.456218"><ele>2719.7</ele><time>2026-07-12T09:05:04Z</time></trkpt>
<trkpt lat="46.531338" lon="10.456100"><ele>2722.7</ele><time>2026-07-12T09:05:05Z</time></trkpt>
<trkpt lat="46.531299" lon="10.456010"><ele>2725.7</ele><time>2026-07-12T09:05:06Z</time></trkpt>
<trkpt lat="46.531258" lon="10.455936"><ele>2728.0</ele><time>2026-07-12T09:05:07Z</time></trkpt>
<trkpt lat="46.531201" lon="10.455848"><ele>2728.6</ele><time>2026-07-12T09:05:08Z</time></trkpt>
<trkpt lat="46.531170" lon="10.455811"><ele>2730.1</ele><time>2026-07-12T09:05:09Z</time></trkpt>
<trkpt lat="46.531138" lon="10.455782"><ele>2729.4</ele><time>2026-07-12T09:05:09Z</time></trkpt>
<trkpt lat="46.531097" lon="10.455756"><ele>2727.8</ele><time>2026-07-12T09:05:10Z</time></trkpt>
<trkpt lat="46.530957" lon="10.455711"><ele>2724.7</ele><time>2026-07-12T09:05:12Z</time></trkpt>
<trkpt lat="46.530525" lon="10.455550"><ele>2721.5</ele><time>2026-07-12T09:05:18Z</time></trkpt>
<trkpt lat="46.530442" lon="10.455515"><ele>2718.5</ele><time>2026-07-12T09:05:19Z</time></trkpt>
<trkpt lat="46.530373" lon="10.455473"><ele>2716.1</ele><time>2026-07-12T09:05:20Z</time></trkpt>
<trkpt lat="46.530303" lon="10.455417"><ele>2712.3</ele><time>2026-07-12T09:05:21Z</time></trkpt>
<trkpt lat="46.530240" lon="10.455349"><ele>2709.5</ele><time>2026-07-12T09:05:22Z</time></trkpt>
<trkpt lat="46.530175" lon="10.455272"><ele>2707.6</ele><time>2026-07-12T09:05:23Z</time></trkpt>
<trkpt lat="46.530140" lon="10.455239"><ele>2705.8</ele><time>2026-07-12T09:05:24Z</time></trkpt>
<trkpt lat="46.530104" lon="10.455219"><ele>2703.3</ele><time>2026-07-12T09:05:24Z</time></trkpt>
<trkpt lat="46.530073" lon="10.455219"><ele>2700.8</ele><time>2026-07-12T09:05:24Z</time></trkpt>
<trkpt lat="46.530032" lon="10.455223"><ele>2698.1</ele><time>2026-07-12T09:05:25Z</time></trkpt>
<trkpt lat="46.529890" lon="10.455259"><ele>2696.6</ele><time>2026-07-12T09:05:27Z</time></trkpt>
<trkpt lat="46.529816" lon="10.455276"><ele>2695.1</ele><time>2026-07-12T09:05:28Z</time></trkpt>
<trkpt lat="46.529641" lon="10.455310"><ele>2694.0</ele><time>2026-07-12T09:05:30Z</time></trkpt>
<trkpt lat="46.529526" lon="10.455321"><ele>2693.7</ele><time>2026-07-12T09:05:30Z</time></trkpt>
<trkpt lat="46.529476" lon="10.455328"><ele>2694.0</ele><time>2026-07-12T09:05:31Z</time></trkpt>
<trkpt lat="46.529458" lon="10.455335"><ele>2694.4</ele><time>2026-07-12T09:05:31Z</time></trkpt>
<trkpt lat="46.529444" lon="10.455346"><ele>2694.1</ele><time>2026-07-12T09:05:32Z</time></trkpt>
<trkpt lat="46.529432" lon="10.455363"><ele>2693.6</ele><time>2026-07-12T09:05:32Z</time></trkpt>
<trkpt lat="46.529427" lon="10.455378"><ele>2693.1</ele><time>2026-07-12T09:05:32Z</time></trkpt>
<trkpt lat="46.529425" lon="10.455387"><ele>2692.3</ele><time>2026-07-12T09:05:32Z</time></trkpt>
<trkpt lat="46.529425" lon="10.455409"><ele>2691.4</ele><time>2026-07-12T09:05:32Z</time></trkpt>
<trkpt lat="46.529428" lon="10.455430"><ele>2690.6</ele><time>2026-07-12T09:05:32Z</time></trkpt>
<trkpt lat="46.529434" lon="10.455446"><ele>2689.4</ele><time>2026-07-12T09:05:33Z</time></trkpt>
<trkpt lat="46.529442" lon="10.455458"><ele>2689.0</ele><time>2026-07-12T09:05:33Z</time></trkpt>
<trkpt lat="46.529451" lon="10.455466"><ele>2688.4</ele><time>2026-07-12T09:05:33Z</time></trkpt>
<trkpt lat="46.529466" lon="10.455473"><ele>2687.7</ele><time>2026-07-12T09:05:33Z</time></trkpt>
<trkpt lat="46.529483" lon="10.455476"><ele>2688.2</ele><time>2026-07-12T09:05:33Z</time></trkpt>
<trkpt lat="46.529687" lon="10.455436"><ele>2689.3</ele><time>2026-07-12T09:05:35Z</time></trkpt>
<trkpt lat="46.529812" lon="10.455406"><ele>2690.4</ele><time>2026-07-12T09:05:37Z</time></trkpt>
<trkpt lat="46.529909" lon="10.455375"><ele>2691.8</ele><time>2026-07-12T09:05:38Z</time></trkpt>
<trkpt lat="46.529963" lon="10.455361"><ele>2693.3</ele><time>2026-07-12T09:05:39Z</time></trkpt>
<trkpt lat="46.529984" lon="10.455362"><ele>2693.9</ele><time>2026-07-12T09:05:39Z</time></trkpt>
<trkpt lat="46.529996" lon="10.455368"><ele>2694.5</ele><time>2026-07-12T09:05:39Z</time></trkpt>
<trkpt lat="46.530003" lon="10.455376"><ele>2694.0</ele><time>2026-07-12T09:05:40Z</time></trkpt>
<trkpt lat="46.530010" lon="10.455387"><ele>2692.9</ele><time>2026-07-12T09:05:40Z</time></trkpt>
<trkpt lat="46.530014" lon="10.455403"><ele>2691.7</ele><time>2026-07-12T09:05:40Z</time></trkpt>
<trkpt lat="46.530017" lon="10.455423"><ele>2690.6</ele><time>2026-07-12T09:05:40Z</time></trkpt>
<trkpt lat="46.530016" lon="10.455444"><ele>2689.4</ele><time>2026-07-12T09:05:40Z</time></trkpt>
<trkpt lat="46.530013" lon="10.455460"><ele>2689.4</ele><time>2026-07-12T09:05:40Z</time></trkpt>
<trkpt lat="46.530008" lon="10.455473"><ele>2689.4</ele><time>2026-07-12T09:05:40Z</time></trkpt>
<trkpt lat="46.530001" lon="10.455482"><ele>2688.9</ele><time>2026-07-12T09:05:41Z</time></trkpt>
<trkpt lat="46.529994" lon="10.455489"><ele>2688.3</ele><time>2026-07-12T09:05:41Z</time></trkpt>
<trkpt lat="46.529976" lon="10.455496"><ele>2686.8</ele><time>2026-07-12T09:05:41Z</time></trkpt>
<trkpt lat="46.529860" lon="10.455512"><ele>2685.3</ele><time>2026-07-12T09:05:42Z</time></trkpt>
<trkpt lat="46.529789" lon="10.455534"><ele>2684.1</ele><time>2026-07-12T09:05:43Z</time></trkpt>
<trkpt lat="46.529684" lon="10.455572"><ele>2683.2</ele><time>2026-07-12T09:05:45Z</time></trkpt>
<trkpt lat="46.529606" lon="10.455610"><ele>2682.4</ele><time>2026-07-12T09:05:46Z</time></trkpt>
<trkpt lat="46.529512" lon="10.455642"><ele>2682.0</ele><time>2026-07-12T09:05:47Z</time></trkpt>
<trkpt lat="46.529456" lon="10.455655"><ele>2681.9</ele><time>2026-07-12T09:05:47Z</time></trkpt>
<trkpt lat="46.529438" lon="10.455667"><ele>2682.5</ele><time>2026-07-12T09:05:48Z</time></trkpt>
<trkpt lat="46.529428" lon="10.455682"><ele>2682.4</ele><time>2026-07-12T09:05:48Z</time></trkpt>
<trkpt lat="46.529426" lon="10.455692"><ele>2682.1</ele><time>2026-07-12T09:05:48Z</time></trkpt>
<trkpt lat="46.529425" lon="10.455704"><ele>2681.3</ele><time>2026-07-12T09:05:48Z</time></trkpt>
<trkpt lat="46.529430" lon="10.455726"><ele>2680.6</ele><time>2026-07-12T09:05:48Z</time></trkpt>
<trkpt lat="46.529435" lon="10.455739"><ele>2679.5</ele><time>2026-07-12T09:05:48Z</time></trkpt>
<trkpt lat="46.529446" lon="10.455750"><ele>2678.4</ele><time>2026-07-12T09:05:48Z</time></trkpt>
<trkpt lat="46.529459" lon="10.455756"><ele>2677.0</ele><time>2026-07-12T09:05:49Z</time></trkpt>
<trkpt lat="46.529471" lon="10.455757"><ele>2677.1</ele><time>2026-07-12T09:05:49Z</time></trkpt>
<trkpt lat="46.529534" lon="10.455742"><ele>2677.0</ele><time>2026-07-12T09:05:49Z</time></trkpt>
<trkpt lat="46.529590" lon="10.455726"><ele>2677.1</ele><time>2026-07-12T09:05:50Z</time></trkpt>
<trkpt lat="46.529653" lon="10.455714"><ele>2677.5</ele><time>2026-07-12T09:05:51Z</time></trkpt>
<trkpt lat="46.529797" lon="10.455693"><ele>2677.4</ele><time>2026-07-12T09:05:52Z</time></trkpt>
<trkpt lat="46.529901" lon="10.455687"><ele>2677.2</ele><time>2026-07-12T09:05:52Z</time></trkpt>
<trkpt lat="46.529945" lon="10.455701"><ele>2678.1</ele><time>2026-07-12T09:05:53Z</time></trkpt>
<trkpt lat="46.529982" lon="10.455729"><ele>2677.2</ele><time>2026-07-12T09:05:54Z</time></trkpt>
<trkpt lat="46.530024" lon="10.455768"><ele>2677.4</ele><time>2026-07-12T09:05:54Z</time></trkpt>
<trkpt lat="46.530054" lon="10.455805"><ele>2676.6</ele><time>2026-07-12T09:05:55Z</time></trkpt>
<trkpt lat="46.530119" lon="10.455898"><ele>2676.3</ele><time>2026-07-12T09:05:55Z</time></trkpt>
<trkpt lat="46.530171" lon="10.455978"><ele>2677.0</ele><time>2026-07-12T09:05:56Z</time></trkpt>
<trkpt lat="46.530283" lon="10.456118"><ele>2678.5</ele><time>2026-07-12T09:05:58Z</time></trkpt>
<trkpt lat="46.530339" lon="10.456171"><ele>2679.2</ele><time>2026-07-12T09:05:59Z</time></trkpt>
<trkpt lat="46.530507" lon="10.456314"><ele>2680.7</ele><time>2026-07-12T09:06:02Z</time></trkpt>
<trkpt lat="46.530683" lon="10.456481"><ele>2680.5</ele><time>2026-07-12T09:06:03Z</time></trkpt>
<trkpt lat="46.530777" lon="10.456603"><ele>2681.9</ele><time>2026-07-12T09:06:05Z</time></trkpt>
<trkpt lat="46.530824" lon="10.456677"><ele>2681.2</ele><time>2026-07-12T09:06:06Z</time></trkpt>
<trkpt lat="46.530865" lon="10.456766"><ele>2681.0</ele><time>2026-07-12T09:06:06Z</time></trkpt>
<trkpt lat="46.530906" lon="10.456863"><ele>2678.9</ele><time>2026-07-12T09:06:07Z</time></trkpt>
<trkpt lat="46.530965" lon="10.457013"><ele>2677.0</ele><time>2026-07-12T09:06:09Z</time></trkpt>
<trkpt lat="46.530998" lon="10.457085"><ele>2673.9</ele><time>2026-07-12T09:06:10Z</time></trkpt>
<trkpt lat="46.531024" lon="10.457156"><ele>2672.3</ele><time>2026-07-12T09:06:10Z</time></trkpt>
<trkpt lat="46.531053" lon="10.457218"><ele>2670.1</ele><time>2026-07-12T09:06:11Z</time></trkpt>
<trkpt lat="46.531080" lon="10.457268"><ele>2667.6</ele><time>2026-07-12T09:06:12Z</time></trkpt>
<trkpt lat="46.531118" lon="10.457327"><ele>2665.2</ele><time>2026-07-12T09:06:12Z</time></trkpt>
<trkpt lat="46.531218" lon="10.457434"><ele>2663.8</ele><time>2026-07-12T09:06:14Z</time></trkpt>
<trkpt lat="46.531231" lon="10.457453"><ele>2661.9</ele><time>2026-07-12T09:06:14Z</time></trkpt>
<trkpt lat="46.531238" lon="10.457475"><ele>2661.2</ele><time>2026-07-12T09:06:15Z</time></trkpt>
<trkpt lat="46.531238" lon="10.457495"><ele>2659.9</ele><time>2026-07-12T09:06:15Z</time></trkpt>
<trkpt lat="46.531232" lon="10.457517"><ele>2658.6</ele><time>2026-07-12T09:06:15Z</time></trkpt>
<trkpt lat="46.531225" lon="10.457527"><ele>2658.6</ele><time>2026-07-12T09:06:15Z</time></trkpt>
<trkpt lat="46.531217" lon="10.457533"><ele>2658.1</ele><time>2026-07-12T09:06:15Z</time></trkpt>
<trkpt lat="46.531203" lon="10.457535"><ele>2657.7</ele><time>2026-07-12T09:06:15Z</time></trkpt>
<trkpt lat="46.531190" lon="10.457532"><ele>2657.1</ele><time>2026-07-12T09:06:16Z</time></trkpt>
<trkpt lat="46.531178" lon="10.457526"><ele>2657.8</ele><time>2026-07-12T09:06:16Z</time></trkpt>
<trkpt lat="46.531168" lon="10.457519"><ele>2659.2</ele><time>2026-07-12T09:06:16Z</time></trkpt>
<trkpt lat="46.531104" lon="10.457454"><ele>2660.6</ele><time>2026-07-12T09:06:17Z</time></trkpt>
<trkpt lat="46.531037" lon="10.457364"><ele>2661.4</ele><time>2026-07-12T09:06:18Z</time></trkpt>
<trkpt lat="46.530960" lon="10.457252"><ele>2663.6</ele><time>2026-07-12T09:06:20Z</time></trkpt>
<trkpt lat="46.530919" lon="10.457195"><ele>2665.0</ele><time>2026-07-12T09:06:20Z</time></trkpt>
<trkpt lat="46.530854" lon="10.457097"><ele>2668.0</ele><time>2026-07-12T09:06:22Z</time></trkpt>
<trkpt lat="46.530711" lon="10.456902"><ele>2668.7</ele><time>2026-07-12T09:06:23Z</time></trkpt>
<trkpt lat="46.530638" lon="10.456810"><ele>2668.8</ele><time>2026-07-12T09:06:24Z</time></trkpt>
<trkpt lat="46.530572" lon="10.456741"><ele>2668.8</ele><time>2026-07-12T09:06:25Z</time></trkpt>
<trkpt lat="46.530513" lon="10.456682"><ele>2668.6</ele><time>2026-07-12T09:06:25Z</time></trkpt>
<trkpt lat="46.530438" lon="10.456618"><ele>2667.0</ele><time>2026-07-12T09:06:26Z</time></trkpt>
<trkpt lat="46.530363" lon="10.456566"><ele>2665.4</ele><time>2026-07-12T09:06:28Z</time></trkpt>
<trkpt lat="46.530277" lon="10.456524"><ele>2663.0</ele><time>2026-07-12T09:06:29Z</time></trkpt>
<trkpt lat="46.530180" lon="10.456487"><ele>2661.5</ele><time>2026-07-12T09:06:30Z</time></trkpt>
<trkpt lat="46.530090" lon="10.456439"><ele>2660.0</ele><time>2026-07-12T09:06:31Z</time></trkpt>
<trkpt lat="46.530079" lon="10.456436"><ele>2657.9</ele><time>2026-07-12T09:06:32Z</time></trkpt>
<trkpt lat="46.530067" lon="10.456435"><ele>2656.7</ele><time>2026-07-12T09:06:32Z</time></trkpt>
<trkpt lat="46.530058" lon="10.456438"><ele>2655.5</ele><time>2026-07-12T09:06:32Z</time></trkpt>
<trkpt lat="46.530051" lon="10.456443"><ele>2655.0</ele><time>2026-07-12T09:06:32Z</time></trkpt>
<trkpt lat="46.530041" lon="10.456459"><ele>2654.4</ele><time>2026-07-12T09:06:32Z</time></trkpt>
<trkpt lat="46.530037" lon="10.456475"><ele>2653.9</ele><time>2026-07-12T09:06:32Z</time></trkpt>
<trkpt lat="46.530035" lon="10.456489"><ele>2653.9</ele><time>2026-07-12T09:06:32Z</time></trkpt>
<trkpt lat="46.530037" lon="10.456503"><ele>2654.4</ele><time>2026-07-12T09:06:32Z</time></trkpt>
<trkpt lat="46.530042" lon="10.456519"><ele>2655.0</ele><time>2026-07-12T09:06:33Z</time></trkpt>
<trkpt lat="46.530053" lon="10.456536"><ele>2655.4</ele><time>2026-07-12T09:06:33Z</time></trkpt>
<trkpt lat="46.530064" lon="10.456547"><ele>2655.9</ele><time>2026-07-12T09:06:33Z</time></trkpt>
<trkpt lat="46.530120" lon="10.456578"><ele>2657.2</ele><time>2026-07-12T09:06:34Z</time></trkpt>
<trkpt lat="46.530248" lon="10.456642"><ele>2657.7</ele><time>2026-07-12T09:06:35Z</time></trkpt>
<trkpt lat="46.530288" lon="10.456668"><ele>2658.4</ele><time>2026-07-12T09:06:36Z</time></trkpt>
<trkpt lat="46.530329" lon="10.456715"><ele>2658.2</ele><time>2026-07-12T09:06:36Z</time></trkpt>
<trkpt lat="46.530373" lon="10.456774"><ele>2657.8</ele><time>2026-07-12T09:06:37Z</time></trkpt>
<trkpt lat="46.530421" lon="10.456860"><ele>2656.9</ele><time>2026-07-12T09:06:38Z</time></trkpt>
<trkpt lat="46.530496" lon="10.457010"><ele>2655.4</ele><time>2026-07-12T09:06:40Z</time></trkpt>
<trkpt lat="46.530624" lon="10.457255"><ele>2653.1</ele><time>2026-07-12T09:06:43Z</time></trkpt>
<trkpt lat="46.530705" lon="10.457399"><ele>2650.9</ele><time>2026-07-12T09:06:44Z</time></trkpt>
<trkpt lat="46.530775" lon="10.457509"><ele>2647.8</ele><time>2026-07-12T09:06:46Z</time></trkpt>
<trkpt lat="46.530839" lon="10.457599"><ele>2644.8</ele><time>2026-07-12T09:06:47Z</time></trkpt>
<trkpt lat="46.530902" lon="10.457683"><ele>2641.9</ele><time>2026-07-12T09:06:48Z</time></trkpt>
<trkpt lat="46.530967" lon="10.457755"><ele>2640.1</ele><time>2026-07-12T09:06:49Z</time></trkpt>
<trkpt lat="46.531019" lon="10.457816"><ele>2638.0</ele><time>2026-07-12T09:06:50Z</time></trkpt>
<trkpt lat="46.531065" lon="10.457855"><ele>2636.5</ele><time>2026-07-12T09:06:51Z</time></trkpt>
<trkpt lat="46.531187" lon="10.457934"><ele>2635.7</ele><time>2026-07-12T09:06:52Z</time></trkpt>
<trkpt lat="46.531309" lon="10.458004"><ele>2635.3</ele><time>2026-07-12T09:06:53Z</time></trkpt>
<trkpt lat="46.531367" lon="10.458031"><ele>2635.9</ele><time>2026-07-12T09:06:54Z</time></trkpt>
<trkpt lat="46.531426" lon="10.458070"><ele>2635.3</ele><time>2026-07-12T09:06:55Z</time></trkpt>
<trkpt lat="46.531491" lon="10.458105"><ele>2634.6</ele><time>2026-07-12T09:06:55Z</time></trkpt>
<trkpt lat="46.531541" lon="10.458124"><ele>2634.8</ele><time>2026-07-12T09:06:56Z</time></trkpt>
<trkpt lat="46.531689" lon="10.458141"><ele>2634.5</ele><time>2026-07-12T09:06:57Z</time></trkpt>
<trkpt lat="46.531709" lon="10.458148"><ele>2634.2</ele><time>2026-07-12T09:06:57Z</time></trkpt>
<trkpt lat="46.531722" lon="10.458159"><ele>2633.5</ele><time>2026-07-12T09:06:58Z</time></trkpt>
<trkpt lat="46.531733" lon="10.458177"><ele>2632.8</ele><time>2026-07-12T09:06:58Z</time></trkpt>
<trkpt lat="46.531739" lon="10.458203"><ele>2633.2</ele><time>2026-07-12T09:06:58Z</time></trkpt>
<trkpt lat="46.531740" lon="10.458213"><ele>2633.2</ele><time>2026-07-12T09:06:58Z</time></trkpt>
<trkpt lat="46.531738" lon="10.458229"><ele>2633.2</ele><time>2026-07-12T09:06:58Z</time></trkpt>
<trkpt lat="46.531736" lon="10.458235"><ele>2632.8</ele><time>2026-07-12T09:06:58Z</time></trkpt>
<trkpt lat="46.531729" lon="10.458246"><ele>2632.4</ele><time>2026-07-12T09:06:58Z</time></trkpt>
<trkpt lat="46.531716" lon="10.458256"><ele>2631.1</ele><time>2026-07-12T09:06:59Z</time></trkpt>
<trkpt lat="46.531696" lon="10.458261"><ele>2629.4</ele><time>2026-07-12T09:06:59Z</time></trkpt>
<trkpt lat="46.531677" lon="10.458261"><ele>2628.1</ele><time>2026-07-12T09:06:59Z</time></trkpt>
<trkpt lat="46.531435" lon="10.458174"><ele>2626.8</ele><time>2026-07-12T09:07:01Z</time></trkpt>
<trkpt lat="46.531337" lon="10.458137"><ele>2625.0</ele><time>2026-07-12T09:07:03Z</time></trkpt>
<trkpt lat="46.531091" lon="10.458058"><ele>2624.5</ele><time>2026-07-12T09:07:05Z</time></trkpt>
<trkpt lat="46.531000" lon="10.458021"><ele>2624.0</ele><time>2026-07-12T09:07:06Z</time></trkpt>
<trkpt lat="46.530939" lon="10.457988"><ele>2623.8</ele><time>2026-07-12T09:07:06Z</time></trkpt>
<trkpt lat="46.530860" lon="10.457937"><ele>2624.2</ele><time>2026-07-12T09:07:07Z</time></trkpt>
<trkpt lat="46.530791" lon="10.457883"><ele>2625.0</ele><time>2026-07-12T09:07:08Z</time></trkpt>
<trkpt lat="46.530742" lon="10.457847"><ele>2625.1</ele><time>2026-07-12T09:07:08Z</time></trkpt>
<trkpt lat="46.530663" lon="10.457797"><ele>2626.2</ele><time>2026-07-12T09:07:09Z</time></trkpt>
<trkpt lat="46.530559" lon="10.457715"><ele>2625.6</ele><time>2026-07-12T09:07:11Z</time></trkpt>
<trkpt lat="46.530445" lon="10.457633"><ele>2625.5</ele><time>2026-07-12T09:07:11Z</time></trkpt>
<trkpt lat="46.530332" lon="10.457547"><ele>2626.5</ele><time>2026-07-12T09:07:13Z</time></trkpt>
<trkpt lat="46.530231" lon="10.457458"><ele>2627.5</ele><time>2026-07-12T09:07:15Z</time></trkpt>
<trkpt lat="46.530151" lon="10.457371"><ele>2627.5</ele><time>2026-07-12T09:07:15Z</time></trkpt>
<trkpt lat="46.530039" lon="10.457257"><ele>2628.3</ele><time>2026-07-12T09:07:17Z</time></trkpt>
<trkpt lat="46.529964" lon="10.457168"><ele>2628.2</ele><time>2026-07-12T09:07:17Z</time></trkpt>
<trkpt lat="46.529947" lon="10.457157"><ele>2629.0</ele><time>2026-07-12T09:07:18Z</time></trkpt>
<trkpt lat="46.529936" lon="10.457155"><ele>2629.2</ele><time>2026-07-12T09:07:18Z</time></trkpt>
<trkpt lat="46.529928" lon="10.457157"><ele>2628.8</ele><time>2026-07-12T09:07:18Z</time></trkpt>
<trkpt lat="46.529915" lon="10.457166"><ele>2628.5</ele><time>2026-07-12T09:07:18Z</time></trkpt>
<trkpt lat="46.529910" lon="10.457175"><ele>2628.1</ele><time>2026-07-12T09:07:18Z</time></trkpt>
<trkpt lat="46.529908" lon="10.457188"><ele>2626.5</ele><time>2026-07-12T09:07:18Z</time></trkpt>
<trkpt lat="46.529909" lon="10.457209"><ele>2625.7</ele><time>2026-07-12T09:07:19Z</time></trkpt>
<trkpt lat="46.529915" lon="10.457238"><ele>2623.5</ele><time>2026-07-12T09:07:19Z</time></trkpt>
<trkpt lat="46.529926" lon="10.457269"><ele>2621.6</ele><time>2026-07-12T09:07:19Z</time></trkpt>
<trkpt lat="46.529951" lon="10.457313"><ele>2619.3</ele><time>2026-07-12T09:07:20Z</time></trkpt>
<trkpt lat="46.530042" lon="10.457448"><ele>2616.1</ele><time>2026-07-12T09:07:21Z</time></trkpt>
<trkpt lat="46.530184" lon="10.457672"><ele>2612.9</ele><time>2026-07-12T09:07:24Z</time></trkpt>
<trkpt lat="46.530336" lon="10.457896"><ele>2610.0</ele><time>2026-07-12T09:07:27Z</time></trkpt>
<trkpt lat="46.530408" lon="10.457989"><ele>2606.3</ele><time>2026-07-12T09:07:28Z</time></trkpt>
<trkpt lat="46.530502" lon="10.458099"><ele>2603.8</ele><time>2026-07-12T09:07:30Z</time></trkpt>
<trkpt lat="46.530606" lon="10.458214"><ele>2600.4</ele><time>2026-07-12T09:07:32Z</time></trkpt>
<trkpt lat="46.530842" lon="10.458453"><ele>2597.9</ele><time>2026-07-12T09:07:36Z</time></trkpt>
<trkpt lat="46.531027" lon="10.458585"><ele>2595.4</ele><time>2026-07-12T09:07:38Z</time></trkpt>
<trkpt lat="46.531156" lon="10.458675"><ele>2593.4</ele><time>2026-07-12T09:07:40Z</time></trkpt>
<trkpt lat="46.531321" lon="10.458799"><ele>2592.6</ele><time>2026-07-12T09:07:42Z</time></trkpt>
<trkpt lat="46.531395" lon="10.458844"><ele>2592.8</ele><time>2026-07-12T09:07:43Z</time></trkpt>
<trkpt lat="46.531491" lon="10.458889"><ele>2592.0</ele><time>2026-07-12T09:07:44Z</time></trkpt>
<trkpt lat="46.531613" lon="10.458929"><ele>2592.4</ele><time>2026-07-12T09:07:45Z</time></trkpt>
<trkpt lat="46.531706" lon="10.458972"><ele>2593.0</ele><time>2026-07-12T09:07:46Z</time></trkpt>
<trkpt lat="46.531812" lon="10.459009"><ele>2595.0</ele><time>2026-07-12T09:07:47Z</time></trkpt>
<trkpt lat="46.531927" lon="10.459044"><ele>2596.6</ele><time>2026-07-12T09:07:49Z</time></trkpt>
<trkpt lat="46.532047" lon="10.459086"><ele>2597.4</ele><time>2026-07-12T09:07:50Z</time></trkpt>
<trkpt lat="46.532105" lon="10.459116"><ele>2597.4</ele><time>2026-07-12T09:07:50Z</time></trkpt>
<trkpt lat="46.532156" lon="10.459153"><ele>2598.6</ele><time>2026-07-12T09:07:51Z</time></trkpt>
<trkpt lat="46.532213" lon="10.459208"><ele>2599.0</ele><time>2026-07-12T09:07:52Z</time></trkpt>
<trkpt lat="46.532344" lon="10.459363"><ele>2598.7</ele><time>2026-07-12T09:07:53Z</time></trkpt>
<trkpt lat="46.532393" lon="10.459450"><ele>2597.0</ele><time>2026-07-12T09:07:54Z</time></trkpt>
<trkpt lat="46.532437" lon="10.459549"><ele>2595.3</ele><time>2026-07-12T09:07:55Z</time></trkpt>
<trkpt lat="46.532467" lon="10.459634"><ele>2593.9</ele><time>2026-07-12T09:07:56Z</time></trkpt>
<trkpt lat="46.532577" lon="10.459845"><ele>2592.7</ele><time>2026-07-12T09:07:58Z</time></trkpt>
<trkpt lat="46.532628" lon="10.459931"><ele>2590.9</ele><time>2026-07-12T09:07:59Z</time></trkpt>
<trkpt lat="46.532670" lon="10.460025"><ele>2589.6</ele><time>2026-07-12T09:08:00Z</time></trkpt>
<trkpt lat="46.532699" lon="10.460108"><ele>2587.6</ele><time>2026-07-12T09:08:01Z</time></trkpt>
<trkpt lat="46.532768" lon="10.460271"><ele>2586.4</ele><time>2026-07-12T09:08:03Z</time></trkpt>
<trkpt lat="46.532932" lon="10.460640"><ele>2585.1</ele><time>2026-07-12T09:08:05Z</time></trkpt>
<trkpt lat="46.532968" lon="10.460742"><ele>2583.9</ele><time>2026-07-12T09:08:06Z</time></trkpt>
<trkpt lat="46.533002" lon="10.460853"><ele>2583.3</ele><time>2026-07-12T09:08:08Z</time></trkpt>
<trkpt lat="46.533069" lon="10.461052"><ele>2583.3</ele><time>2026-07-12T09:08:09Z</time></trkpt>
<trkpt lat="46.533113" lon="10.461160"><ele>2583.1</ele><time>2026-07-12T09:08:09Z</time></trkpt>
<trkpt lat="46.533130" lon="10.461216"><ele>2583.5</ele><time>2026-07-12T09:08:10Z</time></trkpt>
<trkpt lat="46.533136" lon="10.461247"><ele>2583.9</ele><time>2026-07-12T09:08:10Z</time></trkpt>
<trkpt lat="46.533137" lon="10.461268"><ele>2584.5</ele><time>2026-07-12T09:08:10Z</time></trkpt>
<trkpt lat="46.533136" lon="10.461288"><ele>2583.9</ele><time>2026-07-12T09:08:11Z</time></trkpt>
<trkpt lat="46.533130" lon="10.461305"><ele>2582.8</ele><time>2026-07-12T09:08:11Z</time></trkpt>
<trkpt lat="46.533123" lon="10.461312"><ele>2581.6</ele><time>2026-07-12T09:08:11Z</time></trkpt>
<trkpt lat="46.533113" lon="10.461316"><ele>2580.5</ele><time>2026-07-12T09:08:11Z</time></trkpt>
<trkpt lat="46.533099" lon="10.461313"><ele>2579.4</ele><time>2026-07-12T09:08:11Z</time></trkpt>
<trkpt lat="46.533088" lon="10.461303"><ele>2578.8</ele><time>2026-07-12T09:08:11Z</time></trkpt>
<trkpt lat="46.533079" lon="10.461290"><ele>2577.7</ele><time>2026-07-12T09:08:11Z</time></trkpt>
<trkpt lat="46.533071" lon="10.461272"><ele>2577.2</ele><time>2026-07-12T09:08:12Z</time></trkpt>
<trkpt lat="46.533011" lon="10.461109"><ele>2576.7</ele><time>2026-07-12T09:08:13Z</time></trkpt>
<trkpt lat="46.532898" lon="10.460873"><ele>2577.1</ele><time>2026-07-12T09:08:14Z</time></trkpt>
<trkpt lat="46.532761" lon="10.460606"><ele>2576.6</ele><time>2026-07-12T09:08:16Z</time></trkpt>
<trkpt lat="46.532722" lon="10.460540"><ele>2576.9</ele><time>2026-07-12T09:08:17Z</time></trkpt>
<trkpt lat="46.532688" lon="10.460468"><ele>2576.5</ele><time>2026-07-12T09:08:17Z</time></trkpt>
<trkpt lat="46.532644" lon="10.460387"><ele>2576.7</ele><time>2026-07-12T09:08:18Z</time></trkpt>
<trkpt lat="46.532594" lon="10.460302"><ele>2576.9</ele><time>2026-07-12T09:08:18Z</time></trkpt>
<trkpt lat="46.532482" lon="10.460159"><ele>2576.4</ele><time>2026-07-12T09:08:19Z</time></trkpt>
<trkpt lat="46.532416" lon="10.460094"><ele>2574.7</ele><time>2026-07-12T09:08:20Z</time></trkpt>
<trkpt lat="46.532262" lon="10.459968"><ele>2573.3</ele><time>2026-07-12T09:08:23Z</time></trkpt>
<trkpt lat="46.532094" lon="10.459865"><ele>2571.2</ele><time>2026-07-12T09:08:25Z</time></trkpt>
<trkpt lat="46.531860" lon="10.459741"><ele>2568.6</ele><time>2026-07-12T09:08:28Z</time></trkpt>
<trkpt lat="46.531777" lon="10.459702"><ele>2565.4</ele><time>2026-07-12T09:08:30Z</time></trkpt>
<trkpt lat="46.531677" lon="10.459659"><ele>2562.7</ele><time>2026-07-12T09:08:31Z</time></trkpt>
<trkpt lat="46.531502" lon="10.459580"><ele>2560.0</ele><time>2026-07-12T09:08:33Z</time></trkpt>
<trkpt lat="46.531448" lon="10.459564"><ele>2557.2</ele><time>2026-07-12T09:08:34Z</time></trkpt>
<trkpt lat="46.531383" lon="10.459550"><ele>2555.2</ele><time>2026-07-12T09:08:35Z</time></trkpt>
<trkpt lat="46.531289" lon="10.459538"><ele>2551.9</ele><time>2026-07-12T09:08:36Z</time></trkpt>
<trkpt lat="46.531179" lon="10.459516"><ele>2549.3</ele><time>2026-07-12T09:08:38Z</time></trkpt>
<trkpt lat="46.530937" lon="10.459482"><ele>2546.7</ele><time>2026-07-12T09:08:41Z</time></trkpt>
<trkpt lat="46.530754" lon="10.459447"><ele>2543.5</ele><time>2026-07-12T09:08:44Z</time></trkpt>
<trkpt lat="46.530690" lon="10.459432"><ele>2542.1</ele><time>2026-07-12T09:08:44Z</time></trkpt>
<trkpt lat="46.530567" lon="10.459377"><ele>2541.2</ele><time>2026-07-12T09:08:46Z</time></trkpt>
<trkpt lat="46.530514" lon="10.459350"><ele>2540.1</ele><time>2026-07-12T09:08:47Z</time></trkpt>
<trkpt lat="46.530447" lon="10.459299"><ele>2539.5</ele><time>2026-07-12T09:08:48Z</time></trkpt>
<trkpt lat="46.530427" lon="10.459289"><ele>2538.8</ele><time>2026-07-12T09:08:48Z</time></trkpt>
<trkpt lat="46.530409" lon="10.459286"><ele>2538.7</ele><time>2026-07-12T09:08:48Z</time></trkpt>
<trkpt lat="46.530395" lon="10.459289"><ele>2538.1</ele><time>2026-07-12T09:08:49Z</time></trkpt>
<trkpt lat="46.530383" lon="10.459300"><ele>2536.3</ele><time>2026-07-12T09:08:49Z</time></trkpt>
<trkpt lat="46.530377" lon="10.459312"><ele>2534.5</ele><time>2026-07-12T09:08:49Z</time></trkpt>
<trkpt lat="46.530374" lon="10.459334"><ele>2532.7</ele><time>2026-07-12T09:08:49Z</time></trkpt>
<trkpt lat="46.530378" lon="10.459354"><ele>2531.6</ele><time>2026-07-12T09:08:49Z</time></trkpt>
<trkpt lat="46.530386" lon="10.459372"><ele>2531.1</ele><time>2026-07-12T09:08:49Z</time></trkpt>
<trkpt lat="46.530402" lon="10.459393"><ele>2529.4</ele><time>2026-07-12T09:08:50Z</time></trkpt>
<trkpt lat="46.530613" lon="10.459591"><ele>2529.4</ele><time>2026-07-12T09:08:52Z</time></trkpt>
<trkpt lat="46.530669" lon="10.459645"><ele>2529.5</ele><time>2026-07-12T09:08:52Z</time></trkpt>
<trkpt lat="46.530748" lon="10.459710"><ele>2530.1</ele><time>2026-07-12T09:08:53Z</time></trkpt>
<trkpt lat="46.530791" lon="10.459741"><ele>2530.6</ele><time>2026-07-12T09:08:54Z</time></trkpt>
<trkpt lat="46.530846" lon="10.459770"><ele>2532.2</ele><time>2026-07-12T09:08:54Z</time></trkpt>
<trkpt lat="46.530912" lon="10.459788"><ele>2532.5</ele><time>2026-07-12T09:08:55Z</time></trkpt>
<trkpt lat="46.530973" lon="10.459800"><ele>2534.3</ele><time>2026-07-12T09:08:56Z</time></trkpt>
<trkpt lat="46.531154" lon="10.459842"><ele>2535.6</ele><time>2026-07-12T09:08:58Z</time></trkpt>
<trkpt lat="46.531217" lon="10.459872"><ele>2536.8</ele><time>2026-07-12T09:08:59Z</time></trkpt>
<trkpt lat="46.531280" lon="10.459912"><ele>2538.0</ele><time>2026-07-12T09:09:00Z</time></trkpt>
<trkpt lat="46.531346" lon="10.459963"><ele>2539.7</ele><time>2026-07-12T09:09:01Z</time></trkpt>
<trkpt lat="46.531444" lon="10.460060"><ele>2539.9</ele><time>2026-07-12T09:09:02Z</time></trkpt>
<trkpt lat="46.531541" lon="10.460149"><ele>2540.7</ele><time>2026-07-12T09:09:03Z</time></trkpt>
<trkpt lat="46.531746" lon="10.460350"><ele>2541.0</ele><time>2026-07-12T09:09:05Z</time></trkpt>
<trkpt lat="46.531883" lon="10.460469"><ele>2541.0</ele><time>2026-07-12T09:09:06Z</time></trkpt>
<trkpt lat="46.532010" lon="10.460604"><ele>2541.2</ele><time>2026-07-12T09:09:07Z</time></trkpt>
<trkpt lat="46.532046" lon="10.460659"><ele>2539.7</ele><time>2026-07-12T09:09:08Z</time></trkpt>
<trkpt lat="46.532081" lon="10.460721"><ele>2537.7</ele><time>2026-07-12T09:09:09Z</time></trkpt>
<trkpt lat="46.532108" lon="10.460789"><ele>2536.1</ele><time>2026-07-12T09:09:10Z</time></trkpt>
<trkpt lat="46.532137" lon="10.460873"><ele>2534.8</ele><time>2026-07-12T09:09:10Z</time></trkpt>
<trkpt lat="46.532192" lon="10.461057"><ele>2532.6</ele><time>2026-07-12T09:09:12Z</time></trkpt>
<trkpt lat="46.532220" lon="10.461119"><ele>2531.6</ele><time>2026-07-12T09:09:13Z</time></trkpt>
<trkpt lat="46.532249" lon="10.461168"><ele>2529.6</ele><time>2026-07-12T09:09:14Z</time></trkpt>
<trkpt lat="46.532290" lon="10.461225"><ele>2529.6</ele><time>2026-07-12T09:09:14Z</time></trkpt>
<trkpt lat="46.532379" lon="10.461359"><ele>2529.7</ele><time>2026-07-12T09:09:15Z</time></trkpt>
<trkpt lat="46.532406" lon="10.461418"><ele>2529.0</ele><time>2026-07-12T09:09:16Z</time></trkpt>
<trkpt lat="46.532424" lon="10.461478"><ele>2527.5</ele><time>2026-07-12T09:09:16Z</time></trkpt>
<trkpt lat="46.532442" lon="10.461554"><ele>2525.9</ele><time>2026-07-12T09:09:17Z</time></trkpt>
<trkpt lat="46.532455" lon="10.461624"><ele>2523.3</ele><time>2026-07-12T09:09:18Z</time></trkpt>
<trkpt lat="46.532471" lon="10.461770"><ele>2520.9</ele><time>2026-07-12T09:09:19Z</time></trkpt>
<trkpt lat="46.532488" lon="10.461950"><ele>2517.8</ele><time>2026-07-12T09:09:21Z</time></trkpt>
<trkpt lat="46.532501" lon="10.462025"><ele>2514.2</ele><time>2026-07-12T09:09:21Z</time></trkpt>
<trkpt lat="46.532520" lon="10.462103"><ele>2510.7</ele><time>2026-07-12T09:09:22Z</time></trkpt>
<trkpt lat="46.532569" lon="10.462279"><ele>2508.0</ele><time>2026-07-12T09:09:24Z</time></trkpt>
<trkpt lat="46.532679" lon="10.462615"><ele>2506.2</ele><time>2026-07-12T09:09:27Z</time></trkpt>
<trkpt lat="46.532732" lon="10.462766"><ele>2503.7</ele><time>2026-07-12T09:09:29Z</time></trkpt>
<trkpt lat="46.532750" lon="10.462854"><ele>2502.0</ele><time>2026-07-12T09:09:30Z</time></trkpt>
<trkpt lat="46.532814" lon="10.463130"><ele>2499.8</ele><time>2026-07-12T09:09:32Z</time></trkpt>
<trkpt lat="46.532846" lon="10.463297"><ele>2498.0</ele><time>2026-07-12T09:09:34Z</time></trkpt>
<trkpt lat="46.532871" lon="10.463385"><ele>2496.4</ele><time>2026-07-12T09:09:35Z</time></trkpt>
<trkpt lat="46.532931" lon="10.463664"><ele>2495.9</ele><time>2026-07-12T09:09:36Z</time></trkpt>
<trkpt lat="46.532949" lon="10.463736"><ele>2495.0</ele><time>2026-07-12T09:09:37Z</time></trkpt>
<trkpt lat="46.533003" lon="10.463915"><ele>2494.7</ele><time>2026-07-12T09:09:38Z</time></trkpt>
<trkpt lat="46.533011" lon="10.463956"><ele>2494.5</ele><time>2026-07-12T09:09:38Z</time></trkpt>
<trkpt lat="46.533013" lon="10.463976"><ele>2493.4</ele><time>2026-07-12T09:09:38Z</time></trkpt>
<trkpt lat="46.533012" lon="10.463995"><ele>2492.4</ele><time>2026-07-12T09:09:39Z</time></trkpt>
<trkpt lat="46.533005" lon="10.464009"><ele>2491.8</ele><time>2026-07-12T09:09:39Z</time></trkpt>
<trkpt lat="46.532996" lon="10.464016"><ele>2490.2</ele><time>2026-07-12T09:09:39Z</time></trkpt>
<trkpt lat="46.532988" lon="10.464018"><ele>2489.1</ele><time>2026-07-12T09:09:39Z</time></trkpt>
<trkpt lat="46.532981" lon="10.464017"><ele>2488.0</ele><time>2026-07-12T09:09:39Z</time></trkpt>
<trkpt lat="46.532969" lon="10.464011"><ele>2487.5</ele><time>2026-07-12T09:09:39Z</time></trkpt>
<trkpt lat="46.532957" lon="10.464001"><ele>2487.7</ele><time>2026-07-12T09:09:39Z</time></trkpt>
<trkpt lat="46.532944" lon="10.463979"><ele>2488.5</ele><time>2026-07-12T09:09:40Z</time></trkpt>
<trkpt lat="46.532936" lon="10.463958"><ele>2489.2</ele><time>2026-07-12T09:09:40Z</time></trkpt>
<trkpt lat="46.532841" lon="10.463628"><ele>2489.4</ele><time>2026-07-12T09:09:42Z</time></trkpt>
<trkpt lat="46.532807" lon="10.463533"><ele>2490.2</ele><time>2026-07-12T09:09:43Z</time></trkpt>
<trkpt lat="46.532785" lon="10.463476"><ele>2490.7</ele><time>2026-07-12T09:09:43Z</time></trkpt>
<trkpt lat="46.532744" lon="10.463388"><ele>2491.3</ele><time>2026-07-12T09:09:44Z</time></trkpt>
<trkpt lat="46.532651" lon="10.463177"><ele>2491.0</ele><time>2026-07-12T09:09:46Z</time></trkpt>
<trkpt lat="46.532577" lon="10.462985"><ele>2491.0</ele><time>2026-07-12T09:09:47Z</time></trkpt>
<trkpt lat="46.532552" lon="10.462895"><ele>2490.9</ele><time>2026-07-12T09:09:47Z</time></trkpt>
<trkpt lat="46.532523" lon="10.462809"><ele>2491.1</ele><time>2026-07-12T09:09:48Z</time></trkpt>
<trkpt lat="46.532470" lon="10.462670"><ele>2490.6</ele><time>2026-07-12T09:09:49Z</time></trkpt>
<trkpt lat="46.532440" lon="10.462609"><ele>2490.2</ele><time>2026-07-12T09:09:49Z</time></trkpt>
<trkpt lat="46.532395" lon="10.462542"><ele>2490.0</ele><time>2026-07-12T09:09:50Z</time></trkpt>
<trkpt lat="46.532343" lon="10.462460"><ele>2490.6</ele><time>2026-07-12T09:09:51Z</time></trkpt>
<trkpt lat="46.532231" lon="10.462300"><ele>2490.6</ele><time>2026-07-12T09:09:52Z</time></trkpt>
<trkpt lat="46.532191" lon="10.462208"><ele>2490.4</ele><time>2026-07-12T09:09:53Z</time></trkpt>
<trkpt lat="46.532077" lon="10.461987"><ele>2490.7</ele><time>2026-07-12T09:09:54Z</time></trkpt>
<trkpt lat="46.531996" lon="10.461842"><ele>2491.1</ele><time>2026-07-12T09:09:55Z</time></trkpt>
<trkpt lat="46.531929" lon="10.461697"><ele>2490.9</ele><time>2026-07-12T09:09:56Z</time></trkpt>
<trkpt lat="46.531877" lon="10.461611"><ele>2488.8</ele><time>2026-07-12T09:09:57Z</time></trkpt>
<trkpt lat="46.531820" lon="10.461523"><ele>2488.1</ele><time>2026-07-12T09:09:58Z</time></trkpt>
<trkpt lat="46.531704" lon="10.461414"><ele>2487.4</ele><time>2026-07-12T09:10:00Z</time></trkpt>
<trkpt lat="46.531347" lon="10.461233"><ele>2486.1</ele><time>2026-07-12T09:10:03Z</time></trkpt>
<trkpt lat="46.531308" lon="10.461211"><ele>2484.9</ele><time>2026-07-12T09:10:04Z</time></trkpt>
<trkpt lat="46.531265" lon="10.461176"><ele>2483.3</ele><time>2026-07-12T09:10:04Z</time></trkpt>
<trkpt lat="46.531164" lon="10.461083"><ele>2482.7</ele><time>2026-07-12T09:10:06Z</time></trkpt>
<trkpt lat="46.530993" lon="10.460908"><ele>2483.2</ele><time>2026-07-12T09:10:07Z</time></trkpt>
<trkpt lat="46.530974" lon="10.460896"><ele>2482.6</ele><time>2026-07-12T09:10:07Z</time></trkpt>
<trkpt lat="46.530959" lon="10.460893"><ele>2482.0</ele><time>2026-07-12T09:10:08Z</time></trkpt>
<trkpt lat="46.530945" lon="10.460896"><ele>2482.0</ele><time>2026-07-12T09:10:08Z</time></trkpt>
<trkpt lat="46.530932" lon="10.460908"><ele>2482.0</ele><time>2026-07-12T09:10:08Z</time></trkpt>
<trkpt lat="46.530922" lon="10.460930"><ele>2482.0</ele><time>2026-07-12T09:10:08Z</time></trkpt>
<trkpt lat="46.530920" lon="10.460945"><ele>2482.0</ele><time>2026-07-12T09:10:08Z</time></trkpt>
<trkpt lat="46.530920" lon="10.460959"><ele>2482.0</ele><time>2026-07-12T09:10:08Z</time></trkpt>
<trkpt lat="46.530923" lon="10.460973"><ele>2481.3</ele><time>2026-07-12T09:10:08Z</time></trkpt>
<trkpt lat="46.530929" lon="10.460990"><ele>2480.6</ele><time>2026-07-12T09:10:08Z</time></trkpt>
<trkpt lat="46.530943" lon="10.461016"><ele>2479.6</ele><time>2026-07-12T09:10:09Z</time></trkpt>
<trkpt lat="46.531033" lon="10.461111"><ele>2477.2</ele><time>2026-07-12T09:10:10Z</time></trkpt>
<trkpt lat="46.531095" lon="10.461180"><ele>2475.6</ele><time>2026-07-12T09:10:11Z</time></trkpt>
<trkpt lat="46.531376" lon="10.461518"><ele>2474.0</ele><time>2026-07-12T09:10:15Z</time></trkpt>
<trkpt lat="46.531565" lon="10.461734"><ele>2471.4</ele><time>2026-07-12T09:10:18Z</time></trkpt>
<trkpt lat="46.531617" lon="10.461802"><ele>2470.4</ele><time>2026-07-12T09:10:19Z</time></trkpt>
<trkpt lat="46.531648" lon="10.461861"><ele>2468.6</ele><time>2026-07-12T09:10:20Z</time></trkpt>
<trkpt lat="46.531694" lon="10.461964"><ele>2467.2</ele><time>2026-07-12T09:10:21Z</time></trkpt>
<trkpt lat="46.531741" lon="10.462066"><ele>2466.4</ele><time>2026-07-12T09:10:22Z</time></trkpt>
<trkpt lat="46.531792" lon="10.462218"><ele>2465.2</ele><time>2026-07-12T09:10:23Z</time></trkpt>
<trkpt lat="46.531855" lon="10.462383"><ele>2463.3</ele><time>2026-07-12T09:10:25Z</time></trkpt>
<trkpt lat="46.531904" lon="10.462525"><ele>2462.8</ele><time>2026-07-12T09:10:26Z</time></trkpt>
<trkpt lat="46.531997" lon="10.462753"><ele>2460.6</ele><time>2026-07-12T09:10:29Z</time></trkpt>
<trkpt lat="46.532041" lon="10.462888"><ele>2459.5</ele><time>2026-07-12T09:10:30Z</time></trkpt>
<trkpt lat="46.532073" lon="10.462998"><ele>2457.2</ele><time>2026-07-12T09:10:31Z</time></trkpt>
<trkpt lat="46.532102" lon="10.463143"><ele>2455.7</ele><time>2026-07-12T09:10:32Z</time></trkpt>
<trkpt lat="46.532189" lon="10.463527"><ele>2454.2</ele><time>2026-07-12T09:10:35Z</time></trkpt>
<trkpt lat="46.532240" lon="10.463793"><ele>2453.5</ele><time>2026-07-12T09:10:37Z</time></trkpt>
<trkpt lat="46.532271" lon="10.463915"><ele>2452.1</ele><time>2026-07-12T09:10:38Z</time></trkpt>
<trkpt lat="46.532305" lon="10.464025"><ele>2451.2</ele><time>2026-07-12T09:10:39Z</time></trkpt>
<trkpt lat="46.532341" lon="10.464122"><ele>2449.4</ele><time>2026-07-12T09:10:40Z</time></trkpt>
<trkpt lat="46.532438" lon="10.464334"><ele>2449.6</ele><time>2026-07-12T09:10:41Z</time></trkpt>
<trkpt lat="46.532482" lon="10.464425"><ele>2449.9</ele><time>2026-07-12T09:10:42Z</time></trkpt>
<trkpt lat="46.532523" lon="10.464499"><ele>2448.7</ele><time>2026-07-12T09:10:43Z</time></trkpt>
<trkpt lat="46.532578" lon="10.464604"><ele>2447.5</ele><time>2026-07-12T09:10:44Z</time></trkpt>
<trkpt lat="46.532586" lon="10.464627"><ele>2446.6</ele><time>2026-07-12T09:10:45Z</time></trkpt>
<trkpt lat="46.532590" lon="10.464653"><ele>2445.8</ele><time>2026-07-12T09:10:45Z</time></trkpt>
<trkpt lat="46.532587" lon="10.464673"><ele>2445.9</ele><time>2026-07-12T09:10:45Z</time></trkpt>
<trkpt lat="46.532581" lon="10.464685"><ele>2444.9</ele><time>2026-07-12T09:10:45Z</time></trkpt>
<trkpt lat="46.532568" lon="10.464696"><ele>2442.9</ele><time>2026-07-12T09:10:45Z</time></trkpt>
<trkpt lat="46.532555" lon="10.464697"><ele>2442.8</ele><time>2026-07-12T09:10:45Z</time></trkpt>
<trkpt lat="46.532538" lon="10.464688"><ele>2442.6</ele><time>2026-07-12T09:10:46Z</time></trkpt>
<trkpt lat="46.532517" lon="10.464667"><ele>2442.0</ele><time>2026-07-12T09:10:46Z</time></trkpt>
<trkpt lat="46.532457" lon="10.464571"><ele>2442.2</ele><time>2026-07-12T09:10:47Z</time></trkpt>
<trkpt lat="46.532351" lon="10.464392"><ele>2441.8</ele><time>2026-07-12T09:10:48Z</time></trkpt>
<trkpt lat="46.532213" lon="10.464186"><ele>2441.3</ele><time>2026-07-12T09:10:49Z</time></trkpt>
<trkpt lat="46.532184" lon="10.464132"><ele>2441.4</ele><time>2026-07-12T09:10:50Z</time></trkpt>
<trkpt lat="46.532100" lon="10.463935"><ele>2441.0</ele><time>2026-07-12T09:10:51Z</time></trkpt>
<trkpt lat="46.532063" lon="10.463845"><ele>2439.5</ele><time>2026-07-12T09:10:52Z</time></trkpt>
<trkpt lat="46.532018" lon="10.463720"><ele>2438.3</ele><time>2026-07-12T09:10:53Z</time></trkpt>
<trkpt lat="46.531963" lon="10.463584"><ele>2437.0</ele><time>2026-07-12T09:10:54Z</time></trkpt>
<trkpt lat="46.531934" lon="10.463509"><ele>2436.3</ele><time>2026-07-12T09:10:55Z</time></trkpt>
<trkpt lat="46.531913" lon="10.463457"><ele>2435.6</ele><time>2026-07-12T09:10:56Z</time></trkpt>
<trkpt lat="46.531903" lon="10.463439"><ele>2435.4</ele><time>2026-07-12T09:10:56Z</time></trkpt>
<trkpt lat="46.531889" lon="10.463423"><ele>2434.7</ele><time>2026-07-12T09:10:56Z</time></trkpt>
<trkpt lat="46.531875" lon="10.463416"><ele>2435.3</ele><time>2026-07-12T09:10:56Z</time></trkpt>
<trkpt lat="46.531859" lon="10.463418"><ele>2435.3</ele><time>2026-07-12T09:10:57Z</time></trkpt>
<trkpt lat="46.531841" lon="10.463432"><ele>2434.7</ele><time>2026-07-12T09:10:57Z</time></trkpt>
<trkpt lat="46.531833" lon="10.463445"><ele>2434.2</ele><time>2026-07-12T09:10:57Z</time></trkpt>
<trkpt lat="46.531827" lon="10.463467"><ele>2433.7</ele><time>2026-07-12T09:10:57Z</time></trkpt>
<trkpt lat="46.531826" lon="10.463491"><ele>2433.1</ele><time>2026-07-12T09:10:57Z</time></trkpt>
<trkpt lat="46.531831" lon="10.463520"><ele>2432.0</ele><time>2026-07-12T09:10:58Z</time></trkpt>
<trkpt lat="46.531838" lon="10.463544"><ele>2430.9</ele><time>2026-07-12T09:10:58Z</time></trkpt>
<trkpt lat="46.531867" lon="10.463618"><ele>2431.1</ele><time>2026-07-12T09:10:58Z</time></trkpt>
<trkpt lat="46.531900" lon="10.463691"><ele>2430.7</ele><time>2026-07-12T09:10:59Z</time></trkpt>
<trkpt lat="46.531924" lon="10.463774"><ele>2429.6</ele><time>2026-07-12T09:11:00Z</time></trkpt>
<trkpt lat="46.531969" lon="10.463914"><ele>2428.8</ele><time>2026-07-12T09:11:01Z</time></trkpt>
<trkpt lat="46.532002" lon="10.464040"><ele>2428.4</ele><time>2026-07-12T09:11:02Z</time></trkpt>
<trkpt lat="46.532035" lon="10.464158"><ele>2427.6</ele><time>2026-07-12T09:11:03Z</time></trkpt>
<trkpt lat="46.532134" lon="10.464432"><ele>2425.8</ele><time>2026-07-12T09:11:06Z</time></trkpt>
<trkpt lat="46.532211" lon="10.464617"><ele>2422.6</ele><time>2026-07-12T09:11:08Z</time></trkpt>
<trkpt lat="46.532275" lon="10.464787"><ele>2419.4</ele><time>2026-07-12T09:11:10Z</time></trkpt>
<trkpt lat="46.532426" lon="10.465168"><ele>2416.9</ele><time>2026-07-12T09:11:14Z</time></trkpt>
<trkpt lat="46.532653" lon="10.465728"><ele>2414.8</ele><time>2026-07-12T09:11:18Z</time></trkpt>
<trkpt lat="46.532710" lon="10.465885"><ele>2412.3</ele><time>2026-07-12T09:11:20Z</time></trkpt>
<trkpt lat="46.532747" lon="10.465982"><ele>2410.4</ele><time>2026-07-12T09:11:21Z</time></trkpt>
<trkpt lat="46.532772" lon="10.466058"><ele>2409.5</ele><time>2026-07-12T09:11:22Z</time></trkpt>
<trkpt lat="46.532789" lon="10.466134"><ele>2408.8</ele><time>2026-07-12T09:11:22Z</time></trkpt>
<trkpt lat="46.532800" lon="10.466211"><ele>2408.6</ele><time>2026-07-12T09:11:23Z</time></trkpt>
<trkpt lat="46.532802" lon="10.466287"><ele>2407.8</ele><time>2026-07-12T09:11:24Z</time></trkpt>
<trkpt lat="46.532800" lon="10.466387"><ele>2406.3</ele><time>2026-07-12T09:11:25Z</time></trkpt>
<trkpt lat="46.532791" lon="10.466641"><ele>2404.3</ele><time>2026-07-12T09:11:27Z</time></trkpt>
<trkpt lat="46.532798" lon="10.466883"><ele>2402.4</ele><time>2026-07-12T09:11:29Z</time></trkpt>
<trkpt lat="46.532800" lon="10.467013"><ele>2399.9</ele><time>2026-07-12T09:11:30Z</time></trkpt>
<trkpt lat="46.532812" lon="10.467256"><ele>2397.3</ele><time>2026-07-12T09:11:33Z</time></trkpt>
<trkpt lat="46.532817" lon="10.467409"><ele>2394.7</ele><time>2026-07-12T09:11:34Z</time></trkpt>
<trkpt lat="46.532840" lon="10.468310"><ele>2392.5</ele><time>2026-07-12T09:11:40Z</time></trkpt>
<trkpt lat="46.532847" lon="10.468701"><ele>2390.1</ele><time>2026-07-12T09:11:44Z</time></trkpt>
<trkpt lat="46.532844" lon="10.468850"><ele>2388.0</ele><time>2026-07-12T09:11:45Z</time></trkpt>
<trkpt lat="46.532823" lon="10.469080"><ele>2386.1</ele><time>2026-07-12T09:11:47Z</time></trkpt>
<trkpt lat="46.532814" lon="10.469198"><ele>2384.7</ele><time>2026-07-12T09:11:48Z</time></trkpt>
<trkpt lat="46.532806" lon="10.469322"><ele>2383.4</ele><time>2026-07-12T09:11:49Z</time></trkpt>
<trkpt lat="46.532804" lon="10.469433"><ele>2382.3</ele><time>2026-07-12T09:11:50Z</time></trkpt>
<trkpt lat="46.532806" lon="10.469571"><ele>2381.3</ele><time>2026-07-12T09:11:52Z</time></trkpt>
<trkpt lat="46.532814" lon="10.469670"><ele>2380.4</ele><time>2026-07-12T09:11:52Z</time></trkpt>
<trkpt lat="46.532839" lon="10.469851"><ele>2379.5</ele><time>2026-07-12T09:11:54Z</time></trkpt>
<trkpt lat="46.532843" lon="10.469922"><ele>2378.5</ele><time>2026-07-12T09:11:54Z</time></trkpt>
<trkpt lat="46.532842" lon="10.469998"><ele>2377.4</ele><time>2026-07-12T09:11:55Z</time></trkpt>
<trkpt lat="46.532837" lon="10.470076"><ele>2376.4</ele><time>2026-07-12T09:11:56Z</time></trkpt>
<trkpt lat="46.532838" lon="10.470160"><ele>2375.8</ele><time>2026-07-12T09:11:56Z</time></trkpt>
<trkpt lat="46.532848" lon="10.470383"><ele>2374.9</ele><time>2026-07-12T09:11:58Z</time></trkpt>
<trkpt lat="46.532860" lon="10.470484"><ele>2373.7</ele><time>2026-07-12T09:11:59Z</time></trkpt>
<trkpt lat="46.532926" lon="10.470922"><ele>2372.2</ele><time>2026-07-12T09:12:02Z</time></trkpt>
<trkpt lat="46.532969" lon="10.471165"><ele>2372.2</ele><time>2026-07-12T09:12:03Z</time></trkpt>
<trkpt lat="46.532982" lon="10.471256"><ele>2371.6</ele><time>2026-07-12T09:12:04Z</time></trkpt>
<trkpt lat="46.533001" lon="10.471365"><ele>2371.7</ele><time>2026-07-12T09:12:05Z</time></trkpt>
<trkpt lat="46.533035" lon="10.471513"><ele>2371.1</ele><time>2026-07-12T09:12:06Z</time></trkpt>
<trkpt lat="46.533088" lon="10.471774"><ele>2370.3</ele><time>2026-07-12T09:12:07Z</time></trkpt>
<trkpt lat="46.533142" lon="10.472007"><ele>2370.0</ele><time>2026-07-12T09:12:09Z</time></trkpt>
<trkpt lat="46.533158" lon="10.472083"><ele>2369.8</ele><time>2026-07-12T09:12:09Z</time></trkpt>
<trkpt lat="46.533181" lon="10.472207"><ele>2367.6</ele><time>2026-07-12T09:12:10Z</time></trkpt>
<trkpt lat="46.533209" lon="10.472300"><ele>2367.5</ele><time>2026-07-12T09:12:11Z</time></trkpt>
<trkpt lat="46.533284" lon="10.472575"><ele>2366.8</ele><time>2026-07-12T09:12:13Z</time></trkpt>
<trkpt lat="46.533340" lon="10.472765"><ele>2365.8</ele><time>2026-07-12T09:12:14Z</time></trkpt>
<trkpt lat="46.533380" lon="10.472850"><ele>2365.4</ele><time>2026-07-12T09:12:15Z</time></trkpt>
<trkpt lat="46.533390" lon="10.472881"><ele>2365.1</ele><time>2026-07-12T09:12:15Z</time></trkpt>
<trkpt lat="46.533393" lon="10.472902"><ele>2364.9</ele><time>2026-07-12T09:12:15Z</time></trkpt>
<trkpt lat="46.533390" lon="10.472924"><ele>2365.4</ele><time>2026-07-12T09:12:15Z</time></trkpt>
<trkpt lat="46.533384" lon="10.472938"><ele>2363.5</ele><time>2026-07-12T09:12:15Z</time></trkpt>
<trkpt lat="46.533373" lon="10.472953"><ele>2361.6</ele><time>2026-07-12T09:12:16Z</time></trkpt>
<trkpt lat="46.533365" lon="10.472958"><ele>2360.3</ele><time>2026-07-12T09:12:16Z</time></trkpt>
<trkpt lat="46.533356" lon="10.472959"><ele>2359.1</ele><time>2026-07-12T09:12:16Z</time></trkpt>
<trkpt lat="46.533348" lon="10.472958"><ele>2357.9</ele><time>2026-07-12T09:12:16Z</time></trkpt>
<trkpt lat="46.533340" lon="10.472953"><ele>2357.3</ele><time>2026-07-12T09:12:16Z</time></trkpt>
<trkpt lat="46.533326" lon="10.472939"><ele>2356.4</ele><time>2026-07-12T09:12:16Z</time></trkpt>
<trkpt lat="46.533311" lon="10.472912"><ele>2357.5</ele><time>2026-07-12T09:12:17Z</time></trkpt>
<trkpt lat="46.533261" lon="10.472760"><ele>2357.5</ele><time>2026-07-12T09:12:18Z</time></trkpt>
<trkpt lat="46.533219" lon="10.472626"><ele>2357.8</ele><time>2026-07-12T09:12:18Z</time></trkpt>
<trkpt lat="46.533166" lon="10.472491"><ele>2356.8</ele><time>2026-07-12T09:12:20Z</time></trkpt>
<trkpt lat="46.532823" lon="10.471558"><ele>2356.3</ele><time>2026-07-12T09:12:25Z</time></trkpt>
<trkpt lat="46.532791" lon="10.471465"><ele>2355.0</ele><time>2026-07-12T09:12:26Z</time></trkpt>
<trkpt lat="46.532756" lon="10.471377"><ele>2353.4</ele><time>2026-07-12T09:12:27Z</time></trkpt>
<trkpt lat="46.532722" lon="10.471279"><ele>2351.1</ele><time>2026-07-12T09:12:28Z</time></trkpt>
<trkpt lat="46.532697" lon="10.471200"><ele>2350.2</ele><time>2026-07-12T09:12:29Z</time></trkpt>
<trkpt lat="46.532648" lon="10.471031"><ele>2348.9</ele><time>2026-07-12T09:12:31Z</time></trkpt>
<trkpt lat="46.532638" lon="10.471013"><ele>2348.6</ele><time>2026-07-12T09:12:31Z</time></trkpt>
<trkpt lat="46.532625" lon="10.471000"><ele>2347.9</ele><time>2026-07-12T09:12:31Z</time></trkpt>
<trkpt lat="46.532611" lon="10.470997"><ele>2347.2</ele><time>2026-07-12T09:12:31Z</time></trkpt>
<trkpt lat="46.532596" lon="10.471002"><ele>2347.2</ele><time>2026-07-12T09:12:31Z</time></trkpt>
<trkpt lat="46.532588" lon="10.471011"><ele>2347.2</ele><time>2026-07-12T09:12:31Z</time></trkpt>
<trkpt lat="46.532581" lon="10.471028"><ele>2346.9</ele><time>2026-07-12T09:12:32Z</time></trkpt>
<trkpt lat="46.532579" lon="10.471048"><ele>2346.2</ele><time>2026-07-12T09:12:32Z</time></trkpt>
<trkpt lat="46.532580" lon="10.471074"><ele>2346.4</ele><time>2026-07-12T09:12:32Z</time></trkpt>
<trkpt lat="46.532583" lon="10.471097"><ele>2345.9</ele><time>2026-07-12T09:12:32Z</time></trkpt>
<trkpt lat="46.532611" lon="10.471202"><ele>2346.3</ele><time>2026-07-12T09:12:33Z</time></trkpt>
<trkpt lat="46.532676" lon="10.471487"><ele>2344.6</ele><time>2026-07-12T09:12:36Z</time></trkpt>
<trkpt lat="46.532719" lon="10.471699"><ele>2342.2</ele><time>2026-07-12T09:12:38Z</time></trkpt>
<trkpt lat="46.532781" lon="10.471994"><ele>2339.8</ele><time>2026-07-12T09:12:41Z</time></trkpt>
<trkpt lat="46.533010" lon="10.473123"><ele>2338.1</ele><time>2026-07-12T09:12:46Z</time></trkpt>
<trkpt lat="46.533039" lon="10.473242"><ele>2334.4</ele><time>2026-07-12T09:12:48Z</time></trkpt>
<trkpt lat="46.533076" lon="10.473373"><ele>2331.7</ele><time>2026-07-12T09:12:49Z</time></trkpt>
<trkpt lat="46.533139" lon="10.473563"><ele>2328.1</ele><time>2026-07-12T09:12:51Z</time></trkpt>
<trkpt lat="46.533217" lon="10.473784"><ele>2327.0</ele><time>2026-07-12T09:12:52Z</time></trkpt>
<trkpt lat="46.533282" lon="10.473953"><ele>2326.6</ele><time>2026-07-12T09:12:53Z</time></trkpt>
<trkpt lat="46.533338" lon="10.474061"><ele>2326.6</ele><time>2026-07-12T09:12:54Z</time></trkpt>
<trkpt lat="46.533383" lon="10.474133"><ele>2326.3</ele><time>2026-07-12T09:12:55Z</time></trkpt>
<trkpt lat="46.533440" lon="10.474235"><ele>2326.7</ele><time>2026-07-12T09:12:56Z</time></trkpt>
<trkpt lat="46.533478" lon="10.474306"><ele>2326.8</ele><time>2026-07-12T09:12:56Z</time></trkpt>
<trkpt lat="46.533505" lon="10.474381"><ele>2326.9</ele><time>2026-07-12T09:12:57Z</time></trkpt>
<trkpt lat="46.533525" lon="10.474456"><ele>2325.9</ele><time>2026-07-12T09:12:57Z</time></trkpt>
<trkpt lat="46.533538" lon="10.474534"><ele>2325.0</ele><time>2026-07-12T09:12:58Z</time></trkpt>
<trkpt lat="46.533544" lon="10.474598"><ele>2323.1</ele><time>2026-07-12T09:12:59Z</time></trkpt>
<trkpt lat="46.533543" lon="10.474673"><ele>2320.5</ele><time>2026-07-12T09:12:59Z</time></trkpt>
<trkpt lat="46.533545" lon="10.474747"><ele>2319.0</ele><time>2026-07-12T09:13:00Z</time></trkpt>
<trkpt lat="46.533548" lon="10.474819"><ele>2316.9</ele><time>2026-07-12T09:13:01Z</time></trkpt>
<trkpt lat="46.533592" lon="10.475078"><ele>2314.4</ele><time>2026-07-12T09:13:03Z</time></trkpt>
<trkpt lat="46.533629" lon="10.475311"><ele>2312.6</ele><time>2026-07-12T09:13:05Z</time></trkpt>
<trkpt lat="46.533705" lon="10.475805"><ele>2310.0</ele><time>2026-07-12T09:13:10Z</time></trkpt>
<trkpt lat="46.533711" lon="10.475875"><ele>2307.8</ele><time>2026-07-12T09:13:11Z</time></trkpt>
<trkpt lat="46.533712" lon="10.475962"><ele>2307.1</ele><time>2026-07-12T09:13:11Z</time></trkpt>
<trkpt lat="46.533708" lon="10.476295"><ele>2305.7</ele><time>2026-07-12T09:13:14Z</time></trkpt>
<trkpt lat="46.533709" lon="10.476390"><ele>2304.1</ele><time>2026-07-12T09:13:14Z</time></trkpt>
<trkpt lat="46.533720" lon="10.476501"><ele>2303.8</ele><time>2026-07-12T09:13:15Z</time></trkpt>
<trkpt lat="46.533748" lon="10.476686"><ele>2303.0</ele><time>2026-07-12T09:13:16Z</time></trkpt>
<trkpt lat="46.533830" lon="10.477253"><ele>2302.6</ele><time>2026-07-12T09:13:19Z</time></trkpt>
<trkpt lat="46.533859" lon="10.477443"><ele>2302.4</ele><time>2026-07-12T09:13:20Z</time></trkpt>
<trkpt lat="46.533876" lon="10.477567"><ele>2301.4</ele><time>2026-07-12T09:13:21Z</time></trkpt>
<trkpt lat="46.533920" lon="10.477765"><ele>2300.7</ele><time>2026-07-12T09:13:23Z</time></trkpt>
<trkpt lat="46.533924" lon="10.477799"><ele>2300.8</ele><time>2026-07-12T09:13:23Z</time></trkpt>
<trkpt lat="46.533922" lon="10.477821"><ele>2300.1</ele><time>2026-07-12T09:13:23Z</time></trkpt>
<trkpt lat="46.533916" lon="10.477841"><ele>2299.7</ele><time>2026-07-12T09:13:23Z</time></trkpt>
<trkpt lat="46.533908" lon="10.477852"><ele>2299.7</ele><time>2026-07-12T09:13:23Z</time></trkpt>
<trkpt lat="46.533892" lon="10.477860"><ele>2299.7</ele><time>2026-07-12T09:13:24Z</time></trkpt>
<trkpt lat="46.533883" lon="10.477859"><ele>2299.7</ele><time>2026-07-12T09:13:24Z</time></trkpt>
<trkpt lat="46.533870" lon="10.477850"><ele>2299.7</ele><time>2026-07-12T09:13:24Z</time></trkpt>
<trkpt lat="46.533860" lon="10.477836"><ele>2299.2</ele><time>2026-07-12T09:13:24Z</time></trkpt>
<trkpt lat="46.533848" lon="10.477810"><ele>2299.0</ele><time>2026-07-12T09:13:24Z</time></trkpt>
<trkpt lat="46.533844" lon="10.477798"><ele>2297.8</ele><time>2026-07-12T09:13:24Z</time></trkpt>
<trkpt lat="46.533757" lon="10.477418"><ele>2296.9</ele><time>2026-07-12T09:13:26Z</time></trkpt>
<trkpt lat="46.533728" lon="10.477297"><ele>2296.3</ele><time>2026-07-12T09:13:28Z</time></trkpt>
<trkpt lat="46.533708" lon="10.477225"><ele>2295.0</ele><time>2026-07-12T09:13:28Z</time></trkpt>
<trkpt lat="46.533636" lon="10.477011"><ele>2292.9</ele><time>2026-07-12T09:13:30Z</time></trkpt>
<trkpt lat="46.533595" lon="10.476893"><ele>2291.6</ele><time>2026-07-12T09:13:32Z</time></trkpt>
<trkpt lat="46.533509" lon="10.476627"><ele>2290.0</ele><time>2026-07-12T09:13:34Z</time></trkpt>
<trkpt lat="46.533450" lon="10.476461"><ele>2289.4</ele><time>2026-07-12T09:13:36Z</time></trkpt>
<trkpt lat="46.533410" lon="10.476315"><ele>2288.6</ele><time>2026-07-12T09:13:37Z</time></trkpt>
<trkpt lat="46.533400" lon="10.476291"><ele>2287.4</ele><time>2026-07-12T09:13:37Z</time></trkpt>
<trkpt lat="46.533390" lon="10.476280"><ele>2285.8</ele><time>2026-07-12T09:13:37Z</time></trkpt>
<trkpt lat="46.533378" lon="10.476274"><ele>2284.9</ele><time>2026-07-12T09:13:38Z</time></trkpt>
<trkpt lat="46.533363" lon="10.476275"><ele>2283.7</ele><time>2026-07-12T09:13:38Z</time></trkpt>
<trkpt lat="46.533351" lon="10.476282"><ele>2282.2</ele><time>2026-07-12T09:13:38Z</time></trkpt>
<trkpt lat="46.533342" lon="10.476291"><ele>2280.7</ele><time>2026-07-12T09:13:38Z</time></trkpt>
<trkpt lat="46.533334" lon="10.476306"><ele>2279.3</ele><time>2026-07-12T09:13:38Z</time></trkpt>
<trkpt lat="46.533330" lon="10.476323"><ele>2278.4</ele><time>2026-07-12T09:13:38Z</time></trkpt>
<trkpt lat="46.533330" lon="10.476347"><ele>2278.8</ele><time>2026-07-12T09:13:39Z</time></trkpt>
<trkpt lat="46.533332" lon="10.476360"><ele>2279.6</ele><time>2026-07-12T09:13:39Z</time></trkpt>
<trkpt lat="46.533414" lon="10.476673"><ele>2280.2</ele><time>2026-07-12T09:13:41Z</time></trkpt>
<trkpt lat="46.533452" lon="10.476831"><ele>2281.0</ele><time>2026-07-12T09:13:42Z</time></trkpt>
<trkpt lat="46.533506" lon="10.477045"><ele>2281.8</ele><time>2026-07-12T09:13:44Z</time></trkpt>
<trkpt lat="46.533542" lon="10.477240"><ele>2282.6</ele><time>2026-07-12T09:13:45Z</time></trkpt>
<trkpt lat="46.533643" lon="10.477769"><ele>2282.8</ele><time>2026-07-12T09:13:48Z</time></trkpt>
<trkpt lat="46.533645" lon="10.477790"><ele>2282.9</ele><time>2026-07-12T09:13:48Z</time></trkpt>
<trkpt lat="46.533645" lon="10.477811"><ele>2282.6</ele><time>2026-07-12T09:13:48Z</time></trkpt>
<trkpt lat="46.533643" lon="10.477825"><ele>2282.6</ele><time>2026-07-12T09:13:48Z</time></trkpt>
<trkpt lat="46.533639" lon="10.477838"><ele>2282.2</ele><time>2026-07-12T09:13:48Z</time></trkpt>
<trkpt lat="46.533633" lon="10.477850"><ele>2280.6</ele><time>2026-07-12T09:13:48Z</time></trkpt>
<trkpt lat="46.533623" lon="10.477860"><ele>2279.3</ele><time>2026-07-12T09:13:48Z</time></trkpt>
<trkpt lat="46.533605" lon="10.477869"><ele>2278.1</ele><time>2026-07-12T09:13:49Z</time></trkpt>
<trkpt lat="46.533589" lon="10.477869"><ele>2276.9</ele><time>2026-07-12T09:13:49Z</time></trkpt>
<trkpt lat="46.533577" lon="10.477863"><ele>2275.6</ele><time>2026-07-12T09:13:49Z</time></trkpt>
<trkpt lat="46.533566" lon="10.477849"><ele>2274.8</ele><time>2026-07-12T09:13:49Z</time></trkpt>
<trkpt lat="46.533558" lon="10.477831"><ele>2274.9</ele><time>2026-07-12T09:13:49Z</time></trkpt>
<trkpt lat="46.533554" lon="10.477814"><ele>2276.2</ele><time>2026-07-12T09:13:50Z</time></trkpt>
<trkpt lat="46.533527" lon="10.477648"><ele>2276.4</ele><time>2026-07-12T09:13:50Z</time></trkpt>
<trkpt lat="46.533503" lon="10.477514"><ele>2276.6</ele><time>2026-07-12T09:13:51Z</time></trkpt>
<trkpt lat="46.533484" lon="10.477433"><ele>2275.5</ele><time>2026-07-12T09:13:52Z</time></trkpt>
<trkpt lat="46.533449" lon="10.477335"><ele>2274.3</ele><time>2026-07-12T09:13:53Z</time></trkpt>
<trkpt lat="46.533414" lon="10.477245"><ele>2272.0</ele><time>2026-07-12T09:13:54Z</time></trkpt>
<trkpt lat="46.533186" lon="10.476785"><ele>2269.4</ele><time>2026-07-12T09:13:58Z</time></trkpt>
<trkpt lat="46.533141" lon="10.476690"><ele>2266.1</ele><time>2026-07-12T09:13:59Z</time></trkpt>
<trkpt lat="46.533100" lon="10.476585"><ele>2263.4</ele><time>2026-07-12T09:14:00Z</time></trkpt>
<trkpt lat="46.533060" lon="10.476488"><ele>2260.8</ele><time>2026-07-12T09:14:01Z</time></trkpt>
<trkpt lat="46.532985" lon="10.476266"><ele>2259.4</ele><time>2026-07-12T09:14:03Z</time></trkpt>
<trkpt lat="46.532979" lon="10.476255"><ele>2258.1</ele><time>2026-07-12T09:14:03Z</time></trkpt>
<trkpt lat="46.532970" lon="10.476244"><ele>2257.6</ele><time>2026-07-12T09:14:03Z</time></trkpt>
<trkpt lat="46.532954" lon="10.476235"><ele>2256.8</ele><time>2026-07-12T09:14:04Z</time></trkpt>
<trkpt lat="46.532945" lon="10.476235"><ele>2256.8</ele><time>2026-07-12T09:14:04Z</time></trkpt>
<trkpt lat="46.532934" lon="10.476238"><ele>2256.8</ele><time>2026-07-12T09:14:04Z</time></trkpt>
<trkpt lat="46.532924" lon="10.476245"><ele>2256.8</ele><time>2026-07-12T09:14:04Z</time></trkpt>
<trkpt lat="46.532912" lon="10.476256"><ele>2256.8</ele><time>2026-07-12T09:14:04Z</time></trkpt>
<trkpt lat="46.532904" lon="10.476270"><ele>2256.5</ele><time>2026-07-12T09:14:04Z</time></trkpt>
<trkpt lat="46.532899" lon="10.476292"><ele>2256.0</ele><time>2026-07-12T09:14:04Z</time></trkpt>
<trkpt lat="46.532899" lon="10.476309"><ele>2256.6</ele><time>2026-07-12T09:14:05Z</time></trkpt>
<trkpt lat="46.532903" lon="10.476333"><ele>2256.8</ele><time>2026-07-12T09:14:05Z</time></trkpt>
<trkpt lat="46.532979" lon="10.476567"><ele>2257.6</ele><time>2026-07-12T09:14:06Z</time></trkpt>
<trkpt lat="46.533008" lon="10.476659"><ele>2258.4</ele><time>2026-07-12T09:14:07Z</time></trkpt>
<trkpt lat="46.533037" lon="10.476768"><ele>2259.2</ele><time>2026-07-12T09:14:08Z</time></trkpt>
<trkpt lat="46.533141" lon="10.477129"><ele>2259.8</ele><time>2026-07-12T09:14:10Z</time></trkpt>
<trkpt lat="46.533255" lon="10.477538"><ele>2260.7</ele><time>2026-07-12T09:14:13Z</time></trkpt>
<trkpt lat="46.533269" lon="10.477624"><ele>2260.1</ele><time>2026-07-12T09:14:13Z</time></trkpt>
<trkpt lat="46.533288" lon="10.477761"><ele>2259.1</ele><time>2026-07-12T09:14:15Z</time></trkpt>
<trkpt lat="46.533295" lon="10.477862"><ele>2257.2</ele><time>2026-07-12T09:14:16Z</time></trkpt>
<trkpt lat="46.533293" lon="10.477979"><ele>2254.9</ele><time>2026-07-12T09:14:17Z</time></trkpt>
<trkpt lat="46.533261" lon="10.478261"><ele>2251.8</ele><time>2026-07-12T09:14:19Z</time></trkpt>
<trkpt lat="46.533248" lon="10.478552"><ele>2248.8</ele><time>2026-07-12T09:14:22Z</time></trkpt>
<trkpt lat="46.533247" lon="10.478709"><ele>2245.1</ele><time>2026-07-12T09:14:23Z</time></trkpt>
<trkpt lat="46.533252" lon="10.478904"><ele>2241.5</ele><time>2026-07-12T09:14:25Z</time></trkpt>
<trkpt lat="46.533270" lon="10.479228"><ele>2238.0</ele><time>2026-07-12T09:14:28Z</time></trkpt>
<trkpt lat="46.533281" lon="10.479489"><ele>2234.6</ele><time>2026-07-12T09:14:31Z</time></trkpt>
<trkpt lat="46.533294" lon="10.479705"><ele>2231.6</ele><time>2026-07-12T09:14:33Z</time></trkpt>
<trkpt lat="46.533321" lon="10.480138"><ele>2229.3</ele><time>2026-07-12T09:14:37Z</time></trkpt>
<trkpt lat="46.533330" lon="10.480337"><ele>2228.0</ele><time>2026-07-12T09:14:38Z</time></trkpt>
<trkpt lat="46.533341" lon="10.480524"><ele>2227.2</ele><time>2026-07-12T09:14:40Z</time></trkpt>
<trkpt lat="46.533353" lon="10.480654"><ele>2226.5</ele><time>2026-07-12T09:14:41Z</time></trkpt>
<trkpt lat="46.533378" lon="10.480830"><ele>2226.6</ele><time>2026-07-12T09:14:42Z</time></trkpt>
<trkpt lat="46.533403" lon="10.480995"><ele>2226.7</ele><time>2026-07-12T09:14:43Z</time></trkpt>
<trkpt lat="46.533427" lon="10.481199"><ele>2226.6</ele><time>2026-07-12T09:14:44Z</time></trkpt>
<trkpt lat="46.533488" lon="10.481627"><ele>2226.3</ele><time>2026-07-12T09:14:46Z</time></trkpt>
<trkpt lat="46.533505" lon="10.481781"><ele>2225.3</ele><time>2026-07-12T09:14:47Z</time></trkpt>
<trkpt lat="46.533516" lon="10.481901"><ele>2223.7</ele><time>2026-07-12T09:14:48Z</time></trkpt>
<trkpt lat="46.533518" lon="10.482019"><ele>2222.0</ele><time>2026-07-12T09:14:49Z</time></trkpt>
<trkpt lat="46.533519" lon="10.482150"><ele>2220.0</ele><time>2026-07-12T09:14:51Z</time></trkpt>
<trkpt lat="46.533514" lon="10.482420"><ele>2217.9</ele><time>2026-07-12T09:14:53Z</time></trkpt>
<trkpt lat="46.533518" lon="10.482510"><ele>2216.7</ele><time>2026-07-12T09:14:54Z</time></trkpt>
<trkpt lat="46.533526" lon="10.482600"><ele>2215.4</ele><time>2026-07-12T09:14:55Z</time></trkpt>
<trkpt lat="46.533563" lon="10.482780"><ele>2214.1</ele><time>2026-07-12T09:14:57Z</time></trkpt>
<trkpt lat="46.533602" lon="10.482924"><ele>2213.5</ele><time>2026-07-12T09:14:58Z</time></trkpt>
<trkpt lat="46.533657" lon="10.483111"><ele>2213.3</ele><time>2026-07-12T09:14:59Z</time></trkpt>
<trkpt lat="46.533660" lon="10.483126"><ele>2212.8</ele><time>2026-07-12T09:14:59Z</time></trkpt>
<trkpt lat="46.533663" lon="10.483162"><ele>2212.6</ele><time>2026-07-12T09:14:59Z</time></trkpt>
<trkpt lat="46.533660" lon="10.483187"><ele>2211.8</ele><time>2026-07-12T09:14:59Z</time></trkpt>
<trkpt lat="46.533652" lon="10.483210"><ele>2211.5</ele><time>2026-07-12T09:15:00Z</time></trkpt>
<trkpt lat="46.533643" lon="10.483223"><ele>2211.1</ele><time>2026-07-12T09:15:00Z</time></trkpt>
<trkpt lat="46.533636" lon="10.483228"><ele>2209.8</ele><time>2026-07-12T09:15:00Z</time></trkpt>
<trkpt lat="46.533614" lon="10.483237"><ele>2208.5</ele><time>2026-07-12T09:15:00Z</time></trkpt>
<trkpt lat="46.533597" lon="10.483234"><ele>2207.6</ele><time>2026-07-12T09:15:00Z</time></trkpt>
<trkpt lat="46.533588" lon="10.483228"><ele>2207.1</ele><time>2026-07-12T09:15:00Z</time></trkpt>
<trkpt lat="46.533581" lon="10.483219"><ele>2206.5</ele><time>2026-07-12T09:15:01Z</time></trkpt>
<trkpt lat="46.533572" lon="10.483199"><ele>2206.4</ele><time>2026-07-12T09:15:01Z</time></trkpt>
<trkpt lat="46.533568" lon="10.483183"><ele>2206.2</ele><time>2026-07-12T09:15:01Z</time></trkpt>
<trkpt lat="46.533550" lon="10.483051"><ele>2207.0</ele><time>2026-07-12T09:15:02Z</time></trkpt>
<trkpt lat="46.533522" lon="10.482956"><ele>2207.7</ele><time>2026-07-12T09:15:03Z</time></trkpt>
<trkpt lat="46.533489" lon="10.482857"><ele>2208.9</ele><time>2026-07-12T09:15:04Z</time></trkpt>
<trkpt lat="46.533410" lon="10.482627"><ele>2208.9</ele><time>2026-07-12T09:15:05Z</time></trkpt>
<trkpt lat="46.533387" lon="10.482554"><ele>2209.3</ele><time>2026-07-12T09:15:06Z</time></trkpt>
<trkpt lat="46.533365" lon="10.482474"><ele>2209.6</ele><time>2026-07-12T09:15:07Z</time></trkpt>
<trkpt lat="46.533344" lon="10.482384"><ele>2210.0</ele><time>2026-07-12T09:15:07Z</time></trkpt>
<trkpt lat="46.533323" lon="10.482272"><ele>2210.7</ele><time>2026-07-12T09:15:08Z</time></trkpt>
<trkpt lat="46.533304" lon="10.482151"><ele>2210.9</ele><time>2026-07-12T09:15:09Z</time></trkpt>
<trkpt lat="46.533285" lon="10.482038"><ele>2210.4</ele><time>2026-07-12T09:15:10Z</time></trkpt>
<trkpt lat="46.533243" lon="10.481862"><ele>2211.0</ele><time>2026-07-12T09:15:11Z</time></trkpt>
<trkpt lat="46.533188" lon="10.481684"><ele>2211.2</ele><time>2026-07-12T09:15:12Z</time></trkpt>
<trkpt lat="46.533112" lon="10.481453"><ele>2211.0</ele><time>2026-07-12T09:15:13Z</time></trkpt>
<trkpt lat="46.533051" lon="10.481253"><ele>2210.8</ele><time>2026-07-12T09:15:14Z</time></trkpt>
<trkpt lat="46.533039" lon="10.481232"><ele>2209.6</ele><time>2026-07-12T09:15:15Z</time></trkpt>
<trkpt lat="46.533024" lon="10.481222"><ele>2208.9</ele><time>2026-07-12T09:15:15Z</time></trkpt>
<trkpt lat="46.533010" lon="10.481220"><ele>2208.4</ele><time>2026-07-12T09:15:15Z</time></trkpt>
<trkpt lat="46.532993" lon="10.481227"><ele>2207.7</ele><time>2026-07-12T09:15:15Z</time></trkpt>
<trkpt lat="46.532989" lon="10.481231"><ele>2207.0</ele><time>2026-07-12T09:15:15Z</time></trkpt>
<trkpt lat="46.532985" lon="10.481236"><ele>2206.3</ele><time>2026-07-12T09:15:15Z</time></trkpt>
<trkpt lat="46.532981" lon="10.481241"><ele>2205.6</ele><time>2026-07-12T09:15:15Z</time></trkpt>
<trkpt lat="46.532979" lon="10.481247"><ele>2205.6</ele><time>2026-07-12T09:15:16Z</time></trkpt>
<trkpt lat="46.532977" lon="10.481253"><ele>2205.6</ele><time>2026-07-12T09:15:16Z</time></trkpt>
<trkpt lat="46.532975" lon="10.481259"><ele>2205.6</ele><time>2026-07-12T09:15:16Z</time></trkpt>
<trkpt lat="46.532974" lon="10.481266"><ele>2205.6</ele><time>2026-07-12T09:15:16Z</time></trkpt>
<trkpt lat="46.532973" lon="10.481272"><ele>2205.6</ele><time>2026-07-12T09:15:16Z</time></trkpt>
<trkpt lat="46.532973" lon="10.481279"><ele>2205.6</ele><time>2026-07-12T09:15:16Z</time></trkpt>
<trkpt lat="46.532973" lon="10.481285"><ele>2205.4</ele><time>2026-07-12T09:15:16Z</time></trkpt>
<trkpt lat="46.532973" lon="10.481291"><ele>2205.1</ele><time>2026-07-12T09:15:16Z</time></trkpt>
<trkpt lat="46.532974" lon="10.481297"><ele>2204.9</ele><time>2026-07-12T09:15:16Z</time></trkpt>
<trkpt lat="46.532974" lon="10.481302"><ele>2204.7</ele><time>2026-07-12T09:15:16Z</time></trkpt>
<trkpt lat="46.532975" lon="10.481306"><ele>2204.4</ele><time>2026-07-12T09:15:16Z</time></trkpt>
<trkpt lat="46.532975" lon="10.481311"><ele>2204.2</ele><time>2026-07-12T09:15:16Z</time></trkpt>
<trkpt lat="46.532976" lon="10.481314"><ele>2204.4</ele><time>2026-07-12T09:15:16Z</time></trkpt>
<trkpt lat="46.532977" lon="10.481317"><ele>2204.9</ele><time>2026-07-12T09:15:16Z</time></trkpt>
<trkpt lat="46.533002" lon="10.481404"><ele>2205.1</ele><time>2026-07-12T09:15:17Z</time></trkpt>
<trkpt lat="46.533028" lon="10.481516"><ele>2205.1</ele><time>2026-07-12T09:15:17Z</time></trkpt>
<trkpt lat="46.533051" lon="10.481619"><ele>2205.1</ele><time>2026-07-12T09:15:18Z</time></trkpt>
<trkpt lat="46.533076" lon="10.481741"><ele>2204.8</ele><time>2026-07-12T09:15:18Z</time></trkpt>
<trkpt lat="46.533090" lon="10.481859"><ele>2204.5</ele><time>2026-07-12T09:15:19Z</time></trkpt>
<trkpt lat="46.533095" lon="10.481933"><ele>2203.5</ele><time>2026-07-12T09:15:20Z</time></trkpt>
<trkpt lat="46.533096" lon="10.482023"><ele>2202.0</ele><time>2026-07-12T09:15:21Z</time></trkpt>
<trkpt lat="46.533094" lon="10.482152"><ele>2200.4</ele><time>2026-07-12T09:15:22Z</time></trkpt>
<trkpt lat="46.533090" lon="10.482308"><ele>2199.0</ele><time>2026-07-12T09:15:23Z</time></trkpt>
<trkpt lat="46.533089" lon="10.482403"><ele>2197.1</ele><time>2026-07-12T09:15:24Z</time></trkpt>
<trkpt lat="46.533089" lon="10.482526"><ele>2196.3</ele><time>2026-07-12T09:15:25Z</time></trkpt>
<trkpt lat="46.533092" lon="10.482604"><ele>2195.0</ele><time>2026-07-12T09:15:26Z</time></trkpt>
<trkpt lat="46.533102" lon="10.482699"><ele>2193.6</ele><time>2026-07-12T09:15:27Z</time></trkpt>
<trkpt lat="46.533123" lon="10.482794"><ele>2192.6</ele><time>2026-07-12T09:15:28Z</time></trkpt>
<trkpt lat="46.533147" lon="10.482883"><ele>2192.4</ele><time>2026-07-12T09:15:28Z</time></trkpt>
<trkpt lat="46.533204" lon="10.483084"><ele>2192.1</ele><time>2026-07-12T09:15:29Z</time></trkpt>
<trkpt lat="46.533234" lon="10.483171"><ele>2192.3</ele><time>2026-07-12T09:15:30Z</time></trkpt>
<trkpt lat="46.533257" lon="10.483237"><ele>2191.7</ele><time>2026-07-12T09:15:31Z</time></trkpt>
<trkpt lat="46.533258" lon="10.483241"><ele>2191.6</ele><time>2026-07-12T09:15:31Z</time></trkpt>
<trkpt lat="46.533259" lon="10.483245"><ele>2191.9</ele><time>2026-07-12T09:15:31Z</time></trkpt>
<trkpt lat="46.533260" lon="10.483249"><ele>2192.3</ele><time>2026-07-12T09:15:31Z</time></trkpt>
<trkpt lat="46.533261" lon="10.483254"><ele>2192.3</ele><time>2026-07-12T09:15:31Z</time></trkpt>
<trkpt lat="46.533262" lon="10.483260"><ele>2192.3</ele><time>2026-07-12T09:15:31Z</time></trkpt>
<trkpt lat="46.533263" lon="10.483266"><ele>2192.3</ele><time>2026-07-12T09:15:31Z</time></trkpt>
<trkpt lat="46.533264" lon="10.483272"><ele>2192.3</ele><time>2026-07-12T09:15:31Z</time></trkpt>
<trkpt lat="46.533264" lon="10.483279"><ele>2192.3</ele><time>2026-07-12T09:15:31Z</time></trkpt>
<trkpt lat="46.533265" lon="10.483286"><ele>2192.3</ele><time>2026-07-12T09:15:31Z</time></trkpt>
<trkpt lat="46.533265" lon="10.483293"><ele>2192.3</ele><time>2026-07-12T09:15:31Z</time></trkpt>
<trkpt lat="46.533265" lon="10.483301"><ele>2192.3</ele><time>2026-07-12T09:15:31Z</time></trkpt>
<trkpt lat="46.533264" lon="10.483308"><ele>2192.3</ele><time>2026-07-12T09:15:31Z</time></trkpt>
<trkpt lat="46.533263" lon="10.483315"><ele>2192.3</ele><time>2026-07-12T09:15:31Z</time></trkpt>
<trkpt lat="46.533262" lon="10.483321"><ele>2192.3</ele><time>2026-07-12T09:15:31Z</time></trkpt>
<trkpt lat="46.533260" lon="10.483328"><ele>2192.3</ele><time>2026-07-12T09:15:31Z</time></trkpt>
<trkpt lat="46.533257" lon="10.483333"><ele>2192.3</ele><time>2026-07-12T09:15:31Z</time></trkpt>
<trkpt lat="46.533253" lon="10.483339"><ele>2191.4</ele><time>2026-07-12T09:15:31Z</time></trkpt>
<trkpt lat="46.533249" lon="10.483344"><ele>2190.6</ele><time>2026-07-12T09:15:31Z</time></trkpt>
<trkpt lat="46.533245" lon="10.483347"><ele>2189.8</ele><time>2026-07-12T09:15:31Z</time></trkpt>
<trkpt lat="46.533240" lon="10.483350"><ele>2188.9</ele><time>2026-07-12T09:15:31Z</time></trkpt>
<trkpt lat="46.533236" lon="10.483352"><ele>2188.1</ele><time>2026-07-12T09:15:31Z</time></trkpt>
<trkpt lat="46.533232" lon="10.483353"><ele>2187.3</ele><time>2026-07-12T09:15:32Z</time></trkpt>
<trkpt lat="46.533228" lon="10.483354"><ele>2186.4</ele><time>2026-07-12T09:15:32Z</time></trkpt>
<trkpt lat="46.533224" lon="10.483353"><ele>2186.4</ele><time>2026-07-12T09:15:32Z</time></trkpt>
<trkpt lat="46.533220" lon="10.483352"><ele>2186.4</ele><time>2026-07-12T09:15:32Z</time></trkpt>
<trkpt lat="46.533216" lon="10.483351"><ele>2186.4</ele><time>2026-07-12T09:15:32Z</time></trkpt>
<trkpt lat="46.533212" lon="10.483349"><ele>2186.4</ele><time>2026-07-12T09:15:32Z</time></trkpt>
<trkpt lat="46.533209" lon="10.483346"><ele>2186.4</ele><time>2026-07-12T09:15:32Z</time></trkpt>
<trkpt lat="46.533206" lon="10.483343"><ele>2186.4</ele><time>2026-07-12T09:15:32Z</time></trkpt>
<trkpt lat="46.533203" lon="10.483339"><ele>2186.4</ele><time>2026-07-12T09:15:32Z</time></trkpt>
<trkpt lat="46.533200" lon="10.483336"><ele>2186.4</ele><time>2026-07-12T09:15:32Z</time></trkpt>
<trkpt lat="46.533197" lon="10.483332"><ele>2186.4</ele><time>2026-07-12T09:15:32Z</time></trkpt>
<trkpt lat="46.533194" lon="10.483328"><ele>2186.4</ele><time>2026-07-12T09:15:32Z</time></trkpt>
<trkpt lat="46.533192" lon="10.483324"><ele>2186.4</ele><time>2026-07-12T09:15:32Z</time></trkpt>
<trkpt lat="46.533190" lon="10.483320"><ele>2186.4</ele><time>2026-07-12T09:15:32Z</time></trkpt>
<trkpt lat="46.533188" lon="10.483316"><ele>2186.9</ele><time>2026-07-12T09:15:32Z</time></trkpt>
<trkpt lat="46.533186" lon="10.483312"><ele>2186.6</ele><time>2026-07-12T09:15:32Z</time></trkpt>
<trkpt lat="46.533185" lon="10.483308"><ele>2186.8</ele><time>2026-07-12T09:15:32Z</time></trkpt>
<trkpt lat="46.533126" lon="10.483146"><ele>2186.6</ele><time>2026-07-12T09:15:33Z</time></trkpt>
<trkpt lat="46.533079" lon="10.483025"><ele>2187.0</ele><time>2026-07-12T09:15:34Z</time></trkpt>
<trkpt lat="46.533020" lon="10.482870"><ele>2187.3</ele><time>2026-07-12T09:15:35Z</time></trkpt>
<trkpt lat="46.532975" lon="10.482757"><ele>2187.5</ele><time>2026-07-12T09:15:35Z</time></trkpt>
<trkpt lat="46.532931" lon="10.482634"><ele>2187.2</ele><time>2026-07-12T09:15:36Z</time></trkpt>
<trkpt lat="46.532906" lon="10.482554"><ele>2188.2</ele><time>2026-07-12T09:15:37Z</time></trkpt>
<trkpt lat="46.532878" lon="10.482460"><ele>2188.6</ele><time>2026-07-12T09:15:38Z</time></trkpt>
<trkpt lat="46.532852" lon="10.482367"><ele>2189.3</ele><time>2026-07-12T09:15:39Z</time></trkpt>
<trkpt lat="46.532838" lon="10.482306"><ele>2189.6</ele><time>2026-07-12T09:15:39Z</time></trkpt>
<trkpt lat="46.532825" lon="10.482256"><ele>2189.9</ele><time>2026-07-12T09:15:39Z</time></trkpt>
<trkpt lat="46.532817" lon="10.482209"><ele>2190.2</ele><time>2026-07-12T09:15:40Z</time></trkpt>
<trkpt lat="46.532816" lon="10.482203"><ele>2190.6</ele><time>2026-07-12T09:15:40Z</time></trkpt>
<trkpt lat="46.532815" lon="10.482200"><ele>2190.6</ele><time>2026-07-12T09:15:40Z</time></trkpt>
<trkpt lat="46.532814" lon="10.482196"><ele>2190.6</ele><time>2026-07-12T09:15:40Z</time></trkpt>
<trkpt lat="46.532812" lon="10.482192"><ele>2190.6</ele><time>2026-07-12T09:15:40Z</time></trkpt>
<trkpt lat="46.532811" lon="10.482188"><ele>2190.6</ele><time>2026-07-12T09:15:40Z</time></trkpt>
<trkpt lat="46.532809" lon="10.482184"><ele>2190.6</ele><time>2026-07-12T09:15:40Z</time></trkpt>
<trkpt lat="46.532807" lon="10.482179"><ele>2190.6</ele><time>2026-07-12T09:15:40Z</time></trkpt>
<trkpt lat="46.532804" lon="10.482175"><ele>2190.6</ele><time>2026-07-12T09:15:40Z</time></trkpt>
<trkpt lat="46.532802" lon="10.482171"><ele>2190.6</ele><time>2026-07-12T09:15:40Z</time></trkpt>
<trkpt lat="46.532799" lon="10.482167"><ele>2190.9</ele><time>2026-07-12T09:15:40Z</time></trkpt>
<trkpt lat="46.532796" lon="10.482163"><ele>2191.3</ele><time>2026-07-12T09:15:40Z</time></trkpt>
<trkpt lat="46.532792" lon="10.482160"><ele>2191.6</ele><time>2026-07-12T09:15:40Z</time></trkpt>
<trkpt lat="46.532788" lon="10.482158"><ele>2191.9</ele><time>2026-07-12T09:15:40Z</time></trkpt>
<trkpt lat="46.532784" lon="10.482156"><ele>2192.2</ele><time>2026-07-12T09:15:40Z</time></trkpt>
<trkpt lat="46.532780" lon="10.482155"><ele>2191.9</ele><time>2026-07-12T09:15:40Z</time></trkpt>
<trkpt lat="46.532775" lon="10.482155"><ele>2191.2</ele><time>2026-07-12T09:15:41Z</time></trkpt>
<trkpt lat="46.532770" lon="10.482156"><ele>2190.3</ele><time>2026-07-12T09:15:41Z</time></trkpt>
<trkpt lat="46.532765" lon="10.482158"><ele>2189.3</ele><time>2026-07-12T09:15:41Z</time></trkpt>
<trkpt lat="46.532760" lon="10.482161"><ele>2188.3</ele><time>2026-07-12T09:15:41Z</time></trkpt>
<trkpt lat="46.532757" lon="10.482163"><ele>2187.3</ele><time>2026-07-12T09:15:41Z</time></trkpt>
<trkpt lat="46.532753" lon="10.482166"><ele>2186.4</ele><time>2026-07-12T09:15:41Z</time></trkpt>
<trkpt lat="46.532750" lon="10.482170"><ele>2186.0</ele><time>2026-07-12T09:15:41Z</time></trkpt>
<trkpt lat="46.532747" lon="10.482174"><ele>2186.0</ele><time>2026-07-12T09:15:41Z</time></trkpt>
<trkpt lat="46.532745" lon="10.482178"><ele>2186.0</ele><time>2026-07-12T09:15:41Z</time></trkpt>
<trkpt lat="46.532743" lon="10.482182"><ele>2186.0</ele><time>2026-07-12T09:15:41Z</time></trkpt>
<trkpt lat="46.532742" lon="10.482187"><ele>2186.0</ele><time>2026-07-12T09:15:41Z</time></trkpt>
<trkpt lat="46.532741" lon="10.482192"><ele>2186.0</ele><time>2026-07-12T09:15:41Z</time></trkpt>
<trkpt lat="46.532740" lon="10.482197"><ele>2186.0</ele><time>2026-07-12T09:15:41Z</time></trkpt>
<trkpt lat="46.532740" lon="10.482202"><ele>2186.0</ele><time>2026-07-12T09:15:41Z</time></trkpt>
<trkpt lat="46.532740" lon="10.482207"><ele>2186.0</ele><time>2026-07-12T09:15:41Z</time></trkpt>
<trkpt lat="46.532740" lon="10.482213"><ele>2186.0</ele><time>2026-07-12T09:15:41Z</time></trkpt>
<trkpt lat="46.532740" lon="10.482218"><ele>2186.0</ele><time>2026-07-12T09:15:41Z</time></trkpt>
<trkpt lat="46.532740" lon="10.482223"><ele>2186.0</ele><time>2026-07-12T09:15:41Z</time></trkpt>
<trkpt lat="46.532741" lon="10.482228"><ele>2186.0</ele><time>2026-07-12T09:15:41Z</time></trkpt>
<trkpt lat="46.532742" lon="10.482234"><ele>2186.0</ele><time>2026-07-12T09:15:41Z</time></trkpt>
<trkpt lat="46.532743" lon="10.482239"><ele>2186.3</ele><time>2026-07-12T09:15:41Z</time></trkpt>
<trkpt lat="46.532743" lon="10.482244"><ele>2186.1</ele><time>2026-07-12T09:15:41Z</time></trkpt>
<trkpt lat="46.532757" lon="10.482311"><ele>2185.8</ele><time>2026-07-12T09:15:42Z</time></trkpt>
<trkpt lat="46.532781" lon="10.482434"><ele>2185.1</ele><time>2026-07-12T09:15:43Z</time></trkpt>
<trkpt lat="46.532802" lon="10.482546"><ele>2183.9</ele><time>2026-07-12T09:15:44Z</time></trkpt>
<trkpt lat="46.532820" lon="10.482655"><ele>2182.7</ele><time>2026-07-12T09:15:45Z</time></trkpt>
<trkpt lat="46.532836" lon="10.482735"><ele>2181.0</ele><time>2026-07-12T09:15:46Z</time></trkpt>
<trkpt lat="46.532864" lon="10.482905"><ele>2178.2</ele><time>2026-07-12T09:15:47Z</time></trkpt>
<trkpt lat="46.532918" lon="10.483181"><ele>2176.3</ele><time>2026-07-12T09:15:50Z</time></trkpt>
<trkpt lat="46.532953" lon="10.483360"><ele>2174.4</ele><time>2026-07-12T09:15:52Z</time></trkpt>
<trkpt lat="46.532993" lon="10.483588"><ele>2172.9</ele><time>2026-07-12T09:15:54Z</time></trkpt>
<trkpt lat="46.533020" lon="10.483721"><ele>2171.5</ele><time>2026-07-12T09:15:55Z</time></trkpt>
<trkpt lat="46.533041" lon="10.483812"><ele>2169.9</ele><time>2026-07-12T09:15:56Z</time></trkpt>
<trkpt lat="46.533061" lon="10.483862"><ele>2169.8</ele><time>2026-07-12T09:15:56Z</time></trkpt>
<trkpt lat="46.533085" lon="10.483912"><ele>2170.0</ele><time>2026-07-12T09:15:57Z</time></trkpt>
<trkpt lat="46.533121" lon="10.483971"><ele>2169.7</ele><time>2026-07-12T09:15:57Z</time></trkpt>
<trkpt lat="46.533157" lon="10.484025"><ele>2170.4</ele><time>2026-07-12T09:15:58Z</time></trkpt>
<trkpt lat="46.533191" lon="10.484072"><ele>2170.5</ele><time>2026-07-12T09:15:58Z</time></trkpt>
<trkpt lat="46.533224" lon="10.484121"><ele>2171.2</ele><time>2026-07-12T09:15:59Z</time></trkpt>
<trkpt lat="46.533252" lon="10.484179"><ele>2171.4</ele><time>2026-07-12T09:15:59Z</time></trkpt>
<trkpt lat="46.533284" lon="10.484253"><ele>2170.6</ele><time>2026-07-12T09:16:00Z</time></trkpt>
<trkpt lat="46.533306" lon="10.484345"><ele>2170.0</ele><time>2026-07-12T09:16:01Z</time></trkpt>
<trkpt lat="46.533321" lon="10.484442"><ele>2169.0</ele><time>2026-07-12T09:16:02Z</time></trkpt>
<trkpt lat="46.533324" lon="10.484540"><ele>2167.1</ele><time>2026-07-12T09:16:03Z</time></trkpt>
<trkpt lat="46.533313" lon="10.484639"><ele>2165.5</ele><time>2026-07-12T09:16:04Z</time></trkpt>
<trkpt lat="46.533288" lon="10.484815"><ele>2163.8</ele><time>2026-07-12T09:16:05Z</time></trkpt>
<trkpt lat="46.533274" lon="10.484897"><ele>2162.5</ele><time>2026-07-12T09:16:06Z</time></trkpt>
<trkpt lat="46.533269" lon="10.484967"><ele>2161.2</ele><time>2026-07-12T09:16:07Z</time></trkpt>
<trkpt lat="46.533272" lon="10.485033"><ele>2160.1</ele><time>2026-07-12T09:16:08Z</time></trkpt>
<trkpt lat="46.533281" lon="10.485107"><ele>2160.1</ele><time>2026-07-12T09:16:08Z</time></trkpt>
<trkpt lat="46.533305" lon="10.485191"><ele>2159.5</ele><time>2026-07-12T09:16:09Z</time></trkpt>
<trkpt lat="46.533348" lon="10.485356"><ele>2159.6</ele><time>2026-07-12T09:16:10Z</time></trkpt>
<trkpt lat="46.533381" lon="10.485494"><ele>2159.2</ele><time>2026-07-12T09:16:11Z</time></trkpt>
<trkpt lat="46.533459" lon="10.485802"><ele>2160.2</ele><time>2026-07-12T09:16:13Z</time></trkpt>
<trkpt lat="46.533498" lon="10.485947"><ele>2160.6</ele><time>2026-07-12T09:16:14Z</time></trkpt>
<trkpt lat="46.533544" lon="10.486110"><ele>2160.6</ele><time>2026-07-12T09:16:15Z</time></trkpt>
<trkpt lat="46.533597" lon="10.486268"><ele>2160.7</ele><time>2026-07-12T09:16:15Z</time></trkpt>
<trkpt lat="46.533648" lon="10.486414"><ele>2160.8</ele><time>2026-07-12T09:16:16Z</time></trkpt>
<trkpt lat="46.533691" lon="10.486499"><ele>2160.4</ele><time>2026-07-12T09:16:17Z</time></trkpt>
<trkpt lat="46.533732" lon="10.486595"><ele>2160.5</ele><time>2026-07-12T09:16:18Z</time></trkpt>
<trkpt lat="46.533786" lon="10.486709"><ele>2159.5</ele><time>2026-07-12T09:16:19Z</time></trkpt>
<trkpt lat="46.533798" lon="10.486736"><ele>2159.0</ele><time>2026-07-12T09:16:19Z</time></trkpt>
<trkpt lat="46.533799" lon="10.486739"><ele>2159.2</ele><time>2026-07-12T09:16:19Z</time></trkpt>
<trkpt lat="46.533801" lon="10.486743"><ele>2158.5</ele><time>2026-07-12T09:16:19Z</time></trkpt>
<trkpt lat="46.533802" lon="10.486747"><ele>2158.5</ele><time>2026-07-12T09:16:19Z</time></trkpt>
<trkpt lat="46.533803" lon="10.486751"><ele>2158.5</ele><time>2026-07-12T09:16:19Z</time></trkpt>
<trkpt lat="46.533805" lon="10.486755"><ele>2158.5</ele><time>2026-07-12T09:16:19Z</time></trkpt>
<trkpt lat="46.533807" lon="10.486761"><ele>2158.5</ele><time>2026-07-12T09:16:19Z</time></trkpt>
<trkpt lat="46.533808" lon="10.486766"><ele>2158.5</ele><time>2026-07-12T09:16:19Z</time></trkpt>
<trkpt lat="46.533810" lon="10.486772"><ele>2158.5</ele><time>2026-07-12T09:16:19Z</time></trkpt>
<trkpt lat="46.533811" lon="10.486778"><ele>2157.8</ele><time>2026-07-12T09:16:19Z</time></trkpt>
<trkpt lat="46.533812" lon="10.486785"><ele>2157.0</ele><time>2026-07-12T09:16:19Z</time></trkpt>
<trkpt lat="46.533812" lon="10.486791"><ele>2156.3</ele><time>2026-07-12T09:16:20Z</time></trkpt>
<trkpt lat="46.533813" lon="10.486798"><ele>2155.5</ele><time>2026-07-12T09:16:20Z</time></trkpt>
<trkpt lat="46.533812" lon="10.486804"><ele>2154.8</ele><time>2026-07-12T09:16:20Z</time></trkpt>
<trkpt lat="46.533812" lon="10.486811"><ele>2154.0</ele><time>2026-07-12T09:16:20Z</time></trkpt>
<trkpt lat="46.533810" lon="10.486817"><ele>2153.3</ele><time>2026-07-12T09:16:20Z</time></trkpt>
<trkpt lat="46.533808" lon="10.486823"><ele>2153.3</ele><time>2026-07-12T09:16:20Z</time></trkpt>
<trkpt lat="46.533806" lon="10.486829"><ele>2153.3</ele><time>2026-07-12T09:16:20Z</time></trkpt>
<trkpt lat="46.533802" lon="10.486835"><ele>2153.3</ele><time>2026-07-12T09:16:20Z</time></trkpt>
<trkpt lat="46.533798" lon="10.486840"><ele>2153.3</ele><time>2026-07-12T09:16:20Z</time></trkpt>
<trkpt lat="46.533794" lon="10.486843"><ele>2153.3</ele><time>2026-07-12T09:16:20Z</time></trkpt>
<trkpt lat="46.533790" lon="10.486846"><ele>2153.3</ele><time>2026-07-12T09:16:20Z</time></trkpt>
<trkpt lat="46.533786" lon="10.486848"><ele>2153.3</ele><time>2026-07-12T09:16:20Z</time></trkpt>
<trkpt lat="46.533782" lon="10.486848"><ele>2153.3</ele><time>2026-07-12T09:16:20Z</time></trkpt>
<trkpt lat="46.533778" lon="10.486848"><ele>2153.3</ele><time>2026-07-12T09:16:20Z</time></trkpt>
<trkpt lat="46.533774" lon="10.486847"><ele>2153.3</ele><time>2026-07-12T09:16:20Z</time></trkpt>
<trkpt lat="46.533770" lon="10.486846"><ele>2153.3</ele><time>2026-07-12T09:16:20Z</time></trkpt>
<trkpt lat="46.533766" lon="10.486844"><ele>2153.3</ele><time>2026-07-12T09:16:20Z</time></trkpt>
<trkpt lat="46.533763" lon="10.486841"><ele>2153.3</ele><time>2026-07-12T09:16:20Z</time></trkpt>
<trkpt lat="46.533759" lon="10.486838"><ele>2153.3</ele><time>2026-07-12T09:16:20Z</time></trkpt>
<trkpt lat="46.533756" lon="10.486834"><ele>2153.3</ele><time>2026-07-12T09:16:20Z</time></trkpt>
<trkpt lat="46.533752" lon="10.486830"><ele>2153.3</ele><time>2026-07-12T09:16:20Z</time></trkpt>
<trkpt lat="46.533749" lon="10.486826"><ele>2153.3</ele><time>2026-07-12T09:16:20Z</time></trkpt>
<trkpt lat="46.533746" lon="10.486822"><ele>2153.3</ele><time>2026-07-12T09:16:20Z</time></trkpt>
<trkpt lat="46.533743" lon="10.486817"><ele>2153.3</ele><time>2026-07-12T09:16:20Z</time></trkpt>
<trkpt lat="46.533741" lon="10.486813"><ele>2153.3</ele><time>2026-07-12T09:16:20Z</time></trkpt>
<trkpt lat="46.533738" lon="10.486808"><ele>2153.1</ele><time>2026-07-12T09:16:20Z</time></trkpt>
<trkpt lat="46.533736" lon="10.486804"><ele>2152.8</ele><time>2026-07-12T09:16:21Z</time></trkpt>
<trkpt lat="46.533734" lon="10.486799"><ele>2153.4</ele><time>2026-07-12T09:16:21Z</time></trkpt>
<trkpt lat="46.533706" lon="10.486735"><ele>2152.8</ele><time>2026-07-12T09:16:21Z</time></trkpt>
<trkpt lat="46.533668" lon="10.486657"><ele>2152.8</ele><time>2026-07-12T09:16:22Z</time></trkpt>
<trkpt lat="46.533621" lon="10.486581"><ele>2152.9</ele><time>2026-07-12T09:16:22Z</time></trkpt>
<trkpt lat="46.533580" lon="10.486521"><ele>2152.6</ele><time>2026-07-12T09:16:23Z</time></trkpt>
<trkpt lat="46.533518" lon="10.486408"><ele>2152.5</ele><time>2026-07-12T09:16:24Z</time></trkpt>
<trkpt lat="46.533483" lon="10.486336"><ele>2151.7</ele><time>2026-07-12T09:16:24Z</time></trkpt>
<trkpt lat="46.533435" lon="10.486224"><ele>2150.7</ele><time>2026-07-12T09:16:26Z</time></trkpt>
<trkpt lat="46.533398" lon="10.486126"><ele>2150.1</ele><time>2026-07-12T09:16:27Z</time></trkpt>
<trkpt lat="46.533341" lon="10.485990"><ele>2148.9</ele><time>2026-07-12T09:16:28Z</time></trkpt>
<trkpt lat="46.533288" lon="10.485868"><ele>2148.1</ele><time>2026-07-12T09:16:29Z</time></trkpt>
<trkpt lat="46.533221" lon="10.485706"><ele>2147.0</ele><time>2026-07-12T09:16:31Z</time></trkpt>
<trkpt lat="46.533173" lon="10.485593"><ele>2145.8</ele><time>2026-07-12T09:16:32Z</time></trkpt>
<trkpt lat="46.533134" lon="10.485500"><ele>2145.6</ele><time>2026-07-12T09:16:33Z</time></trkpt>
<trkpt lat="46.533087" lon="10.485385"><ele>2143.6</ele><time>2026-07-12T09:16:34Z</time></trkpt>
<trkpt lat="46.533050" lon="10.485289"><ele>2142.3</ele><time>2026-07-12T09:16:35Z</time></trkpt>
<trkpt lat="46.533019" lon="10.485210"><ele>2141.1</ele><time>2026-07-12T09:16:36Z</time></trkpt>
<trkpt lat="46.532990" lon="10.485124"><ele>2139.3</ele><time>2026-07-12T09:16:37Z</time></trkpt>
<trkpt lat="46.532989" lon="10.485121"><ele>2138.3</ele><time>2026-07-12T09:16:37Z</time></trkpt>
<trkpt lat="46.532987" lon="10.485117"><ele>2137.3</ele><time>2026-07-12T09:16:37Z</time></trkpt>
<trkpt lat="46.532986" lon="10.485115"><ele>2136.1</ele><time>2026-07-12T09:16:37Z</time></trkpt>
<trkpt lat="46.532984" lon="10.485112"><ele>2136.1</ele><time>2026-07-12T09:16:37Z</time></trkpt>
<trkpt lat="46.532982" lon="10.485109"><ele>2136.1</ele><time>2026-07-12T09:16:37Z</time></trkpt>
<trkpt lat="46.532980" lon="10.485106"><ele>2136.1</ele><time>2026-07-12T09:16:37Z</time></trkpt>
<trkpt lat="46.532978" lon="10.485103"><ele>2136.1</ele><time>2026-07-12T09:16:37Z</time></trkpt>
<trkpt lat="46.532975" lon="10.485100"><ele>2136.1</ele><time>2026-07-12T09:16:37Z</time></trkpt>
<trkpt lat="46.532972" lon="10.485097"><ele>2136.1</ele><time>2026-07-12T09:16:37Z</time></trkpt>
<trkpt lat="46.532969" lon="10.485095"><ele>2136.1</ele><time>2026-07-12T09:16:37Z</time></trkpt>
<trkpt lat="46.532966" lon="10.485093"><ele>2136.1</ele><time>2026-07-12T09:16:37Z</time></trkpt>
<trkpt lat="46.532962" lon="10.485092"><ele>2136.1</ele><time>2026-07-12T09:16:37Z</time></trkpt>
<trkpt lat="46.532958" lon="10.485091"><ele>2136.1</ele><time>2026-07-12T09:16:37Z</time></trkpt>
<trkpt lat="46.532954" lon="10.485091"><ele>2136.1</ele><time>2026-07-12T09:16:37Z</time></trkpt>
<trkpt lat="46.532949" lon="10.485092"><ele>2136.1</ele><time>2026-07-12T09:16:37Z</time></trkpt>
<trkpt lat="46.532944" lon="10.485093"><ele>2136.1</ele><time>2026-07-12T09:16:37Z</time></trkpt>
<trkpt lat="46.532939" lon="10.485096"><ele>2136.1</ele><time>2026-07-12T09:16:37Z</time></trkpt>
<trkpt lat="46.532934" lon="10.485099"><ele>2136.1</ele><time>2026-07-12T09:16:38Z</time></trkpt>
<trkpt lat="46.532930" lon="10.485102"><ele>2136.1</ele><time>2026-07-12T09:16:38Z</time></trkpt>
<trkpt lat="46.532926" lon="10.485106"><ele>2136.1</ele><time>2026-07-12T09:16:38Z</time></trkpt>
<trkpt lat="46.532923" lon="10.485110"><ele>2136.1</ele><time>2026-07-12T09:16:38Z</time></trkpt>
<trkpt lat="46.532920" lon="10.485114"><ele>2136.1</ele><time>2026-07-12T09:16:38Z</time></trkpt>
<trkpt lat="46.532917" lon="10.485118"><ele>2136.1</ele><time>2026-07-12T09:16:38Z</time></trkpt>
<trkpt lat="46.532915" lon="10.485123"><ele>2136.1</ele><time>2026-07-12T09:16:38Z</time></trkpt>
<trkpt lat="46.532914" lon="10.485127"><ele>2136.1</ele><time>2026-07-12T09:16:38Z</time></trkpt>
<trkpt lat="46.532912" lon="10.485132"><ele>2136.1</ele><time>2026-07-12T09:16:38Z</time></trkpt>
<trkpt lat="46.532912" lon="10.485137"><ele>2136.1</ele><time>2026-07-12T09:16:38Z</time></trkpt>
<trkpt lat="46.532911" lon="10.485142"><ele>2136.1</ele><time>2026-07-12T09:16:38Z</time></trkpt>
<trkpt lat="46.532911" lon="10.485147"><ele>2136.1</ele><time>2026-07-12T09:16:38Z</time></trkpt>
<trkpt lat="46.532911" lon="10.485152"><ele>2136.1</ele><time>2026-07-12T09:16:38Z</time></trkpt>
<trkpt lat="46.532912" lon="10.485158"><ele>2136.1</ele><time>2026-07-12T09:16:38Z</time></trkpt>
<trkpt lat="46.532912" lon="10.485163"><ele>2136.1</ele><time>2026-07-12T09:16:38Z</time></trkpt>
<trkpt lat="46.532913" lon="10.485168"><ele>2136.1</ele><time>2026-07-12T09:16:38Z</time></trkpt>
<trkpt lat="46.532914" lon="10.485174"><ele>2136.1</ele><time>2026-07-12T09:16:38Z</time></trkpt>
<trkpt lat="46.532916" lon="10.485179"><ele>2135.9</ele><time>2026-07-12T09:16:38Z</time></trkpt>
<trkpt lat="46.532917" lon="10.485185"><ele>2135.3</ele><time>2026-07-12T09:16:38Z</time></trkpt>
<trkpt lat="46.532919" lon="10.485190"><ele>2136.0</ele><time>2026-07-12T09:16:38Z</time></trkpt>
<trkpt lat="46.532970" lon="10.485335"><ele>2136.7</ele><time>2026-07-12T09:16:39Z</time></trkpt>
<trkpt lat="46.533002" lon="10.485422"><ele>2136.8</ele><time>2026-07-12T09:16:40Z</time></trkpt>
<trkpt lat="46.533022" lon="10.485490"><ele>2137.7</ele><time>2026-07-12T09:16:40Z</time></trkpt>
<trkpt lat="46.533047" lon="10.485588"><ele>2138.0</ele><time>2026-07-12T09:16:41Z</time></trkpt>
<trkpt lat="46.533093" lon="10.485762"><ele>2138.0</ele><time>2026-07-12T09:16:42Z</time></trkpt>
<trkpt lat="46.533134" lon="10.485918"><ele>2138.8</ele><time>2026-07-12T09:16:44Z</time></trkpt>
<trkpt lat="46.533182" lon="10.486104"><ele>2137.6</ele><time>2026-07-12T09:16:45Z</time></trkpt>
<trkpt lat="46.533206" lon="10.486212"><ele>2136.4</ele><time>2026-07-12T09:16:46Z</time></trkpt>
<trkpt lat="46.533244" lon="10.486352"><ele>2136.1</ele><time>2026-07-12T09:16:47Z</time></trkpt>
<trkpt lat="46.533287" lon="10.486462"><ele>2135.2</ele><time>2026-07-12T09:16:48Z</time></trkpt>
<trkpt lat="46.533330" lon="10.486580"><ele>2133.9</ele><time>2026-07-12T09:16:50Z</time></trkpt>
<trkpt lat="46.533372" lon="10.486688"><ele>2132.2</ele><time>2026-07-12T09:16:51Z</time></trkpt>
<trkpt lat="46.533402" lon="10.486771"><ele>2130.3</ele><time>2026-07-12T09:16:52Z</time></trkpt>
<trkpt lat="46.533429" lon="10.486871"><ele>2128.3</ele><time>2026-07-12T09:16:53Z</time></trkpt>
<trkpt lat="46.533452" lon="10.486990"><ele>2126.4</ele><time>2026-07-12T09:16:54Z</time></trkpt>
<trkpt lat="46.533493" lon="10.487219"><ele>2123.2</ele><time>2026-07-12T09:16:56Z</time></trkpt>
<trkpt lat="46.533514" lon="10.487326"><ele>2121.0</ele><time>2026-07-12T09:16:57Z</time></trkpt>
<trkpt lat="46.533539" lon="10.487469"><ele>2118.9</ele><time>2026-07-12T09:16:58Z</time></trkpt>
<trkpt lat="46.533570" lon="10.487568"><ele>2117.7</ele><time>2026-07-12T09:16:59Z</time></trkpt>
<trkpt lat="46.533601" lon="10.487632"><ele>2116.4</ele><time>2026-07-12T09:17:00Z</time></trkpt>
<trkpt lat="46.533649" lon="10.487713"><ele>2116.0</ele><time>2026-07-12T09:17:01Z</time></trkpt>
<trkpt lat="46.533693" lon="10.487795"><ele>2114.7</ele><time>2026-07-12T09:17:02Z</time></trkpt>
<trkpt lat="46.533738" lon="10.487882"><ele>2115.2</ele><time>2026-07-12T09:17:02Z</time></trkpt>
<trkpt lat="46.533783" lon="10.487978"><ele>2113.9</ele><time>2026-07-12T09:17:03Z</time></trkpt>
<trkpt lat="46.533819" lon="10.488065"><ele>2113.3</ele><time>2026-07-12T09:17:04Z</time></trkpt>
<trkpt lat="46.533861" lon="10.488159"><ele>2112.7</ele><time>2026-07-12T09:17:05Z</time></trkpt>
<trkpt lat="46.533900" lon="10.488241"><ele>2112.1</ele><time>2026-07-12T09:17:06Z</time></trkpt>
<trkpt lat="46.533902" lon="10.488245"><ele>2111.6</ele><time>2026-07-12T09:17:06Z</time></trkpt>
<trkpt lat="46.533903" lon="10.488248"><ele>2111.8</ele><time>2026-07-12T09:17:06Z</time></trkpt>
<trkpt lat="46.533905" lon="10.488252"><ele>2111.0</ele><time>2026-07-12T09:17:06Z</time></trkpt>
<trkpt lat="46.533907" lon="10.488256"><ele>2111.0</ele><time>2026-07-12T09:17:06Z</time></trkpt>
<trkpt lat="46.533910" lon="10.488261"><ele>2111.0</ele><time>2026-07-12T09:17:06Z</time></trkpt>
<trkpt lat="46.533912" lon="10.488267"><ele>2111.0</ele><time>2026-07-12T09:17:06Z</time></trkpt>
<trkpt lat="46.533914" lon="10.488273"><ele>2111.0</ele><time>2026-07-12T09:17:06Z</time></trkpt>
<trkpt lat="46.533916" lon="10.488279"><ele>2111.0</ele><time>2026-07-12T09:17:07Z</time></trkpt>
<trkpt lat="46.533917" lon="10.488286"><ele>2111.0</ele><time>2026-07-12T09:17:07Z</time></trkpt>
<trkpt lat="46.533919" lon="10.488293"><ele>2111.0</ele><time>2026-07-12T09:17:07Z</time></trkpt>
<trkpt lat="46.533920" lon="10.488300"><ele>2111.0</ele><time>2026-07-12T09:17:07Z</time></trkpt>
<trkpt lat="46.533920" lon="10.488307"><ele>2111.0</ele><time>2026-07-12T09:17:07Z</time></trkpt>
<trkpt lat="46.533920" lon="10.488314"><ele>2111.0</ele><time>2026-07-12T09:17:07Z</time></trkpt>
<trkpt lat="46.533919" lon="10.488322"><ele>2110.2</ele><time>2026-07-12T09:17:07Z</time></trkpt>
<trkpt lat="46.533917" lon="10.488329"><ele>2109.4</ele><time>2026-07-12T09:17:07Z</time></trkpt>
<trkpt lat="46.533915" lon="10.488336"><ele>2108.5</ele><time>2026-07-12T09:17:07Z</time></trkpt>
<trkpt lat="46.533911" lon="10.488343"><ele>2107.7</ele><time>2026-07-12T09:17:07Z</time></trkpt>
<trkpt lat="46.533907" lon="10.488350"><ele>2106.8</ele><time>2026-07-12T09:17:07Z</time></trkpt>
<trkpt lat="46.533902" lon="10.488356"><ele>2106.0</ele><time>2026-07-12T09:17:07Z</time></trkpt>
<trkpt lat="46.533897" lon="10.488359"><ele>2105.1</ele><time>2026-07-12T09:17:07Z</time></trkpt>
<trkpt lat="46.533892" lon="10.488362"><ele>2105.1</ele><time>2026-07-12T09:17:07Z</time></trkpt>
<trkpt lat="46.533887" lon="10.488362"><ele>2105.1</ele><time>2026-07-12T09:17:07Z</time></trkpt>
<trkpt lat="46.533882" lon="10.488362"><ele>2105.1</ele><time>2026-07-12T09:17:07Z</time></trkpt>
<trkpt lat="46.533877" lon="10.488360"><ele>2105.1</ele><time>2026-07-12T09:17:07Z</time></trkpt>
<trkpt lat="46.533873" lon="10.488358"><ele>2105.1</ele><time>2026-07-12T09:17:07Z</time></trkpt>
<trkpt lat="46.533868" lon="10.488354"><ele>2105.1</ele><time>2026-07-12T09:17:07Z</time></trkpt>
<trkpt lat="46.533864" lon="10.488350"><ele>2106.0</ele><time>2026-07-12T09:17:08Z</time></trkpt>
<trkpt lat="46.533860" lon="10.488346"><ele>2106.8</ele><time>2026-07-12T09:17:08Z</time></trkpt>
<trkpt lat="46.533856" lon="10.488341"><ele>2107.7</ele><time>2026-07-12T09:17:08Z</time></trkpt>
<trkpt lat="46.533853" lon="10.488336"><ele>2108.5</ele><time>2026-07-12T09:17:08Z</time></trkpt>
<trkpt lat="46.533850" lon="10.488331"><ele>2109.4</ele><time>2026-07-12T09:17:08Z</time></trkpt>
<trkpt lat="46.533847" lon="10.488326"><ele>2110.2</ele><time>2026-07-12T09:17:08Z</time></trkpt>
<trkpt lat="46.533845" lon="10.488321"><ele>2111.0</ele><time>2026-07-12T09:17:08Z</time></trkpt>
<trkpt lat="46.533843" lon="10.488317"><ele>2110.8</ele><time>2026-07-12T09:17:08Z</time></trkpt>
<trkpt lat="46.533841" lon="10.488314"><ele>2109.7</ele><time>2026-07-12T09:17:08Z</time></trkpt>
<trkpt lat="46.533839" lon="10.488310"><ele>2109.4</ele><time>2026-07-12T09:17:08Z</time></trkpt>
<trkpt lat="46.533734" lon="10.488088"><ele>2109.2</ele><time>2026-07-12T09:17:09Z</time></trkpt>
<trkpt lat="46.533701" lon="10.488023"><ele>2108.0</ele><time>2026-07-12T09:17:10Z</time></trkpt>
<trkpt lat="46.533665" lon="10.487962"><ele>2107.6</ele><time>2026-07-12T09:17:11Z</time></trkpt>
<trkpt lat="46.533629" lon="10.487902"><ele>2107.2</ele><time>2026-07-12T09:17:12Z</time></trkpt>
<trkpt lat="46.533585" lon="10.487854"><ele>2106.2</ele><time>2026-07-12T09:17:12Z</time></trkpt>
<trkpt lat="46.533534" lon="10.487811"><ele>2106.1</ele><time>2026-07-12T09:17:13Z</time></trkpt>
<trkpt lat="46.533482" lon="10.487762"><ele>2104.7</ele><time>2026-07-12T09:17:14Z</time></trkpt>
<trkpt lat="46.533422" lon="10.487705"><ele>2103.9</ele><time>2026-07-12T09:17:15Z</time></trkpt>
<trkpt lat="46.533381" lon="10.487656"><ele>2103.6</ele><time>2026-07-12T09:17:15Z</time></trkpt>
<trkpt lat="46.533351" lon="10.487593"><ele>2103.3</ele><time>2026-07-12T09:17:16Z</time></trkpt>
<trkpt lat="46.533297" lon="10.487475"><ele>2102.4</ele><time>2026-07-12T09:17:17Z</time></trkpt>
<trkpt lat="46.533227" lon="10.487306"><ele>2102.2</ele><time>2026-07-12T09:17:18Z</time></trkpt>
<trkpt lat="46.533131" lon="10.487077"><ele>2101.3</ele><time>2026-07-12T09:17:20Z</time></trkpt>
<trkpt lat="46.533040" lon="10.486874"><ele>2099.9</ele><time>2026-07-12T09:17:22Z</time></trkpt>
<trkpt lat="46.532803" lon="10.486320"><ele>2097.9</ele><time>2026-07-12T09:17:26Z</time></trkpt>
<trkpt lat="46.532605" lon="10.485862"><ele>2096.9</ele><time>2026-07-12T09:17:29Z</time></trkpt>
<trkpt lat="46.532524" lon="10.485675"><ele>2095.2</ele><time>2026-07-12T09:17:31Z</time></trkpt>
<trkpt lat="46.532492" lon="10.485604"><ele>2094.0</ele><time>2026-07-12T09:17:32Z</time></trkpt>
<trkpt lat="46.532462" lon="10.485519"><ele>2093.0</ele><time>2026-07-12T09:17:33Z</time></trkpt>
<trkpt lat="46.532452" lon="10.485488"><ele>2092.7</ele><time>2026-07-12T09:17:33Z</time></trkpt>
<trkpt lat="46.532451" lon="10.485485"><ele>2093.3</ele><time>2026-07-12T09:17:33Z</time></trkpt>
<trkpt lat="46.532449" lon="10.485481"><ele>2093.9</ele><time>2026-07-12T09:17:33Z</time></trkpt>
<trkpt lat="46.532448" lon="10.485477"><ele>2093.9</ele><time>2026-07-12T09:17:33Z</time></trkpt>
<trkpt lat="46.532446" lon="10.485473"><ele>2093.9</ele><time>2026-07-12T09:17:33Z</time></trkpt>
<trkpt lat="46.532444" lon="10.485469"><ele>2093.9</ele><time>2026-07-12T09:17:33Z</time></trkpt>
<trkpt lat="46.532442" lon="10.485465"><ele>2093.9</ele><time>2026-07-12T09:17:33Z</time></trkpt>
<trkpt lat="46.532439" lon="10.485460"><ele>2093.9</ele><time>2026-07-12T09:17:33Z</time></trkpt>
<trkpt lat="46.532436" lon="10.485456"><ele>2093.9</ele><time>2026-07-12T09:17:33Z</time></trkpt>
<trkpt lat="46.532432" lon="10.485452"><ele>2093.9</ele><time>2026-07-12T09:17:33Z</time></trkpt>
<trkpt lat="46.532429" lon="10.485448"><ele>2093.9</ele><time>2026-07-12T09:17:33Z</time></trkpt>
<trkpt lat="46.532425" lon="10.485445"><ele>2092.5</ele><time>2026-07-12T09:17:33Z</time></trkpt>
<trkpt lat="46.532421" lon="10.485442"><ele>2091.1</ele><time>2026-07-12T09:17:33Z</time></trkpt>
<trkpt lat="46.532417" lon="10.485440"><ele>2089.8</ele><time>2026-07-12T09:17:33Z</time></trkpt>
<trkpt lat="46.532412" lon="10.485439"><ele>2088.4</ele><time>2026-07-12T09:17:34Z</time></trkpt>
<trkpt lat="46.532407" lon="10.485439"><ele>2087.0</ele><time>2026-07-12T09:17:34Z</time></trkpt>
<trkpt lat="46.532402" lon="10.485440"><ele>2085.6</ele><time>2026-07-12T09:17:34Z</time></trkpt>
<trkpt lat="46.532397" lon="10.485443"><ele>2084.2</ele><time>2026-07-12T09:17:34Z</time></trkpt>
<trkpt lat="46.532392" lon="10.485446"><ele>2084.2</ele><time>2026-07-12T09:17:34Z</time></trkpt>
<trkpt lat="46.532387" lon="10.485451"><ele>2084.2</ele><time>2026-07-12T09:17:34Z</time></trkpt>
<trkpt lat="46.532382" lon="10.485456"><ele>2084.2</ele><time>2026-07-12T09:17:34Z</time></trkpt>
<trkpt lat="46.532378" lon="10.485461"><ele>2084.2</ele><time>2026-07-12T09:17:34Z</time></trkpt>
<trkpt lat="46.532374" lon="10.485466"><ele>2084.2</ele><time>2026-07-12T09:17:34Z</time></trkpt>
<trkpt lat="46.532371" lon="10.485471"><ele>2084.2</ele><time>2026-07-12T09:17:34Z</time></trkpt>
<trkpt lat="46.532369" lon="10.485476"><ele>2084.2</ele><time>2026-07-12T09:17:34Z</time></trkpt>
<trkpt lat="46.532367" lon="10.485481"><ele>2084.2</ele><time>2026-07-12T09:17:34Z</time></trkpt>
<trkpt lat="46.532365" lon="10.485486"><ele>2084.2</ele><time>2026-07-12T09:17:34Z</time></trkpt>
<trkpt lat="46.532364" lon="10.485492"><ele>2084.2</ele><time>2026-07-12T09:17:34Z</time></trkpt>
<trkpt lat="46.532363" lon="10.485497"><ele>2084.2</ele><time>2026-07-12T09:17:34Z</time></trkpt>
<trkpt lat="46.532363" lon="10.485502"><ele>2084.2</ele><time>2026-07-12T09:17:34Z</time></trkpt>
<trkpt lat="46.532363" lon="10.485507"><ele>2084.2</ele><time>2026-07-12T09:17:34Z</time></trkpt>
<trkpt lat="46.532363" lon="10.485513"><ele>2084.2</ele><time>2026-07-12T09:17:34Z</time></trkpt>
<trkpt lat="46.532363" lon="10.485518"><ele>2084.2</ele><time>2026-07-12T09:17:34Z</time></trkpt>
<trkpt lat="46.532364" lon="10.485523"><ele>2084.2</ele><time>2026-07-12T09:17:34Z</time></trkpt>
<trkpt lat="46.532365" lon="10.485528"><ele>2084.2</ele><time>2026-07-12T09:17:34Z</time></trkpt>
<trkpt lat="46.532366" lon="10.485532"><ele>2084.2</ele><time>2026-07-12T09:17:34Z</time></trkpt>
<trkpt lat="46.532367" lon="10.485537"><ele>2085.0</ele><time>2026-07-12T09:17:34Z</time></trkpt>
<trkpt lat="46.532368" lon="10.485541"><ele>2085.8</ele><time>2026-07-12T09:17:34Z</time></trkpt>
<trkpt lat="46.532370" lon="10.485545"><ele>2085.9</ele><time>2026-07-12T09:17:34Z</time></trkpt>
<trkpt lat="46.532416" lon="10.485661"><ele>2085.4</ele><time>2026-07-12T09:17:35Z</time></trkpt>
<trkpt lat="46.532450" lon="10.485757"><ele>2085.7</ele><time>2026-07-12T09:17:36Z</time></trkpt>
<trkpt lat="46.532477" lon="10.485853"><ele>2086.0</ele><time>2026-07-12T09:17:37Z</time></trkpt>
<trkpt lat="46.532522" lon="10.486008"><ele>2085.7</ele><time>2026-07-12T09:17:38Z</time></trkpt>
<trkpt lat="46.532553" lon="10.486123"><ele>2083.9</ele><time>2026-07-12T09:17:39Z</time></trkpt>
<trkpt lat="46.532576" lon="10.486232"><ele>2081.8</ele><time>2026-07-12T09:17:40Z</time></trkpt>
<trkpt lat="46.532596" lon="10.486331"><ele>2078.9</ele><time>2026-07-12T09:17:41Z</time></trkpt>
<trkpt lat="46.532628" lon="10.486504"><ele>2076.5</ele><time>2026-07-12T09:17:42Z</time></trkpt>
<trkpt lat="46.532701" lon="10.486868"><ele>2073.4</ele><time>2026-07-12T09:17:46Z</time></trkpt>
<trkpt lat="46.532753" lon="10.487138"><ele>2069.4</ele><time>2026-07-12T09:17:48Z</time></trkpt>
<trkpt lat="46.532833" lon="10.487529"><ele>2066.5</ele><time>2026-07-12T09:17:52Z</time></trkpt>
<trkpt lat="46.532856" lon="10.487637"><ele>2064.3</ele><time>2026-07-12T09:17:53Z</time></trkpt>
<trkpt lat="46.532879" lon="10.487729"><ele>2061.5</ele><time>2026-07-12T09:17:54Z</time></trkpt>
<trkpt lat="46.532908" lon="10.487826"><ele>2060.8</ele><time>2026-07-12T09:17:55Z</time></trkpt>
<trkpt lat="46.532947" lon="10.487915"><ele>2060.2</ele><time>2026-07-12T09:17:56Z</time></trkpt>
<trkpt lat="46.533003" lon="10.488039"><ele>2060.2</ele><time>2026-07-12T09:17:57Z</time></trkpt>
<trkpt lat="46.533068" lon="10.488181"><ele>2061.0</ele><time>2026-07-12T09:17:58Z</time></trkpt>
<trkpt lat="46.533113" lon="10.488272"><ele>2060.8</ele><time>2026-07-12T09:17:59Z</time></trkpt>
<trkpt lat="46.533144" lon="10.488356"><ele>2060.6</ele><time>2026-07-12T09:17:59Z</time></trkpt>
<trkpt lat="46.533173" lon="10.488443"><ele>2060.8</ele><time>2026-07-12T09:18:00Z</time></trkpt>
<trkpt lat="46.533196" lon="10.488539"><ele>2059.7</ele><time>2026-07-12T09:18:01Z</time></trkpt>
<trkpt lat="46.533221" lon="10.488650"><ele>2057.7</ele><time>2026-07-12T09:18:02Z</time></trkpt>
<trkpt lat="46.533297" lon="10.489007"><ele>2055.6</ele><time>2026-07-12T09:18:05Z</time></trkpt>
<trkpt lat="46.533328" lon="10.489124"><ele>2053.0</ele><time>2026-07-12T09:18:06Z</time></trkpt>
<trkpt lat="46.533358" lon="10.489239"><ele>2051.3</ele><time>2026-07-12T09:18:08Z</time></trkpt>
<trkpt lat="46.533409" lon="10.489416"><ele>2049.1</ele><time>2026-07-12T09:18:09Z</time></trkpt>
<trkpt lat="46.533461" lon="10.489589"><ele>2048.4</ele><time>2026-07-12T09:18:11Z</time></trkpt>
<trkpt lat="46.533523" lon="10.489795"><ele>2047.8</ele><time>2026-07-12T09:18:12Z</time></trkpt>
<trkpt lat="46.533558" lon="10.489899"><ele>2048.7</ele><time>2026-07-12T09:18:13Z</time></trkpt>
<trkpt lat="46.533596" lon="10.489964"><ele>2048.5</ele><time>2026-07-12T09:18:14Z</time></trkpt>
<trkpt lat="46.533656" lon="10.490075"><ele>2048.8</ele><time>2026-07-12T09:18:14Z</time></trkpt>
<trkpt lat="46.533746" lon="10.490224"><ele>2048.8</ele><time>2026-07-12T09:18:15Z</time></trkpt>
<trkpt lat="46.533806" lon="10.490328"><ele>2049.2</ele><time>2026-07-12T09:18:16Z</time></trkpt>
<trkpt lat="46.533808" lon="10.490331"><ele>2048.7</ele><time>2026-07-12T09:18:16Z</time></trkpt>
<trkpt lat="46.533810" lon="10.490334"><ele>2048.8</ele><time>2026-07-12T09:18:16Z</time></trkpt>
<trkpt lat="46.533812" lon="10.490337"><ele>2048.1</ele><time>2026-07-12T09:18:16Z</time></trkpt>
<trkpt lat="46.533814" lon="10.490342"><ele>2048.1</ele><time>2026-07-12T09:18:16Z</time></trkpt>
<trkpt lat="46.533816" lon="10.490346"><ele>2048.1</ele><time>2026-07-12T09:18:16Z</time></trkpt>
<trkpt lat="46.533818" lon="10.490351"><ele>2048.1</ele><time>2026-07-12T09:18:16Z</time></trkpt>
<trkpt lat="46.533821" lon="10.490357"><ele>2048.1</ele><time>2026-07-12T09:18:16Z</time></trkpt>
<trkpt lat="46.533823" lon="10.490363"><ele>2048.1</ele><time>2026-07-12T09:18:16Z</time></trkpt>
<trkpt lat="46.533825" lon="10.490369"><ele>2048.1</ele><time>2026-07-12T09:18:16Z</time></trkpt>
<trkpt lat="46.533826" lon="10.490376"><ele>2048.1</ele><time>2026-07-12T09:18:16Z</time></trkpt>
<trkpt lat="46.533827" lon="10.490383"><ele>2047.4</ele><time>2026-07-12T09:18:16Z</time></trkpt>
<trkpt lat="46.533828" lon="10.490390"><ele>2046.7</ele><time>2026-07-12T09:18:17Z</time></trkpt>
<trkpt lat="46.533828" lon="10.490397"><ele>2046.0</ele><time>2026-07-12T09:18:17Z</time></trkpt>
<trkpt lat="46.533827" lon="10.490405"><ele>2045.2</ele><time>2026-07-12T09:18:17Z</time></trkpt>
<trkpt lat="46.533826" lon="10.490412"><ele>2044.5</ele><time>2026-07-12T09:18:17Z</time></trkpt>
<trkpt lat="46.533824" lon="10.490419"><ele>2043.8</ele><time>2026-07-12T09:18:17Z</time></trkpt>
<trkpt lat="46.533821" lon="10.490426"><ele>2043.1</ele><time>2026-07-12T09:18:17Z</time></trkpt>
<trkpt lat="46.533816" lon="10.490433"><ele>2043.1</ele><time>2026-07-12T09:18:17Z</time></trkpt>
<trkpt lat="46.533811" lon="10.490440"><ele>2043.1</ele><time>2026-07-12T09:18:17Z</time></trkpt>
<trkpt lat="46.533806" lon="10.490444"><ele>2043.1</ele><time>2026-07-12T09:18:17Z</time></trkpt>
<trkpt lat="46.533801" lon="10.490448"><ele>2043.1</ele><time>2026-07-12T09:18:17Z</time></trkpt>
<trkpt lat="46.533797" lon="10.490450"><ele>2043.1</ele><time>2026-07-12T09:18:17Z</time></trkpt>
<trkpt lat="46.533792" lon="10.490452"><ele>2043.1</ele><time>2026-07-12T09:18:17Z</time></trkpt>
<trkpt lat="46.533787" lon="10.490452"><ele>2043.1</ele><time>2026-07-12T09:18:17Z</time></trkpt>
<trkpt lat="46.533782" lon="10.490452"><ele>2043.1</ele><time>2026-07-12T09:18:17Z</time></trkpt>
<trkpt lat="46.533778" lon="10.490450"><ele>2043.1</ele><time>2026-07-12T09:18:17Z</time></trkpt>
<trkpt lat="46.533773" lon="10.490449"><ele>2043.1</ele><time>2026-07-12T09:18:17Z</time></trkpt>
<trkpt lat="46.533769" lon="10.490447"><ele>2043.1</ele><time>2026-07-12T09:18:17Z</time></trkpt>
<trkpt lat="46.533765" lon="10.490444"><ele>2043.1</ele><time>2026-07-12T09:18:17Z</time></trkpt>
<trkpt lat="46.533762" lon="10.490441"><ele>2043.1</ele><time>2026-07-12T09:18:17Z</time></trkpt>
<trkpt lat="46.533758" lon="10.490439"><ele>2043.1</ele><time>2026-07-12T09:18:17Z</time></trkpt>
<trkpt lat="46.533755" lon="10.490436"><ele>2043.1</ele><time>2026-07-12T09:18:17Z</time></trkpt>
<trkpt lat="46.533753" lon="10.490433"><ele>2043.1</ele><time>2026-07-12T09:18:17Z</time></trkpt>
<trkpt lat="46.533750" lon="10.490431"><ele>2043.0</ele><time>2026-07-12T09:18:18Z</time></trkpt>
<trkpt lat="46.533748" lon="10.490428"><ele>2042.6</ele><time>2026-07-12T09:18:18Z</time></trkpt>
<trkpt lat="46.533746" lon="10.490425"><ele>2042.0</ele><time>2026-07-12T09:18:18Z</time></trkpt>
<trkpt lat="46.533653" lon="10.490285"><ele>2040.8</ele><time>2026-07-12T09:18:19Z</time></trkpt>
<trkpt lat="46.533569" lon="10.490173"><ele>2039.3</ele><time>2026-07-12T09:18:21Z</time></trkpt>
<trkpt lat="46.533440" lon="10.489987"><ele>2037.2</ele><time>2026-07-12T09:18:23Z</time></trkpt>
<trkpt lat="46.533283" lon="10.489756"><ele>2034.7</ele><time>2026-07-12T09:18:26Z</time></trkpt>
<trkpt lat="46.533175" lon="10.489591"><ele>2032.2</ele><time>2026-07-12T09:18:28Z</time></trkpt>
<trkpt lat="46.533056" lon="10.489416"><ele>2029.8</ele><time>2026-07-12T09:18:31Z</time></trkpt>
<trkpt lat="46.532961" lon="10.489277"><ele>2027.5</ele><time>2026-07-12T09:18:32Z</time></trkpt>
<trkpt lat="46.532915" lon="10.489201"><ele>2025.7</ele><time>2026-07-12T09:18:33Z</time></trkpt>
<trkpt lat="46.532865" lon="10.489090"><ele>2024.0</ele><time>2026-07-12T09:18:35Z</time></trkpt>
<trkpt lat="46.532752" lon="10.488846"><ele>2022.7</ele><time>2026-07-12T09:18:37Z</time></trkpt>
<trkpt lat="46.532685" lon="10.488694"><ele>2022.4</ele><time>2026-07-12T09:18:37Z</time></trkpt>
<trkpt lat="46.532650" lon="10.488625"><ele>2021.0</ele><time>2026-07-12T09:18:38Z</time></trkpt>
<trkpt lat="46.532615" lon="10.488563"><ele>2019.6</ele><time>2026-07-12T09:18:39Z</time></trkpt>
<trkpt lat="46.532547" lon="10.488474"><ele>2017.5</ele><time>2026-07-12T09:18:40Z</time></trkpt>
<trkpt lat="46.532450" lon="10.488348"><ele>2015.4</ele><time>2026-07-12T09:18:42Z</time></trkpt>
<trkpt lat="46.532337" lon="10.488216"><ele>2013.1</ele><time>2026-07-12T09:18:44Z</time></trkpt>
<trkpt lat="46.532273" lon="10.488121"><ele>2010.8</ele><time>2026-07-12T09:18:45Z</time></trkpt>
<trkpt lat="46.532209" lon="10.488031"><ele>2008.6</ele><time>2026-07-12T09:18:46Z</time></trkpt>
<trkpt lat="46.532162" lon="10.487936"><ele>2007.4</ele><time>2026-07-12T09:18:47Z</time></trkpt>
<trkpt lat="46.532123" lon="10.487852"><ele>2006.2</ele><time>2026-07-12T09:18:48Z</time></trkpt>
<trkpt lat="46.532086" lon="10.487772"><ele>2005.6</ele><time>2026-07-12T09:18:49Z</time></trkpt>
<trkpt lat="46.532068" lon="10.487722"><ele>2005.1</ele><time>2026-07-12T09:18:50Z</time></trkpt>
<trkpt lat="46.532044" lon="10.487640"><ele>2005.1</ele><time>2026-07-12T09:18:50Z</time></trkpt>
<trkpt lat="46.532039" lon="10.487618"><ele>2005.2</ele><time>2026-07-12T09:18:50Z</time></trkpt>
<trkpt lat="46.532038" lon="10.487614"><ele>2004.7</ele><time>2026-07-12T09:18:50Z</time></trkpt>
<trkpt lat="46.532037" lon="10.487611"><ele>2004.3</ele><time>2026-07-12T09:18:50Z</time></trkpt>
<trkpt lat="46.532036" lon="10.487607"><ele>2004.3</ele><time>2026-07-12T09:18:50Z</time></trkpt>
<trkpt lat="46.532035" lon="10.487602"><ele>2004.3</ele><time>2026-07-12T09:18:50Z</time></trkpt>
<trkpt lat="46.532033" lon="10.487597"><ele>2004.3</ele><time>2026-07-12T09:18:50Z</time></trkpt>
<trkpt lat="46.532031" lon="10.487592"><ele>2004.3</ele><time>2026-07-12T09:18:50Z</time></trkpt>
<trkpt lat="46.532028" lon="10.487587"><ele>2004.3</ele><time>2026-07-12T09:18:50Z</time></trkpt>
<trkpt lat="46.532026" lon="10.487581"><ele>2004.3</ele><time>2026-07-12T09:18:51Z</time></trkpt>
<trkpt lat="46.532023" lon="10.487576"><ele>2004.3</ele><time>2026-07-12T09:18:51Z</time></trkpt>
<trkpt lat="46.532019" lon="10.487571"><ele>2004.3</ele><time>2026-07-12T09:18:51Z</time></trkpt>
<trkpt lat="46.532015" lon="10.487566"><ele>2004.3</ele><time>2026-07-12T09:18:51Z</time></trkpt>
<trkpt lat="46.532011" lon="10.487562"><ele>2004.3</ele><time>2026-07-12T09:18:51Z</time></trkpt>
<trkpt lat="46.532006" lon="10.487558"><ele>2004.3</ele><time>2026-07-12T09:18:51Z</time></trkpt>
<trkpt lat="46.532001" lon="10.487555"><ele>2004.3</ele><time>2026-07-12T09:18:51Z</time></trkpt>
<trkpt lat="46.531996" lon="10.487553"><ele>2004.3</ele><time>2026-07-12T09:18:51Z</time></trkpt>
<trkpt lat="46.531990" lon="10.487552"><ele>2004.3</ele><time>2026-07-12T09:18:51Z</time></trkpt>
<trkpt lat="46.531983" lon="10.487553"><ele>2004.3</ele><time>2026-07-12T09:18:51Z</time></trkpt>
<trkpt lat="46.531976" lon="10.487554"><ele>2004.3</ele><time>2026-07-12T09:18:51Z</time></trkpt>
<trkpt lat="46.531969" lon="10.487557"><ele>2004.3</ele><time>2026-07-12T09:18:51Z</time></trkpt>
<trkpt lat="46.531963" lon="10.487560"><ele>2004.3</ele><time>2026-07-12T09:18:51Z</time></trkpt>
<trkpt lat="46.531957" lon="10.487565"><ele>2004.3</ele><time>2026-07-12T09:18:51Z</time></trkpt>
<trkpt lat="46.531952" lon="10.487570"><ele>2003.2</ele><time>2026-07-12T09:18:51Z</time></trkpt>
<trkpt lat="46.531947" lon="10.487576"><ele>2002.1</ele><time>2026-07-12T09:18:51Z</time></trkpt>
<trkpt lat="46.531943" lon="10.487583"><ele>2001.1</ele><time>2026-07-12T09:18:51Z</time></trkpt>
<trkpt lat="46.531939" lon="10.487590"><ele>2000.0</ele><time>2026-07-12T09:18:51Z</time></trkpt>
<trkpt lat="46.531936" lon="10.487598"><ele>1998.9</ele><time>2026-07-12T09:18:51Z</time></trkpt>
<trkpt lat="46.531933" lon="10.487606"><ele>1997.9</ele><time>2026-07-12T09:18:52Z</time></trkpt>
<trkpt lat="46.531931" lon="10.487614"><ele>1996.8</ele><time>2026-07-12T09:18:52Z</time></trkpt>
<trkpt lat="46.531929" lon="10.487623"><ele>1996.8</ele><time>2026-07-12T09:18:52Z</time></trkpt>
<trkpt lat="46.531928" lon="10.487632"><ele>1996.3</ele><time>2026-07-12T09:18:52Z</time></trkpt>
<trkpt lat="46.531927" lon="10.487641"><ele>1995.8</ele><time>2026-07-12T09:18:52Z</time></trkpt>
<trkpt lat="46.531927" lon="10.487651"><ele>1995.3</ele><time>2026-07-12T09:18:52Z</time></trkpt>
<trkpt lat="46.531927" lon="10.487660"><ele>1994.8</ele><time>2026-07-12T09:18:52Z</time></trkpt>
<trkpt lat="46.531928" lon="10.487669"><ele>1994.4</ele><time>2026-07-12T09:18:52Z</time></trkpt>
<trkpt lat="46.531929" lon="10.487678"><ele>1993.9</ele><time>2026-07-12T09:18:52Z</time></trkpt>
<trkpt lat="46.531931" lon="10.487687"><ele>1994.4</ele><time>2026-07-12T09:18:52Z</time></trkpt>
<trkpt lat="46.531933" lon="10.487695"><ele>1994.9</ele><time>2026-07-12T09:18:52Z</time></trkpt>
<trkpt lat="46.531935" lon="10.487703"><ele>1995.5</ele><time>2026-07-12T09:18:52Z</time></trkpt>
<trkpt lat="46.531974" lon="10.487804"><ele>1996.4</ele><time>2026-07-12T09:18:54Z</time></trkpt>
<trkpt lat="46.532020" lon="10.487891"><ele>1996.9</ele><time>2026-07-12T09:18:55Z</time></trkpt>
<trkpt lat="46.532050" lon="10.487961"><ele>1998.1</ele><time>2026-07-12T09:18:55Z</time></trkpt>
<trkpt lat="46.532093" lon="10.488074"><ele>1999.3</ele><time>2026-07-12T09:18:56Z</time></trkpt>
<trkpt lat="46.532130" lon="10.488191"><ele>1998.9</ele><time>2026-07-12T09:18:57Z</time></trkpt>
<trkpt lat="46.532184" lon="10.488368"><ele>1998.5</ele><time>2026-07-12T09:18:58Z</time></trkpt>
<trkpt lat="46.532223" lon="10.488492"><ele>1998.6</ele><time>2026-07-12T09:18:59Z</time></trkpt>
<trkpt lat="46.532261" lon="10.488636"><ele>1997.5</ele><time>2026-07-12T09:19:00Z</time></trkpt>
<trkpt lat="46.532294" lon="10.488789"><ele>1996.1</ele><time>2026-07-12T09:19:02Z</time></trkpt>
<trkpt lat="46.532324" lon="10.488948"><ele>1994.1</ele><time>2026-07-12T09:19:03Z</time></trkpt>
<trkpt lat="46.532353" lon="10.489150"><ele>1992.1</ele><time>2026-07-12T09:19:05Z</time></trkpt>
<trkpt lat="46.532368" lon="10.489251"><ele>1989.9</ele><time>2026-07-12T09:19:06Z</time></trkpt>
<trkpt lat="46.532376" lon="10.489294"><ele>1989.3</ele><time>2026-07-12T09:19:07Z</time></trkpt>
<trkpt lat="46.532388" lon="10.489332"><ele>1988.4</ele><time>2026-07-12T09:19:07Z</time></trkpt>
<trkpt lat="46.532412" lon="10.489398"><ele>1987.4</ele><time>2026-07-12T09:19:08Z</time></trkpt>
<trkpt lat="46.532452" lon="10.489465"><ele>1987.2</ele><time>2026-07-12T09:19:08Z</time></trkpt>
<trkpt lat="46.532479" lon="10.489517"><ele>1987.5</ele><time>2026-07-12T09:19:09Z</time></trkpt>
<trkpt lat="46.532500" lon="10.489574"><ele>1987.8</ele><time>2026-07-12T09:19:09Z</time></trkpt>
<trkpt lat="46.532518" lon="10.489657"><ele>1988.1</ele><time>2026-07-12T09:19:10Z</time></trkpt>
<trkpt lat="46.532540" lon="10.489751"><ele>1987.3</ele><time>2026-07-12T09:19:11Z</time></trkpt>
<trkpt lat="46.532565" lon="10.489859"><ele>1986.9</ele><time>2026-07-12T09:19:11Z</time></trkpt>
<trkpt lat="46.532591" lon="10.489949"><ele>1986.3</ele><time>2026-07-12T09:19:12Z</time></trkpt>
<trkpt lat="46.532624" lon="10.490034"><ele>1985.7</ele><time>2026-07-12T09:19:13Z</time></trkpt>
<trkpt lat="46.532666" lon="10.490156"><ele>1985.2</ele><time>2026-07-12T09:19:14Z</time></trkpt>
<trkpt lat="46.532701" lon="10.490252"><ele>1984.7</ele><time>2026-07-12T09:19:15Z</time></trkpt>
<trkpt lat="46.532742" lon="10.490337"><ele>1984.0</ele><time>2026-07-12T09:19:16Z</time></trkpt>
<trkpt lat="46.532793" lon="10.490442"><ele>1984.3</ele><time>2026-07-12T09:19:17Z</time></trkpt>
<trkpt lat="46.532845" lon="10.490552"><ele>1983.5</ele><time>2026-07-12T09:19:18Z</time></trkpt>
<trkpt lat="46.532885" lon="10.490637"><ele>1983.8</ele><time>2026-07-12T09:19:19Z</time></trkpt>
<trkpt lat="46.532931" lon="10.490731"><ele>1984.1</ele><time>2026-07-12T09:19:19Z</time></trkpt>
<trkpt lat="46.532974" lon="10.490825"><ele>1982.8</ele><time>2026-07-12T09:19:21Z</time></trkpt>
<trkpt lat="46.533031" lon="10.490952"><ele>1982.7</ele><time>2026-07-12T09:19:21Z</time></trkpt>
<trkpt lat="46.533074" lon="10.491048"><ele>1982.5</ele><time>2026-07-12T09:19:22Z</time></trkpt>
<trkpt lat="46.533112" lon="10.491117"><ele>1982.2</ele><time>2026-07-12T09:19:22Z</time></trkpt>
<trkpt lat="46.533163" lon="10.491215"><ele>1982.8</ele><time>2026-07-12T09:19:24Z</time></trkpt>
<trkpt lat="46.533224" lon="10.491304"><ele>1982.2</ele><time>2026-07-12T09:19:25Z</time></trkpt>
<trkpt lat="46.533283" lon="10.491393"><ele>1982.5</ele><time>2026-07-12T09:19:26Z</time></trkpt>
<trkpt lat="46.533371" lon="10.491528"><ele>1982.9</ele><time>2026-07-12T09:19:26Z</time></trkpt>
<trkpt lat="46.533434" lon="10.491619"><ele>1982.2</ele><time>2026-07-12T09:19:28Z</time></trkpt>
<trkpt lat="46.533482" lon="10.491703"><ele>1982.4</ele><time>2026-07-12T09:19:28Z</time></trkpt>
<trkpt lat="46.533520" lon="10.491779"><ele>1980.6</ele><time>2026-07-12T09:19:29Z</time></trkpt>
<trkpt lat="46.533552" lon="10.491861"><ele>1978.8</ele><time>2026-07-12T09:19:30Z</time></trkpt>
<trkpt lat="46.533570" lon="10.491929"><ele>1977.1</ele><time>2026-07-12T09:19:31Z</time></trkpt>
<trkpt lat="46.533577" lon="10.492001"><ele>1975.6</ele><time>2026-07-12T09:19:31Z</time></trkpt>
<trkpt lat="46.533580" lon="10.492084"><ele>1974.1</ele><time>2026-07-12T09:19:32Z</time></trkpt>
<trkpt lat="46.533580" lon="10.492165"><ele>1971.8</ele><time>2026-07-12T09:19:33Z</time></trkpt>
<trkpt lat="46.533595" lon="10.492244"><ele>1969.8</ele><time>2026-07-12T09:19:33Z</time></trkpt>
<trkpt lat="46.533628" lon="10.492344"><ele>1968.9</ele><time>2026-07-12T09:19:35Z</time></trkpt>
<trkpt lat="46.533697" lon="10.492513"><ele>1968.0</ele><time>2026-07-12T09:19:36Z</time></trkpt>
<trkpt lat="46.533777" lon="10.492691"><ele>1967.9</ele><time>2026-07-12T09:19:37Z</time></trkpt>
<trkpt lat="46.533850" lon="10.492827"><ele>1966.8</ele><time>2026-07-12T09:19:38Z</time></trkpt>
<trkpt lat="46.533852" lon="10.492831"><ele>1966.5</ele><time>2026-07-12T09:19:38Z</time></trkpt>
<trkpt lat="46.533854" lon="10.492834"><ele>1966.9</ele><time>2026-07-12T09:19:39Z</time></trkpt>
<trkpt lat="46.533856" lon="10.492837"><ele>1967.2</ele><time>2026-07-12T09:19:39Z</time></trkpt>
<trkpt lat="46.533858" lon="10.492842"><ele>1967.2</ele><time>2026-07-12T09:19:39Z</time></trkpt>
<trkpt lat="46.533860" lon="10.492847"><ele>1967.2</ele><time>2026-07-12T09:19:39Z</time></trkpt>
<trkpt lat="46.533863" lon="10.492852"><ele>1967.2</ele><time>2026-07-12T09:19:39Z</time></trkpt>
<trkpt lat="46.533865" lon="10.492859"><ele>1967.2</ele><time>2026-07-12T09:19:39Z</time></trkpt>
<trkpt lat="46.533867" lon="10.492865"><ele>1967.2</ele><time>2026-07-12T09:19:39Z</time></trkpt>
<trkpt lat="46.533869" lon="10.492872"><ele>1967.2</ele><time>2026-07-12T09:19:39Z</time></trkpt>
<trkpt lat="46.533870" lon="10.492879"><ele>1967.2</ele><time>2026-07-12T09:19:39Z</time></trkpt>
<trkpt lat="46.533871" lon="10.492886"><ele>1967.2</ele><time>2026-07-12T09:19:39Z</time></trkpt>
<trkpt lat="46.533872" lon="10.492894"><ele>1967.2</ele><time>2026-07-12T09:19:39Z</time></trkpt>
<trkpt lat="46.533872" lon="10.492901"><ele>1967.2</ele><time>2026-07-12T09:19:39Z</time></trkpt>
<trkpt lat="46.533871" lon="10.492909"><ele>1967.2</ele><time>2026-07-12T09:19:39Z</time></trkpt>
<trkpt lat="46.533869" lon="10.492917"><ele>1967.2</ele><time>2026-07-12T09:19:39Z</time></trkpt>
<trkpt lat="46.533867" lon="10.492924"><ele>1967.2</ele><time>2026-07-12T09:19:39Z</time></trkpt>
<trkpt lat="46.533863" lon="10.492932"><ele>1967.2</ele><time>2026-07-12T09:19:39Z</time></trkpt>
<trkpt lat="46.533859" lon="10.492939"><ele>1967.2</ele><time>2026-07-12T09:19:39Z</time></trkpt>
<trkpt lat="46.533853" lon="10.492945"><ele>1967.2</ele><time>2026-07-12T09:19:39Z</time></trkpt>
<trkpt lat="46.533848" lon="10.492950"><ele>1967.2</ele><time>2026-07-12T09:19:39Z</time></trkpt>
<trkpt lat="46.533843" lon="10.492953"><ele>1966.2</ele><time>2026-07-12T09:19:39Z</time></trkpt>
<trkpt lat="46.533837" lon="10.492955"><ele>1965.3</ele><time>2026-07-12T09:19:39Z</time></trkpt>
<trkpt lat="46.533832" lon="10.492956"><ele>1964.3</ele><time>2026-07-12T09:19:39Z</time></trkpt>
<trkpt lat="46.533826" lon="10.492956"><ele>1963.4</ele><time>2026-07-12T09:19:40Z</time></trkpt>
<trkpt lat="46.533821" lon="10.492954"><ele>1962.5</ele><time>2026-07-12T09:19:40Z</time></trkpt>
<trkpt lat="46.533815" lon="10.492952"><ele>1961.5</ele><time>2026-07-12T09:19:40Z</time></trkpt>
<trkpt lat="46.533810" lon="10.492949"><ele>1960.6</ele><time>2026-07-12T09:19:40Z</time></trkpt>
<trkpt lat="46.533805" lon="10.492946"><ele>1960.6</ele><time>2026-07-12T09:19:40Z</time></trkpt>
<trkpt lat="46.533801" lon="10.492943"><ele>1960.6</ele><time>2026-07-12T09:19:40Z</time></trkpt>
<trkpt lat="46.533796" lon="10.492939"><ele>1960.6</ele><time>2026-07-12T09:19:40Z</time></trkpt>
<trkpt lat="46.533792" lon="10.492935"><ele>1960.6</ele><time>2026-07-12T09:19:40Z</time></trkpt>
<trkpt lat="46.533789" lon="10.492931"><ele>1960.6</ele><time>2026-07-12T09:19:40Z</time></trkpt>
<trkpt lat="46.533785" lon="10.492928"><ele>1960.6</ele><time>2026-07-12T09:19:40Z</time></trkpt>
<trkpt lat="46.533783" lon="10.492925"><ele>1960.4</ele><time>2026-07-12T09:19:40Z</time></trkpt>
<trkpt lat="46.533780" lon="10.492922"><ele>1960.9</ele><time>2026-07-12T09:19:40Z</time></trkpt>
<trkpt lat="46.533778" lon="10.492918"><ele>1960.4</ele><time>2026-07-12T09:19:40Z</time></trkpt>
<trkpt lat="46.533697" lon="10.492785"><ele>1960.7</ele><time>2026-07-12T09:19:41Z</time></trkpt>
<trkpt lat="46.533607" lon="10.492621"><ele>1960.1</ele><time>2026-07-12T09:19:42Z</time></trkpt>
<trkpt lat="46.533535" lon="10.492493"><ele>1960.3</ele><time>2026-07-12T09:19:43Z</time></trkpt>
<trkpt lat="46.533493" lon="10.492404"><ele>1960.5</ele><time>2026-07-12T09:19:44Z</time></trkpt>
<trkpt lat="46.533459" lon="10.492326"><ele>1960.6</ele><time>2026-07-12T09:19:44Z</time></trkpt>
<trkpt lat="46.533413" lon="10.492222"><ele>1960.1</ele><time>2026-07-12T09:19:45Z</time></trkpt>
<trkpt lat="46.533379" lon="10.492138"><ele>1960.5</ele><time>2026-07-12T09:19:46Z</time></trkpt>
<trkpt lat="46.533353" lon="10.492053"><ele>1960.2</ele><time>2026-07-12T09:19:46Z</time></trkpt>
<trkpt lat="46.533329" lon="10.491961"><ele>1960.7</ele><time>2026-07-12T09:19:47Z</time></trkpt>
<trkpt lat="46.533328" lon="10.491957"><ele>1960.4</ele><time>2026-07-12T09:19:47Z</time></trkpt>
<trkpt lat="46.533327" lon="10.491953"><ele>1961.0</ele><time>2026-07-12T09:19:47Z</time></trkpt>
<trkpt lat="46.533326" lon="10.491949"><ele>1961.9</ele><time>2026-07-12T09:19:47Z</time></trkpt>
<trkpt lat="46.533324" lon="10.491945"><ele>1962.8</ele><time>2026-07-12T09:19:47Z</time></trkpt>
<trkpt lat="46.533322" lon="10.491940"><ele>1963.7</ele><time>2026-07-12T09:19:47Z</time></trkpt>
<trkpt lat="46.533320" lon="10.491935"><ele>1964.6</ele><time>2026-07-12T09:19:47Z</time></trkpt>
<trkpt lat="46.533318" lon="10.491930"><ele>1965.5</ele><time>2026-07-12T09:19:47Z</time></trkpt>
<trkpt lat="46.533315" lon="10.491925"><ele>1966.4</ele><time>2026-07-12T09:19:48Z</time></trkpt>
<trkpt lat="46.533311" lon="10.491921"><ele>1966.4</ele><time>2026-07-12T09:19:48Z</time></trkpt>
<trkpt lat="46.533308" lon="10.491916"><ele>1966.4</ele><time>2026-07-12T09:19:48Z</time></trkpt>
<trkpt lat="46.533303" lon="10.491912"><ele>1966.4</ele><time>2026-07-12T09:19:48Z</time></trkpt>
<trkpt lat="46.533299" lon="10.491909"><ele>1966.4</ele><time>2026-07-12T09:19:48Z</time></trkpt>
<trkpt lat="46.533294" lon="10.491906"><ele>1966.4</ele><time>2026-07-12T09:19:48Z</time></trkpt>
<trkpt lat="46.533288" lon="10.491905"><ele>1966.4</ele><time>2026-07-12T09:19:48Z</time></trkpt>
<trkpt lat="46.533282" lon="10.491904"><ele>1966.4</ele><time>2026-07-12T09:19:48Z</time></trkpt>
<trkpt lat="46.533275" lon="10.491904"><ele>1966.4</ele><time>2026-07-12T09:19:48Z</time></trkpt>
<trkpt lat="46.533268" lon="10.491906"><ele>1966.4</ele><time>2026-07-12T09:19:48Z</time></trkpt>
<trkpt lat="46.533260" lon="10.491909"><ele>1966.4</ele><time>2026-07-12T09:19:48Z</time></trkpt>
<trkpt lat="46.533253" lon="10.491914"><ele>1965.5</ele><time>2026-07-12T09:19:48Z</time></trkpt>
<trkpt lat="46.533247" lon="10.491919"><ele>1964.6</ele><time>2026-07-12T09:19:48Z</time></trkpt>
<trkpt lat="46.533241" lon="10.491924"><ele>1962.8</ele><time>2026-07-12T09:19:48Z</time></trkpt>
<trkpt lat="46.533237" lon="10.491931"><ele>1961.1</ele><time>2026-07-12T09:19:48Z</time></trkpt>
<trkpt lat="46.533233" lon="10.491937"><ele>1959.3</ele><time>2026-07-12T09:19:48Z</time></trkpt>
<trkpt lat="46.533231" lon="10.491944"><ele>1957.5</ele><time>2026-07-12T09:19:48Z</time></trkpt>
<trkpt lat="46.533229" lon="10.491952"><ele>1955.7</ele><time>2026-07-12T09:19:49Z</time></trkpt>
<trkpt lat="46.533227" lon="10.491959"><ele>1954.8</ele><time>2026-07-12T09:19:49Z</time></trkpt>
<trkpt lat="46.533226" lon="10.491967"><ele>1953.9</ele><time>2026-07-12T09:19:49Z</time></trkpt>
<trkpt lat="46.533226" lon="10.491974"><ele>1953.9</ele><time>2026-07-12T09:19:49Z</time></trkpt>
<trkpt lat="46.533226" lon="10.491981"><ele>1953.9</ele><time>2026-07-12T09:19:49Z</time></trkpt>
<trkpt lat="46.533226" lon="10.491988"><ele>1953.9</ele><time>2026-07-12T09:19:49Z</time></trkpt>
<trkpt lat="46.533227" lon="10.491994"><ele>1953.9</ele><time>2026-07-12T09:19:49Z</time></trkpt>
<trkpt lat="46.533228" lon="10.492000"><ele>1953.9</ele><time>2026-07-12T09:19:49Z</time></trkpt>
<trkpt lat="46.533229" lon="10.492006"><ele>1953.9</ele><time>2026-07-12T09:19:49Z</time></trkpt>
<trkpt lat="46.533230" lon="10.492010"><ele>1954.1</ele><time>2026-07-12T09:19:49Z</time></trkpt>
<trkpt lat="46.533230" lon="10.492014"><ele>1954.2</ele><time>2026-07-12T09:19:49Z</time></trkpt>
<trkpt lat="46.533232" lon="10.492018"><ele>1953.7</ele><time>2026-07-12T09:19:49Z</time></trkpt>
<trkpt lat="46.533273" lon="10.492122"><ele>1954.1</ele><time>2026-07-12T09:19:50Z</time></trkpt>
<trkpt lat="46.533310" lon="10.492217"><ele>1953.7</ele><time>2026-07-12T09:19:51Z</time></trkpt>
<trkpt lat="46.533348" lon="10.492329"><ele>1952.7</ele><time>2026-07-12T09:19:52Z</time></trkpt>
<trkpt lat="46.533395" lon="10.492457"><ele>1951.8</ele><time>2026-07-12T09:19:53Z</time></trkpt>
<trkpt lat="46.533427" lon="10.492567"><ele>1950.1</ele><time>2026-07-12T09:19:54Z</time></trkpt>
<trkpt lat="46.533460" lon="10.492675"><ele>1948.8</ele><time>2026-07-12T09:19:55Z</time></trkpt>
<trkpt lat="46.533507" lon="10.492871"><ele>1947.1</ele><time>2026-07-12T09:19:57Z</time></trkpt>
<trkpt lat="46.533543" lon="10.493005"><ele>1944.7</ele><time>2026-07-12T09:19:58Z</time></trkpt>
<trkpt lat="46.533606" lon="10.493273"><ele>1943.1</ele><time>2026-07-12T09:20:01Z</time></trkpt>
<trkpt lat="46.533679" lon="10.493574"><ele>1941.6</ele><time>2026-07-12T09:20:04Z</time></trkpt>
<trkpt lat="46.533715" lon="10.493712"><ele>1940.4</ele><time>2026-07-12T09:20:05Z</time></trkpt>
<trkpt lat="46.533753" lon="10.493820"><ele>1939.9</ele><time>2026-07-12T09:20:06Z</time></trkpt>
<trkpt lat="46.533814" lon="10.493943"><ele>1939.1</ele><time>2026-07-12T09:20:07Z</time></trkpt>
<trkpt lat="46.534131" lon="10.494544"><ele>1939.4</ele><time>2026-07-12T09:20:11Z</time></trkpt>
<trkpt lat="46.534240" lon="10.494743"><ele>1939.4</ele><time>2026-07-12T09:20:13Z</time></trkpt>
<trkpt lat="46.534294" lon="10.494852"><ele>1938.6</ele><time>2026-07-12T09:20:14Z</time></trkpt>
<trkpt lat="46.534347" lon="10.494975"><ele>1939.2</ele><time>2026-07-12T09:20:15Z</time></trkpt>
<trkpt lat="46.534354" lon="10.494992"><ele>1938.4</ele><time>2026-07-12T09:20:15Z</time></trkpt>
<trkpt lat="46.534378" lon="10.495047"><ele>1936.5</ele><time>2026-07-12T09:20:16Z</time></trkpt>
<trkpt lat="46.534422" lon="10.495147"><ele>1934.5</ele><time>2026-07-12T09:20:17Z</time></trkpt>
<trkpt lat="46.534573" lon="10.495527"><ele>1931.4</ele><time>2026-07-12T09:20:21Z</time></trkpt>
<trkpt lat="46.534640" lon="10.495707"><ele>1929.3</ele><time>2026-07-12T09:20:23Z</time></trkpt>
<trkpt lat="46.534697" lon="10.495835"><ele>1927.9</ele><time>2026-07-12T09:20:24Z</time></trkpt>
<trkpt lat="46.534757" lon="10.495951"><ele>1925.9</ele><time>2026-07-12T09:20:25Z</time></trkpt>
<trkpt lat="46.534824" lon="10.496062"><ele>1923.9</ele><time>2026-07-12T09:20:27Z</time></trkpt>
<trkpt lat="46.534915" lon="10.496205"><ele>1923.1</ele><time>2026-07-12T09:20:28Z</time></trkpt>
<trkpt lat="46.535023" lon="10.496345"><ele>1923.7</ele><time>2026-07-12T09:20:29Z</time></trkpt>
<trkpt lat="46.535111" lon="10.496461"><ele>1924.5</ele><time>2026-07-12T09:20:31Z</time></trkpt>
<trkpt lat="46.535213" lon="10.496602"><ele>1924.7</ele><time>2026-07-12T09:20:32Z</time></trkpt>
<trkpt lat="46.535269" lon="10.496686"><ele>1925.6</ele><time>2026-07-12T09:20:33Z</time></trkpt>
<trkpt lat="46.535324" lon="10.496789"><ele>1926.7</ele><time>2026-07-12T09:20:34Z</time></trkpt>
<trkpt lat="46.535409" lon="10.496933"><ele>1928.6</ele><time>2026-07-12T09:20:36Z</time></trkpt>
<trkpt lat="46.535574" lon="10.497220"><ele>1929.5</ele><time>2026-07-12T09:20:38Z</time></trkpt>
<trkpt lat="46.535616" lon="10.497298"><ele>1929.2</ele><time>2026-07-12T09:20:39Z</time></trkpt>
<trkpt lat="46.535650" lon="10.497372"><ele>1929.8</ele><time>2026-07-12T09:20:40Z</time></trkpt>
<trkpt lat="46.535677" lon="10.497443"><ele>1929.0</ele><time>2026-07-12T09:20:41Z</time></trkpt>
<trkpt lat="46.535705" lon="10.497550"><ele>1927.0</ele><time>2026-07-12T09:20:42Z</time></trkpt>
<trkpt lat="46.535735" lon="10.497699"><ele>1923.6</ele><time>2026-07-12T09:20:43Z</time></trkpt>
<trkpt lat="46.535767" lon="10.497935"><ele>1920.3</ele><time>2026-07-12T09:20:45Z</time></trkpt>
<trkpt lat="46.535795" lon="10.498113"><ele>1916.7</ele><time>2026-07-12T09:20:47Z</time></trkpt>
<trkpt lat="46.535840" lon="10.498304"><ele>1913.2</ele><time>2026-07-12T09:20:49Z</time></trkpt>
<trkpt lat="46.535871" lon="10.498414"><ele>1909.4</ele><time>2026-07-12T09:20:50Z</time></trkpt>
<trkpt lat="46.535906" lon="10.498534"><ele>1906.4</ele><time>2026-07-12T09:20:51Z</time></trkpt>
<trkpt lat="46.535934" lon="10.498616"><ele>1904.4</ele><time>2026-07-12T09:20:52Z</time></trkpt>
<trkpt lat="46.535977" lon="10.498706"><ele>1903.3</ele><time>2026-07-12T09:20:53Z</time></trkpt>
<trkpt lat="46.536023" lon="10.498766"><ele>1902.2</ele><time>2026-07-12T09:20:54Z</time></trkpt>
<trkpt lat="46.536065" lon="10.498809"><ele>1903.1</ele><time>2026-07-12T09:20:54Z</time></trkpt>
<trkpt lat="46.536116" lon="10.498860"><ele>1903.0</ele><time>2026-07-12T09:20:55Z</time></trkpt>
<trkpt lat="46.536157" lon="10.498915"><ele>1903.0</ele><time>2026-07-12T09:20:55Z</time></trkpt>
<trkpt lat="46.536201" lon="10.498978"><ele>1902.9</ele><time>2026-07-12T09:20:56Z</time></trkpt>
<trkpt lat="46.536264" lon="10.499097"><ele>1903.8</ele><time>2026-07-12T09:20:57Z</time></trkpt>
<trkpt lat="46.536325" lon="10.499203"><ele>1903.7</ele><time>2026-07-12T09:20:58Z</time></trkpt>
<trkpt lat="46.536384" lon="10.499270"><ele>1904.5</ele><time>2026-07-12T09:20:59Z</time></trkpt>
<trkpt lat="46.536438" lon="10.499311"><ele>1904.3</ele><time>2026-07-12T09:20:59Z</time></trkpt>
<trkpt lat="46.536490" lon="10.499343"><ele>1905.9</ele><time>2026-07-12T09:21:00Z</time></trkpt>
<trkpt lat="46.536573" lon="10.499387"><ele>1907.7</ele><time>2026-07-12T09:21:01Z</time></trkpt>
<trkpt lat="46.536660" lon="10.499429"><ele>1908.6</ele><time>2026-07-12T09:21:03Z</time></trkpt>
<trkpt lat="46.536698" lon="10.499452"><ele>1909.1</ele><time>2026-07-12T09:21:03Z</time></trkpt>
<trkpt lat="46.536734" lon="10.499474"><ele>1910.5</ele><time>2026-07-12T09:21:04Z</time></trkpt>
<trkpt lat="46.536763" lon="10.499501"><ele>1910.2</ele><time>2026-07-12T09:21:04Z</time></trkpt>
<trkpt lat="46.536787" lon="10.499541"><ele>1909.7</ele><time>2026-07-12T09:21:05Z</time></trkpt>
<trkpt lat="46.536829" lon="10.499615"><ele>1908.3</ele><time>2026-07-12T09:21:05Z</time></trkpt>
<trkpt lat="46.536877" lon="10.499711"><ele>1905.9</ele><time>2026-07-12T09:21:07Z</time></trkpt>
<trkpt lat="46.536928" lon="10.499848"><ele>1904.8</ele><time>2026-07-12T09:21:08Z</time></trkpt>
<trkpt lat="46.536961" lon="10.499942"><ele>1902.1</ele><time>2026-07-12T09:21:09Z</time></trkpt>
<trkpt lat="46.536999" lon="10.500042"><ele>1899.4</ele><time>2026-07-12T09:21:10Z</time></trkpt>
<trkpt lat="46.537038" lon="10.500138"><ele>1897.6</ele><time>2026-07-12T09:21:11Z</time></trkpt>
<trkpt lat="46.537067" lon="10.500205"><ele>1896.2</ele><time>2026-07-12T09:21:12Z</time></trkpt>
<trkpt lat="46.537092" lon="10.500248"><ele>1894.0</ele><time>2026-07-12T09:21:12Z</time></trkpt>
<trkpt lat="46.537113" lon="10.500272"><ele>1892.8</ele><time>2026-07-12T09:21:13Z</time></trkpt>
<trkpt lat="46.537142" lon="10.500296"><ele>1891.1</ele><time>2026-07-12T09:21:13Z</time></trkpt>
<trkpt lat="46.537265" lon="10.500388"><ele>1890.3</ele><time>2026-07-12T09:21:14Z</time></trkpt>
<trkpt lat="46.537391" lon="10.500471"><ele>1889.2</ele><time>2026-07-12T09:21:16Z</time></trkpt>
<trkpt lat="46.537443" lon="10.500484"><ele>1887.2</ele><time>2026-07-12T09:21:17Z</time></trkpt>
<trkpt lat="46.537525" lon="10.500482"><ele>1883.8</ele><time>2026-07-12T09:21:18Z</time></trkpt>
<trkpt lat="46.537678" lon="10.500487"><ele>1880.6</ele><time>2026-07-12T09:21:20Z</time></trkpt>
<trkpt lat="46.537903" lon="10.500495"><ele>1877.5</ele><time>2026-07-12T09:21:23Z</time></trkpt>
<trkpt lat="46.538131" lon="10.500502"><ele>1873.6</ele><time>2026-07-12T09:21:26Z</time></trkpt>
<trkpt lat="46.538224" lon="10.500510"><ele>1868.9</ele><time>2026-07-12T09:21:27Z</time></trkpt>
<trkpt lat="46.538309" lon="10.500522"><ele>1864.6</ele><time>2026-07-12T09:21:28Z</time></trkpt>
<trkpt lat="46.538392" lon="10.500522"><ele>1860.0</ele><time>2026-07-12T09:21:30Z</time></trkpt>
<trkpt lat="46.538454" lon="10.500518"><ele>1856.6</ele><time>2026-07-12T09:21:30Z</time></trkpt>
<trkpt lat="46.538533" lon="10.500512"><ele>1853.0</ele><time>2026-07-12T09:21:31Z</time></trkpt>
<trkpt lat="46.538595" lon="10.500486"><ele>1850.5</ele><time>2026-07-12T09:21:32Z</time></trkpt>
<trkpt lat="46.538639" lon="10.500456"><ele>1848.9</ele><time>2026-07-12T09:21:33Z</time></trkpt>
<trkpt lat="46.538710" lon="10.500406"><ele>1848.6</ele><time>2026-07-12T09:21:34Z</time></trkpt>
<trkpt lat="46.538902" lon="10.500274"><ele>1848.3</ele><time>2026-07-12T09:21:35Z</time></trkpt>
<trkpt lat="46.539002" lon="10.500207"><ele>1848.3</ele><time>2026-07-12T09:21:36Z</time></trkpt>
<trkpt lat="46.539056" lon="10.500171"><ele>1848.4</ele><time>2026-07-12T09:21:36Z</time></trkpt>
<trkpt lat="46.539106" lon="10.500134"><ele>1850.3</ele><time>2026-07-12T09:21:37Z</time></trkpt>
<trkpt lat="46.539154" lon="10.500095"><ele>1851.1</ele><time>2026-07-12T09:21:38Z</time></trkpt>
<trkpt lat="46.539190" lon="10.500057"><ele>1851.9</ele><time>2026-07-12T09:21:39Z</time></trkpt>
<trkpt lat="46.539242" lon="10.500008"><ele>1852.2</ele><time>2026-07-12T09:21:39Z</time></trkpt>
<trkpt lat="46.539245" lon="10.500006"><ele>1852.5</ele><time>2026-07-12T09:21:39Z</time></trkpt>
<trkpt lat="46.539247" lon="10.500004"><ele>1853.6</ele><time>2026-07-12T09:21:39Z</time></trkpt>
<trkpt lat="46.539250" lon="10.500003"><ele>1854.7</ele><time>2026-07-12T09:21:39Z</time></trkpt>
<trkpt lat="46.539253" lon="10.500001"><ele>1854.5</ele><time>2026-07-12T09:21:39Z</time></trkpt>
<trkpt lat="46.539256" lon="10.500000"><ele>1854.2</ele><time>2026-07-12T09:21:39Z</time></trkpt>
<trkpt lat="46.539260" lon="10.499999"><ele>1853.9</ele><time>2026-07-12T09:21:39Z</time></trkpt>
<trkpt lat="46.539263" lon="10.499998"><ele>1853.7</ele><time>2026-07-12T09:21:39Z</time></trkpt>
<trkpt lat="46.539266" lon="10.499998"><ele>1853.4</ele><time>2026-07-12T09:21:39Z</time></trkpt>
<trkpt lat="46.539270" lon="10.499998"><ele>1853.2</ele><time>2026-07-12T09:21:40Z</time></trkpt>
<trkpt lat="46.539273" lon="10.499999"><ele>1852.9</ele><time>2026-07-12T09:21:40Z</time></trkpt>
<trkpt lat="46.539277" lon="10.500000"><ele>1852.9</ele><time>2026-07-12T09:21:40Z</time></trkpt>
<trkpt lat="46.539280" lon="10.500002"><ele>1851.1</ele><time>2026-07-12T09:21:40Z</time></trkpt>
<trkpt lat="46.539284" lon="10.500004"><ele>1849.3</ele><time>2026-07-12T09:21:40Z</time></trkpt>
<trkpt lat="46.539287" lon="10.500008"><ele>1847.5</ele><time>2026-07-12T09:21:40Z</time></trkpt>
<trkpt lat="46.539291" lon="10.500012"><ele>1845.7</ele><time>2026-07-12T09:21:40Z</time></trkpt>
<trkpt lat="46.539294" lon="10.500017"><ele>1843.9</ele><time>2026-07-12T09:21:40Z</time></trkpt>
<trkpt lat="46.539297" lon="10.500023"><ele>1842.1</ele><time>2026-07-12T09:21:40Z</time></trkpt>
<trkpt lat="46.539300" lon="10.500029"><ele>1840.3</ele><time>2026-07-12T09:21:40Z</time></trkpt>
<trkpt lat="46.539303" lon="10.500037"><ele>1840.3</ele><time>2026-07-12T09:21:40Z</time></trkpt>
<trkpt lat="46.539306" lon="10.500046"><ele>1840.3</ele><time>2026-07-12T09:21:40Z</time></trkpt>
<trkpt lat="46.539308" lon="10.500056"><ele>1840.3</ele><time>2026-07-12T09:21:40Z</time></trkpt>
<trkpt lat="46.539309" lon="10.500064"><ele>1840.3</ele><time>2026-07-12T09:21:40Z</time></trkpt>
<trkpt lat="46.539310" lon="10.500073"><ele>1840.3</ele><time>2026-07-12T09:21:40Z</time></trkpt>
<trkpt lat="46.539309" lon="10.500080"><ele>1840.3</ele><time>2026-07-12T09:21:40Z</time></trkpt>
<trkpt lat="46.539308" lon="10.500087"><ele>1840.3</ele><time>2026-07-12T09:21:40Z</time></trkpt>
<trkpt lat="46.539307" lon="10.500094"><ele>1840.3</ele><time>2026-07-12T09:21:40Z</time></trkpt>
<trkpt lat="46.539305" lon="10.500100"><ele>1840.3</ele><time>2026-07-12T09:21:40Z</time></trkpt>
<trkpt lat="46.539303" lon="10.500106"><ele>1840.3</ele><time>2026-07-12T09:21:40Z</time></trkpt>
<trkpt lat="46.539300" lon="10.500111"><ele>1840.3</ele><time>2026-07-12T09:21:40Z</time></trkpt>
<trkpt lat="46.539298" lon="10.500115"><ele>1840.3</ele><time>2026-07-12T09:21:40Z</time></trkpt>
<trkpt lat="46.539295" lon="10.500119"><ele>1840.3</ele><time>2026-07-12T09:21:41Z</time></trkpt>
<trkpt lat="46.539292" lon="10.500123"><ele>1840.3</ele><time>2026-07-12T09:21:41Z</time></trkpt>
<trkpt lat="46.539289" lon="10.500126"><ele>1840.3</ele><time>2026-07-12T09:21:41Z</time></trkpt>
<trkpt lat="46.539286" lon="10.500129"><ele>1840.3</ele><time>2026-07-12T09:21:41Z</time></trkpt>
<trkpt lat="46.539284" lon="10.500131"><ele>1840.3</ele><time>2026-07-12T09:21:41Z</time></trkpt>
<trkpt lat="46.539281" lon="10.500133"><ele>1841.3</ele><time>2026-07-12T09:21:41Z</time></trkpt>
<trkpt lat="46.539279" lon="10.500134"><ele>1841.1</ele><time>2026-07-12T09:21:41Z</time></trkpt>
<trkpt lat="46.539277" lon="10.500136"><ele>1842.1</ele><time>2026-07-12T09:21:41Z</time></trkpt>
<trkpt lat="46.539222" lon="10.500176"><ele>1843.1</ele><time>2026-07-12T09:21:42Z</time></trkpt>
<trkpt lat="46.539162" lon="10.500227"><ele>1842.9</ele><time>2026-07-12T09:21:42Z</time></trkpt>
<trkpt lat="46.539107" lon="10.500271"><ele>1842.8</ele><time>2026-07-12T09:21:43Z</time></trkpt>
<trkpt lat="46.539043" lon="10.500331"><ele>1842.7</ele><time>2026-07-12T09:21:43Z</time></trkpt>
<trkpt lat="46.538991" lon="10.500380"><ele>1840.4</ele><time>2026-07-12T09:21:44Z</time></trkpt>
<trkpt lat="46.538936" lon="10.500435"><ele>1839.2</ele><time>2026-07-12T09:21:45Z</time></trkpt>
<trkpt lat="46.538876" lon="10.500506"><ele>1836.4</ele><time>2026-07-12T09:21:46Z</time></trkpt>
<trkpt lat="46.538836" lon="10.500563"><ele>1833.7</ele><time>2026-07-12T09:21:47Z</time></trkpt>
<trkpt lat="46.538799" lon="10.500622"><ele>1832.1</ele><time>2026-07-12T09:21:47Z</time></trkpt>
<trkpt lat="46.538748" lon="10.500720"><ele>1831.2</ele><time>2026-07-12T09:21:48Z</time></trkpt>
<trkpt lat="46.538711" lon="10.500779"><ele>1829.5</ele><time>2026-07-12T09:21:49Z</time></trkpt>
<trkpt lat="46.538679" lon="10.500829"><ele>1829.0</ele><time>2026-07-12T09:21:50Z</time></trkpt>
<trkpt lat="46.538653" lon="10.500866"><ele>1828.6</ele><time>2026-07-12T09:21:50Z</time></trkpt>
<trkpt lat="46.538621" lon="10.500893"><ele>1829.2</ele><time>2026-07-12T09:21:51Z</time></trkpt>
<trkpt lat="46.538594" lon="10.500908"><ele>1829.9</ele><time>2026-07-12T09:21:51Z</time></trkpt>
<trkpt lat="46.538567" lon="10.500918"><ele>1831.2</ele><time>2026-07-12T09:21:52Z</time></trkpt>
<trkpt lat="46.538531" lon="10.500929"><ele>1831.7</ele><time>2026-07-12T09:21:52Z</time></trkpt>
<trkpt lat="46.538478" lon="10.500946"><ele>1833.8</ele><time>2026-07-12T09:21:53Z</time></trkpt>
<trkpt lat="46.538418" lon="10.500964"><ele>1836.0</ele><time>2026-07-12T09:21:54Z</time></trkpt>
<trkpt lat="46.538362" lon="10.500980"><ele>1837.8</ele><time>2026-07-12T09:21:54Z</time></trkpt>
<trkpt lat="46.538310" lon="10.500997"><ele>1838.9</ele><time>2026-07-12T09:21:55Z</time></trkpt>
<trkpt lat="46.538253" lon="10.501017"><ele>1840.7</ele><time>2026-07-12T09:21:56Z</time></trkpt>
<trkpt lat="46.538165" lon="10.501046"><ele>1841.9</ele><time>2026-07-12T09:21:57Z</time></trkpt>
<trkpt lat="46.538122" lon="10.501058"><ele>1843.6</ele><time>2026-07-12T09:21:58Z</time></trkpt>
<trkpt lat="46.538050" lon="10.501080"><ele>1844.7</ele><time>2026-07-12T09:21:59Z</time></trkpt>
<trkpt lat="46.537991" lon="10.501096"><ele>1846.2</ele><time>2026-07-12T09:21:59Z</time></trkpt>
<trkpt lat="46.537937" lon="10.501115"><ele>1848.0</ele><time>2026-07-12T09:22:00Z</time></trkpt>
<trkpt lat="46.537883" lon="10.501131"><ele>1849.1</ele><time>2026-07-12T09:22:01Z</time></trkpt>
<trkpt lat="46.537822" lon="10.501167"><ele>1849.5</ele><time>2026-07-12T09:22:01Z</time></trkpt>
<trkpt lat="46.537775" lon="10.501194"><ele>1849.9</ele><time>2026-07-12T09:22:02Z</time></trkpt>
<trkpt lat="46.537720" lon="10.501236"><ele>1849.8</ele><time>2026-07-12T09:22:03Z</time></trkpt>
<trkpt lat="46.537674" lon="10.501269"><ele>1849.6</ele><time>2026-07-12T09:22:03Z</time></trkpt>
<trkpt lat="46.537629" lon="10.501293"><ele>1849.1</ele><time>2026-07-12T09:22:04Z</time></trkpt>
<trkpt lat="46.537584" lon="10.501315"><ele>1848.5</ele><time>2026-07-12T09:22:04Z</time></trkpt>
<trkpt lat="46.537546" lon="10.501322"><ele>1848.7</ele><time>2026-07-12T09:22:05Z</time></trkpt>
<trkpt lat="46.537495" lon="10.501320"><ele>1848.8</ele><time>2026-07-12T09:22:05Z</time></trkpt>
<trkpt lat="46.537442" lon="10.501311"><ele>1848.8</ele><time>2026-07-12T09:22:05Z</time></trkpt>
<trkpt lat="46.537412" lon="10.501302"><ele>1848.7</ele><time>2026-07-12T09:22:06Z</time></trkpt>
<trkpt lat="46.537378" lon="10.501295"><ele>1848.7</ele><time>2026-07-12T09:22:06Z</time></trkpt>
<trkpt lat="46.537367" lon="10.501293"><ele>1848.6</ele><time>2026-07-12T09:22:06Z</time></trkpt>
<trkpt lat="46.537365" lon="10.501292"><ele>1848.5</ele><time>2026-07-12T09:22:06Z</time></trkpt>
<trkpt lat="46.537362" lon="10.501292"><ele>1848.4</ele><time>2026-07-12T09:22:06Z</time></trkpt>
<trkpt lat="46.537359" lon="10.501292"><ele>1848.3</ele><time>2026-07-12T09:22:06Z</time></trkpt>
<trkpt lat="46.537356" lon="10.501292"><ele>1848.3</ele><time>2026-07-12T09:22:06Z</time></trkpt>
<trkpt lat="46.537352" lon="10.501292"><ele>1848.3</ele><time>2026-07-12T09:22:06Z</time></trkpt>
<trkpt lat="46.537348" lon="10.501292"><ele>1848.3</ele><time>2026-07-12T09:22:06Z</time></trkpt>
<trkpt lat="46.537344" lon="10.501293"><ele>1848.3</ele><time>2026-07-12T09:22:06Z</time></trkpt>
<trkpt lat="46.537340" lon="10.501295"><ele>1848.3</ele><time>2026-07-12T09:22:06Z</time></trkpt>
<trkpt lat="46.537336" lon="10.501297"><ele>1848.3</ele><time>2026-07-12T09:22:06Z</time></trkpt>
<trkpt lat="46.537331" lon="10.501299"><ele>1848.3</ele><time>2026-07-12T09:22:06Z</time></trkpt>
<trkpt lat="46.537327" lon="10.501303"><ele>1848.3</ele><time>2026-07-12T09:22:06Z</time></trkpt>
<trkpt lat="46.537323" lon="10.501307"><ele>1848.3</ele><time>2026-07-12T09:22:06Z</time></trkpt>
<trkpt lat="46.537319" lon="10.501312"><ele>1848.3</ele><time>2026-07-12T09:22:06Z</time></trkpt>
<trkpt lat="46.537315" lon="10.501317"><ele>1848.3</ele><time>2026-07-12T09:22:06Z</time></trkpt>
<trkpt lat="46.537312" lon="10.501324"><ele>1848.3</ele><time>2026-07-12T09:22:06Z</time></trkpt>
<trkpt lat="46.537309" lon="10.501332"><ele>1848.3</ele><time>2026-07-12T09:22:06Z</time></trkpt>
<trkpt lat="46.537306" lon="10.501342"><ele>1848.3</ele><time>2026-07-12T09:22:07Z</time></trkpt>
<trkpt lat="46.537304" lon="10.501352"><ele>1848.3</ele><time>2026-07-12T09:22:07Z</time></trkpt>
<trkpt lat="46.537303" lon="10.501363"><ele>1847.1</ele><time>2026-07-12T09:22:07Z</time></trkpt>
<trkpt lat="46.537302" lon="10.501373"><ele>1845.9</ele><time>2026-07-12T09:22:07Z</time></trkpt>
<trkpt lat="46.537303" lon="10.501382"><ele>1844.7</ele><time>2026-07-12T09:22:07Z</time></trkpt>
<trkpt lat="46.537305" lon="10.501390"><ele>1843.5</ele><time>2026-07-12T09:22:07Z</time></trkpt>
<trkpt lat="46.537307" lon="10.501398"><ele>1842.3</ele><time>2026-07-12T09:22:07Z</time></trkpt>
<trkpt lat="46.537310" lon="10.501405"><ele>1841.1</ele><time>2026-07-12T09:22:07Z</time></trkpt>
<trkpt lat="46.537313" lon="10.501412"><ele>1839.9</ele><time>2026-07-12T09:22:07Z</time></trkpt>
<trkpt lat="46.537317" lon="10.501418"><ele>1839.9</ele><time>2026-07-12T09:22:07Z</time></trkpt>
<trkpt lat="46.537321" lon="10.501423"><ele>1839.9</ele><time>2026-07-12T09:22:07Z</time></trkpt>
<trkpt lat="46.537325" lon="10.501428"><ele>1839.9</ele><time>2026-07-12T09:22:07Z</time></trkpt>
<trkpt lat="46.537330" lon="10.501432"><ele>1839.9</ele><time>2026-07-12T09:22:07Z</time></trkpt>
<trkpt lat="46.537334" lon="10.501436"><ele>1839.9</ele><time>2026-07-12T09:22:07Z</time></trkpt>
<trkpt lat="46.537338" lon="10.501439"><ele>1839.9</ele><time>2026-07-12T09:22:07Z</time></trkpt>
<trkpt lat="46.537343" lon="10.501442"><ele>1839.9</ele><time>2026-07-12T09:22:07Z</time></trkpt>
<trkpt lat="46.537346" lon="10.501444"><ele>1839.9</ele><time>2026-07-12T09:22:07Z</time></trkpt>
<trkpt lat="46.537349" lon="10.501446"><ele>1840.1</ele><time>2026-07-12T09:22:08Z</time></trkpt>
<trkpt lat="46.537352" lon="10.501447"><ele>1840.2</ele><time>2026-07-12T09:22:08Z</time></trkpt>
<trkpt lat="46.537355" lon="10.501448"><ele>1840.3</ele><time>2026-07-12T09:22:08Z</time></trkpt>
<trkpt lat="46.537388" lon="10.501457"><ele>1840.5</ele><time>2026-07-12T09:22:08Z</time></trkpt>
<trkpt lat="46.537428" lon="10.501457"><ele>1840.7</ele><time>2026-07-12T09:22:08Z</time></trkpt>
<trkpt lat="46.537491" lon="10.501461"><ele>1840.8</ele><time>2026-07-12T09:22:09Z</time></trkpt>
<trkpt lat="46.537538" lon="10.501457"><ele>1840.8</ele><time>2026-07-12T09:22:09Z</time></trkpt>
<trkpt lat="46.537601" lon="10.501454"><ele>1840.6</ele><time>2026-07-12T09:22:10Z</time></trkpt>
<trkpt lat="46.537665" lon="10.501448"><ele>1840.0</ele><time>2026-07-12T09:22:11Z</time></trkpt>
<trkpt lat="46.537725" lon="10.501443"><ele>1838.9</ele><time>2026-07-12T09:22:11Z</time></trkpt>
<trkpt lat="46.537791" lon="10.501436"><ele>1837.9</ele><time>2026-07-12T09:22:12Z</time></trkpt>
<trkpt lat="46.537858" lon="10.501432"><ele>1836.1</ele><time>2026-07-12T09:22:13Z</time></trkpt>
<trkpt lat="46.537970" lon="10.501422"><ele>1833.2</ele><time>2026-07-12T09:22:15Z</time></trkpt>
<trkpt lat="46.538044" lon="10.501419"><ele>1829.6</ele><time>2026-07-12T09:22:16Z</time></trkpt>
<trkpt lat="46.538188" lon="10.501422"><ele>1826.2</ele><time>2026-07-12T09:22:18Z</time></trkpt>
<trkpt lat="46.538393" lon="10.501421"><ele>1822.6</ele><time>2026-07-12T09:22:20Z</time></trkpt>
<trkpt lat="46.538478" lon="10.501418"><ele>1819.4</ele><time>2026-07-12T09:22:21Z</time></trkpt>
<trkpt lat="46.538526" lon="10.501418"><ele>1817.0</ele><time>2026-07-12T09:22:22Z</time></trkpt>
<trkpt lat="46.538573" lon="10.501406"><ele>1814.6</ele><time>2026-07-12T09:22:23Z</time></trkpt>
<trkpt lat="46.538613" lon="10.501395"><ele>1812.8</ele><time>2026-07-12T09:22:23Z</time></trkpt>
<trkpt lat="46.538656" lon="10.501371"><ele>1811.0</ele><time>2026-07-12T09:22:24Z</time></trkpt>
<trkpt lat="46.538703" lon="10.501362"><ele>1809.1</ele><time>2026-07-12T09:22:24Z</time></trkpt>
<trkpt lat="46.538875" lon="10.501326"><ele>1807.3</ele><time>2026-07-12T09:22:27Z</time></trkpt>
<trkpt lat="46.538952" lon="10.501307"><ele>1804.9</ele><time>2026-07-12T09:22:28Z</time></trkpt>
<trkpt lat="46.539017" lon="10.501284"><ele>1801.9</ele><time>2026-07-12T09:22:29Z</time></trkpt>
<trkpt lat="46.539111" lon="10.501252"><ele>1799.0</ele><time>2026-07-12T09:22:30Z</time></trkpt>
<trkpt lat="46.539205" lon="10.501215"><ele>1797.3</ele><time>2026-07-12T09:22:31Z</time></trkpt>
<trkpt lat="46.539274" lon="10.501180"><ele>1796.0</ele><time>2026-07-12T09:22:32Z</time></trkpt>
<trkpt lat="46.539391" lon="10.501119"><ele>1794.7</ele><time>2026-07-12T09:22:34Z</time></trkpt>
<trkpt lat="46.539612" lon="10.501004"><ele>1794.6</ele><time>2026-07-12T09:22:36Z</time></trkpt>
<trkpt lat="46.539710" lon="10.500946"><ele>1795.1</ele><time>2026-07-12T09:22:37Z</time></trkpt>
<trkpt lat="46.539847" lon="10.500874"><ele>1795.6</ele><time>2026-07-12T09:22:38Z</time></trkpt>
<trkpt lat="46.539926" lon="10.500832"><ele>1796.6</ele><time>2026-07-12T09:22:39Z</time></trkpt>
<trkpt lat="46.539967" lon="10.500808"><ele>1797.1</ele><time>2026-07-12T09:22:40Z</time></trkpt>
<trkpt lat="46.540027" lon="10.500787"><ele>1797.9</ele><time>2026-07-12T09:22:41Z</time></trkpt>
<trkpt lat="46.540090" lon="10.500778"><ele>1798.8</ele><time>2026-07-12T09:22:41Z</time></trkpt>
<trkpt lat="46.540168" lon="10.500772"><ele>1799.6</ele><time>2026-07-12T09:22:42Z</time></trkpt>
<trkpt lat="46.540224" lon="10.500755"><ele>1800.3</ele><time>2026-07-12T09:22:43Z</time></trkpt>
<trkpt lat="46.540265" lon="10.500731"><ele>1801.0</ele><time>2026-07-12T09:22:44Z</time></trkpt>
<trkpt lat="46.540320" lon="10.500680"><ele>1802.2</ele><time>2026-07-12T09:22:45Z</time></trkpt>
<trkpt lat="46.540356" lon="10.500632"><ele>1803.4</ele><time>2026-07-12T09:22:45Z</time></trkpt>
<trkpt lat="46.540411" lon="10.500561"><ele>1804.9</ele><time>2026-07-12T09:22:46Z</time></trkpt>
<trkpt lat="46.540475" lon="10.500477"><ele>1806.2</ele><time>2026-07-12T09:22:47Z</time></trkpt>
<trkpt lat="46.540553" lon="10.500376"><ele>1807.3</ele><time>2026-07-12T09:22:49Z</time></trkpt>
<trkpt lat="46.540632" lon="10.500299"><ele>1808.9</ele><time>2026-07-12T09:22:50Z</time></trkpt>
<trkpt lat="46.540706" lon="10.500240"><ele>1810.2</ele><time>2026-07-12T09:22:51Z</time></trkpt>
<trkpt lat="46.540844" lon="10.500139"><ele>1810.7</ele><time>2026-07-12T09:22:52Z</time></trkpt>
<trkpt lat="46.541024" lon="10.500001"><ele>1812.0</ele><time>2026-07-12T09:22:54Z</time></trkpt>
<trkpt lat="46.541133" lon="10.499912"><ele>1812.5</ele><time>2026-07-12T09:22:56Z</time></trkpt>
<trkpt lat="46.541188" lon="10.499857"><ele>1814.0</ele><time>2026-07-12T09:22:56Z</time></trkpt>
<trkpt lat="46.541243" lon="10.499790"><ele>1815.1</ele><time>2026-07-12T09:22:57Z</time></trkpt>
<trkpt lat="46.541310" lon="10.499711"><ele>1815.7</ele><time>2026-07-12T09:22:59Z</time></trkpt>
<trkpt lat="46.541352" lon="10.499647"><ele>1816.6</ele><time>2026-07-12T09:22:59Z</time></trkpt>
<trkpt lat="46.541376" lon="10.499620"><ele>1817.8</ele><time>2026-07-12T09:23:00Z</time></trkpt>
<trkpt lat="46.541377" lon="10.499619"><ele>1818.3</ele><time>2026-07-12T09:23:00Z</time></trkpt>
<trkpt lat="46.541380" lon="10.499616"><ele>1819.0</ele><time>2026-07-12T09:23:00Z</time></trkpt>
<trkpt lat="46.541382" lon="10.499614"><ele>1818.7</ele><time>2026-07-12T09:23:00Z</time></trkpt>
<trkpt lat="46.541385" lon="10.499612"><ele>1818.4</ele><time>2026-07-12T09:23:00Z</time></trkpt>
<trkpt lat="46.541388" lon="10.499610"><ele>1818.1</ele><time>2026-07-12T09:23:00Z</time></trkpt>
<trkpt lat="46.541391" lon="10.499608"><ele>1817.8</ele><time>2026-07-12T09:23:00Z</time></trkpt>
<trkpt lat="46.541394" lon="10.499606"><ele>1817.5</ele><time>2026-07-12T09:23:00Z</time></trkpt>
<trkpt lat="46.541398" lon="10.499604"><ele>1817.2</ele><time>2026-07-12T09:23:00Z</time></trkpt>
<trkpt lat="46.541402" lon="10.499602"><ele>1816.8</ele><time>2026-07-12T09:23:00Z</time></trkpt>
<trkpt lat="46.541406" lon="10.499601"><ele>1816.8</ele><time>2026-07-12T09:23:00Z</time></trkpt>
<trkpt lat="46.541410" lon="10.499600"><ele>1816.8</ele><time>2026-07-12T09:23:00Z</time></trkpt>
<trkpt lat="46.541415" lon="10.499600"><ele>1816.8</ele><time>2026-07-12T09:23:00Z</time></trkpt>
<trkpt lat="46.541419" lon="10.499601"><ele>1816.8</ele><time>2026-07-12T09:23:00Z</time></trkpt>
<trkpt lat="46.541423" lon="10.499603"><ele>1816.8</ele><time>2026-07-12T09:23:00Z</time></trkpt>
<trkpt lat="46.541427" lon="10.499605"><ele>1816.8</ele><time>2026-07-12T09:23:00Z</time></trkpt>
<trkpt lat="46.541431" lon="10.499609"><ele>1816.8</ele><time>2026-07-12T09:23:00Z</time></trkpt>
<trkpt lat="46.541435" lon="10.499613"><ele>1816.8</ele><time>2026-07-12T09:23:00Z</time></trkpt>
<trkpt lat="46.541438" lon="10.499619"><ele>1816.8</ele><time>2026-07-12T09:23:00Z</time></trkpt>
<trkpt lat="46.541442" lon="10.499625"><ele>1816.8</ele><time>2026-07-12T09:23:00Z</time></trkpt>
<trkpt lat="46.541444" lon="10.499632"><ele>1816.8</ele><time>2026-07-12T09:23:00Z</time></trkpt>
<trkpt lat="46.541445" lon="10.499638"><ele>1816.8</ele><time>2026-07-12T09:23:01Z</time></trkpt>
<trkpt lat="46.541446" lon="10.499645"><ele>1816.8</ele><time>2026-07-12T09:23:01Z</time></trkpt>
<trkpt lat="46.541446" lon="10.499651"><ele>1816.1</ele><time>2026-07-12T09:23:01Z</time></trkpt>
<trkpt lat="46.541446" lon="10.499658"><ele>1815.4</ele><time>2026-07-12T09:23:01Z</time></trkpt>
<trkpt lat="46.541445" lon="10.499664"><ele>1814.7</ele><time>2026-07-12T09:23:01Z</time></trkpt>
<trkpt lat="46.541444" lon="10.499670"><ele>1813.9</ele><time>2026-07-12T09:23:01Z</time></trkpt>
<trkpt lat="46.541442" lon="10.499675"><ele>1813.2</ele><time>2026-07-12T09:23:01Z</time></trkpt>
<trkpt lat="46.541440" lon="10.499681"><ele>1812.5</ele><time>2026-07-12T09:23:01Z</time></trkpt>
<trkpt lat="46.541438" lon="10.499686"><ele>1811.8</ele><time>2026-07-12T09:23:01Z</time></trkpt>
<trkpt lat="46.541436" lon="10.499691"><ele>1811.8</ele><time>2026-07-12T09:23:01Z</time></trkpt>
<trkpt lat="46.541434" lon="10.499695"><ele>1811.8</ele><time>2026-07-12T09:23:01Z</time></trkpt>
<trkpt lat="46.541432" lon="10.499699"><ele>1811.8</ele><time>2026-07-12T09:23:01Z</time></trkpt>
<trkpt lat="46.541430" lon="10.499702"><ele>1811.8</ele><time>2026-07-12T09:23:01Z</time></trkpt>
<trkpt lat="46.541428" lon="10.499705"><ele>1811.8</ele><time>2026-07-12T09:23:01Z</time></trkpt>
<trkpt lat="46.541427" lon="10.499707"><ele>1811.4</ele><time>2026-07-12T09:23:01Z</time></trkpt>
<trkpt lat="46.541425" lon="10.499710"><ele>1811.2</ele><time>2026-07-12T09:23:01Z</time></trkpt>
<trkpt lat="46.541393" lon="10.499758"><ele>1810.6</ele><time>2026-07-12T09:23:02Z</time></trkpt>
<trkpt lat="46.541334" lon="10.499842"><ele>1809.2</ele><time>2026-07-12T09:23:03Z</time></trkpt>
<trkpt lat="46.541250" lon="10.499950"><ele>1808.1</ele><time>2026-07-12T09:23:04Z</time></trkpt>
<trkpt lat="46.541123" lon="10.500130"><ele>1806.5</ele><time>2026-07-12T09:23:07Z</time></trkpt>
<trkpt lat="46.541080" lon="10.500195"><ele>1805.1</ele><time>2026-07-12T09:23:08Z</time></trkpt>
<trkpt lat="46.541020" lon="10.500275"><ele>1803.5</ele><time>2026-07-12T09:23:09Z</time></trkpt>
<trkpt lat="46.540960" lon="10.500356"><ele>1801.7</ele><time>2026-07-12T09:23:10Z</time></trkpt>
<trkpt lat="46.540905" lon="10.500449"><ele>1800.1</ele><time>2026-07-12T09:23:11Z</time></trkpt>
<trkpt lat="46.540849" lon="10.500543"><ele>1799.2</ele><time>2026-07-12T09:23:12Z</time></trkpt>
<trkpt lat="46.540808" lon="10.500616"><ele>1797.5</ele><time>2026-07-12T09:23:13Z</time></trkpt>
<trkpt lat="46.540773" lon="10.500713"><ele>1796.3</ele><time>2026-07-12T09:23:14Z</time></trkpt>
<trkpt lat="46.540747" lon="10.500815"><ele>1794.3</ele><time>2026-07-12T09:23:15Z</time></trkpt>
<trkpt lat="46.540722" lon="10.500905"><ele>1792.3</ele><time>2026-07-12T09:23:16Z</time></trkpt>
<trkpt lat="46.540707" lon="10.501007"><ele>1790.3</ele><time>2026-07-12T09:23:17Z</time></trkpt>
<trkpt lat="46.540697" lon="10.501156"><ele>1788.0</ele><time>2026-07-12T09:23:18Z</time></trkpt>
<trkpt lat="46.540691" lon="10.501261"><ele>1785.0</ele><time>2026-07-12T09:23:19Z</time></trkpt>
<trkpt lat="46.540701" lon="10.501345"><ele>1782.6</ele><time>2026-07-12T09:23:20Z</time></trkpt>
<trkpt lat="46.540711" lon="10.501454"><ele>1780.2</ele><time>2026-07-12T09:23:21Z</time></trkpt>
<trkpt lat="46.540730" lon="10.501569"><ele>1777.7</ele><time>2026-07-12T09:23:22Z</time></trkpt>
<trkpt lat="46.540741" lon="10.501668"><ele>1775.7</ele><time>2026-07-12T09:23:23Z</time></trkpt>
<trkpt lat="46.540742" lon="10.501726"><ele>1773.0</ele><time>2026-07-12T09:23:23Z</time></trkpt>
<trkpt lat="46.540736" lon="10.501799"><ele>1771.1</ele><time>2026-07-12T09:23:24Z</time></trkpt>
<trkpt lat="46.540713" lon="10.501878"><ele>1769.9</ele><time>2026-07-12T09:23:25Z</time></trkpt>
<trkpt lat="46.540686" lon="10.501953"><ele>1768.7</ele><time>2026-07-12T09:23:26Z</time></trkpt>
<trkpt lat="46.540677" lon="10.501982"><ele>1767.5</ele><time>2026-07-12T09:23:26Z</time></trkpt>
<trkpt lat="46.540677" lon="10.501984"><ele>1767.0</ele><time>2026-07-12T09:23:26Z</time></trkpt>
<trkpt lat="46.540675" lon="10.501988"><ele>1766.5</ele><time>2026-07-12T09:23:26Z</time></trkpt>
<trkpt lat="46.540674" lon="10.501992"><ele>1766.6</ele><time>2026-07-12T09:23:26Z</time></trkpt>
<trkpt lat="46.540673" lon="10.501996"><ele>1766.6</ele><time>2026-07-12T09:23:26Z</time></trkpt>
<trkpt lat="46.540672" lon="10.502001"><ele>1766.6</ele><time>2026-07-12T09:23:26Z</time></trkpt>
<trkpt lat="46.540672" lon="10.502006"><ele>1766.6</ele><time>2026-07-12T09:23:26Z</time></trkpt>
<trkpt lat="46.540671" lon="10.502012"><ele>1766.6</ele><time>2026-07-12T09:23:26Z</time></trkpt>
<trkpt lat="46.540670" lon="10.502017"><ele>1766.6</ele><time>2026-07-12T09:23:26Z</time></trkpt>
<trkpt lat="46.540670" lon="10.502024"><ele>1766.6</ele><time>2026-07-12T09:23:26Z</time></trkpt>
<trkpt lat="46.540671" lon="10.502030"><ele>1766.6</ele><time>2026-07-12T09:23:26Z</time></trkpt>
<trkpt lat="46.540671" lon="10.502037"><ele>1766.6</ele><time>2026-07-12T09:23:26Z</time></trkpt>
<trkpt lat="46.540672" lon="10.502043"><ele>1766.5</ele><time>2026-07-12T09:23:26Z</time></trkpt>
<trkpt lat="46.540674" lon="10.502050"><ele>1766.3</ele><time>2026-07-12T09:23:26Z</time></trkpt>
<trkpt lat="46.540677" lon="10.502057"><ele>1765.5</ele><time>2026-07-12T09:23:26Z</time></trkpt>
<trkpt lat="46.540680" lon="10.502063"><ele>1764.6</ele><time>2026-07-12T09:23:27Z</time></trkpt>
<trkpt lat="46.540683" lon="10.502070"><ele>1763.8</ele><time>2026-07-12T09:23:27Z</time></trkpt>
<trkpt lat="46.540688" lon="10.502076"><ele>1763.0</ele><time>2026-07-12T09:23:27Z</time></trkpt>
<trkpt lat="46.540694" lon="10.502081"><ele>1762.2</ele><time>2026-07-12T09:23:27Z</time></trkpt>
<trkpt lat="46.540700" lon="10.502086"><ele>1761.5</ele><time>2026-07-12T09:23:27Z</time></trkpt>
<trkpt lat="46.540705" lon="10.502090"><ele>1760.8</ele><time>2026-07-12T09:23:27Z</time></trkpt>
<trkpt lat="46.540711" lon="10.502092"><ele>1760.8</ele><time>2026-07-12T09:23:27Z</time></trkpt>
<trkpt lat="46.540716" lon="10.502093"><ele>1760.8</ele><time>2026-07-12T09:23:27Z</time></trkpt>
<trkpt lat="46.540721" lon="10.502092"><ele>1760.8</ele><time>2026-07-12T09:23:27Z</time></trkpt>
<trkpt lat="46.540726" lon="10.502091"><ele>1760.8</ele><time>2026-07-12T09:23:27Z</time></trkpt>
<trkpt lat="46.540731" lon="10.502089"><ele>1760.8</ele><time>2026-07-12T09:23:27Z</time></trkpt>
<trkpt lat="46.540735" lon="10.502085"><ele>1761.5</ele><time>2026-07-12T09:23:27Z</time></trkpt>
<trkpt lat="46.540739" lon="10.502081"><ele>1762.2</ele><time>2026-07-12T09:23:27Z</time></trkpt>
<trkpt lat="46.540743" lon="10.502077"><ele>1762.8</ele><time>2026-07-12T09:23:27Z</time></trkpt>
<trkpt lat="46.540747" lon="10.502071"><ele>1763.5</ele><time>2026-07-12T09:23:27Z</time></trkpt>
<trkpt lat="46.540750" lon="10.502066"><ele>1764.1</ele><time>2026-07-12T09:23:27Z</time></trkpt>
<trkpt lat="46.540754" lon="10.502059"><ele>1764.8</ele><time>2026-07-12T09:23:28Z</time></trkpt>
<trkpt lat="46.540757" lon="10.502053"><ele>1765.4</ele><time>2026-07-12T09:23:28Z</time></trkpt>
<trkpt lat="46.540759" lon="10.502046"><ele>1765.4</ele><time>2026-07-12T09:23:28Z</time></trkpt>
<trkpt lat="46.540762" lon="10.502040"><ele>1765.4</ele><time>2026-07-12T09:23:28Z</time></trkpt>
<trkpt lat="46.540764" lon="10.502033"><ele>1765.4</ele><time>2026-07-12T09:23:28Z</time></trkpt>
<trkpt lat="46.540766" lon="10.502026"><ele>1765.4</ele><time>2026-07-12T09:23:28Z</time></trkpt>
<trkpt lat="46.540768" lon="10.502019"><ele>1765.8</ele><time>2026-07-12T09:23:28Z</time></trkpt>
<trkpt lat="46.540769" lon="10.502013"><ele>1767.0</ele><time>2026-07-12T09:23:28Z</time></trkpt>
<trkpt lat="46.540791" lon="10.501904"><ele>1768.1</ele><time>2026-07-12T09:23:29Z</time></trkpt>
<trkpt lat="46.540813" lon="10.501788"><ele>1769.8</ele><time>2026-07-12T09:23:30Z</time></trkpt>
<trkpt lat="46.540827" lon="10.501698"><ele>1772.2</ele><time>2026-07-12T09:23:31Z</time></trkpt>
<trkpt lat="46.540842" lon="10.501571"><ele>1774.6</ele><time>2026-07-12T09:23:32Z</time></trkpt>
<trkpt lat="46.540848" lon="10.501478"><ele>1777.5</ele><time>2026-07-12T09:23:33Z</time></trkpt>
<trkpt lat="46.540863" lon="10.501333"><ele>1780.1</ele><time>2026-07-12T09:23:34Z</time></trkpt>
<trkpt lat="46.540869" lon="10.501215"><ele>1782.0</ele><time>2026-07-12T09:23:35Z</time></trkpt>
<trkpt lat="46.540873" lon="10.501127"><ele>1783.8</ele><time>2026-07-12T09:23:36Z</time></trkpt>
<trkpt lat="46.540876" lon="10.501093"><ele>1785.0</ele><time>2026-07-12T09:23:36Z</time></trkpt>
<trkpt lat="46.540877" lon="10.501090"><ele>1785.6</ele><time>2026-07-12T09:23:37Z</time></trkpt>
<trkpt lat="46.540877" lon="10.501085"><ele>1786.1</ele><time>2026-07-12T09:23:37Z</time></trkpt>
<trkpt lat="46.540878" lon="10.501081"><ele>1786.1</ele><time>2026-07-12T09:23:37Z</time></trkpt>
<trkpt lat="46.540878" lon="10.501077"><ele>1786.1</ele><time>2026-07-12T09:23:37Z</time></trkpt>
<trkpt lat="46.540879" lon="10.501072"><ele>1786.1</ele><time>2026-07-12T09:23:37Z</time></trkpt>
<trkpt lat="46.540881" lon="10.501067"><ele>1786.1</ele><time>2026-07-12T09:23:37Z</time></trkpt>
<trkpt lat="46.540883" lon="10.501062"><ele>1786.1</ele><time>2026-07-12T09:23:37Z</time></trkpt>
<trkpt lat="46.540885" lon="10.501057"><ele>1786.1</ele><time>2026-07-12T09:23:37Z</time></trkpt>
<trkpt lat="46.540887" lon="10.501051"><ele>1786.7</ele><time>2026-07-12T09:23:37Z</time></trkpt>
<trkpt lat="46.540890" lon="10.501046"><ele>1787.3</ele><time>2026-07-12T09:23:37Z</time></trkpt>
<trkpt lat="46.540893" lon="10.501042"><ele>1787.9</ele><time>2026-07-12T09:23:37Z</time></trkpt>
<trkpt lat="46.540897" lon="10.501037"><ele>1788.5</ele><time>2026-07-12T09:23:37Z</time></trkpt>
<trkpt lat="46.540902" lon="10.501033"><ele>1788.8</ele><time>2026-07-12T09:23:37Z</time></trkpt>
<trkpt lat="46.540907" lon="10.501030"><ele>1789.1</ele><time>2026-07-12T09:23:37Z</time></trkpt>
<trkpt lat="46.540912" lon="10.501028"><ele>1789.3</ele><time>2026-07-12T09:23:37Z</time></trkpt>
<trkpt lat="46.540919" lon="10.501026"><ele>1789.0</ele><time>2026-07-12T09:23:37Z</time></trkpt>
<trkpt lat="46.540926" lon="10.501026"><ele>1788.7</ele><time>2026-07-12T09:23:37Z</time></trkpt>
<trkpt lat="46.540933" lon="10.501027"><ele>1788.4</ele><time>2026-07-12T09:23:37Z</time></trkpt>
<trkpt lat="46.540941" lon="10.501029"><ele>1788.1</ele><time>2026-07-12T09:23:38Z</time></trkpt>
<trkpt lat="46.540948" lon="10.501032"><ele>1787.5</ele><time>2026-07-12T09:23:38Z</time></trkpt>
<trkpt lat="46.540954" lon="10.501036"><ele>1786.9</ele><time>2026-07-12T09:23:38Z</time></trkpt>
<trkpt lat="46.540959" lon="10.501040"><ele>1786.3</ele><time>2026-07-12T09:23:38Z</time></trkpt>
<trkpt lat="46.540963" lon="10.501046"><ele>1785.7</ele><time>2026-07-12T09:23:38Z</time></trkpt>
<trkpt lat="46.540967" lon="10.501052"><ele>1785.1</ele><time>2026-07-12T09:23:38Z</time></trkpt>
<trkpt lat="46.540970" lon="10.501058"><ele>1784.5</ele><time>2026-07-12T09:23:38Z</time></trkpt>
<trkpt lat="46.540973" lon="10.501065"><ele>1783.8</ele><time>2026-07-12T09:23:38Z</time></trkpt>
<trkpt lat="46.540975" lon="10.501072"><ele>1783.8</ele><time>2026-07-12T09:23:38Z</time></trkpt>
<trkpt lat="46.540976" lon="10.501079"><ele>1783.8</ele><time>2026-07-12T09:23:38Z</time></trkpt>
<trkpt lat="46.540977" lon="10.501086"><ele>1783.8</ele><time>2026-07-12T09:23:38Z</time></trkpt>
<trkpt lat="46.540978" lon="10.501093"><ele>1783.8</ele><time>2026-07-12T09:23:38Z</time></trkpt>
<trkpt lat="46.540979" lon="10.501100"><ele>1783.8</ele><time>2026-07-12T09:23:38Z</time></trkpt>
<trkpt lat="46.540979" lon="10.501106"><ele>1783.8</ele><time>2026-07-12T09:23:38Z</time></trkpt>
<trkpt lat="46.540979" lon="10.501111"><ele>1783.8</ele><time>2026-07-12T09:23:38Z</time></trkpt>
<trkpt lat="46.540979" lon="10.501116"><ele>1783.3</ele><time>2026-07-12T09:23:38Z</time></trkpt>
<trkpt lat="46.540979" lon="10.501120"><ele>1782.7</ele><time>2026-07-12T09:23:38Z</time></trkpt>
<trkpt lat="46.540979" lon="10.501124"><ele>1781.4</ele><time>2026-07-12T09:23:38Z</time></trkpt>
<trkpt lat="46.540970" lon="10.501214"><ele>1780.2</ele><time>2026-07-12T09:23:39Z</time></trkpt>
<trkpt lat="46.540958" lon="10.501332"><ele>1778.3</ele><time>2026-07-12T09:23:40Z</time></trkpt>
<trkpt lat="46.540954" lon="10.501414"><ele>1776.4</ele><time>2026-07-12T09:23:41Z</time></trkpt>
<trkpt lat="46.540952" lon="10.501521"><ele>1773.8</ele><time>2026-07-12T09:23:42Z</time></trkpt>
<trkpt lat="46.540957" lon="10.501609"><ele>1771.8</ele><time>2026-07-12T09:23:43Z</time></trkpt>
<trkpt lat="46.540957" lon="10.501709"><ele>1769.5</ele><time>2026-07-12T09:23:44Z</time></trkpt>
<trkpt lat="46.540951" lon="10.501804"><ele>1767.8</ele><time>2026-07-12T09:23:45Z</time></trkpt>
<trkpt lat="46.540936" lon="10.501885"><ele>1765.4</ele><time>2026-07-12T09:23:46Z</time></trkpt>
<trkpt lat="46.540915" lon="10.501969"><ele>1763.7</ele><time>2026-07-12T09:23:46Z</time></trkpt>
<trkpt lat="46.540891" lon="10.502059"><ele>1762.0</ele><time>2026-07-12T09:23:47Z</time></trkpt>
<trkpt lat="46.540866" lon="10.502131"><ele>1761.0</ele><time>2026-07-12T09:23:48Z</time></trkpt>
<trkpt lat="46.540849" lon="10.502188"><ele>1759.9</ele><time>2026-07-12T09:23:49Z</time></trkpt>
<trkpt lat="46.540835" lon="10.502232"><ele>1758.5</ele><time>2026-07-12T09:23:49Z</time></trkpt>
<trkpt lat="46.540833" lon="10.502238"><ele>1757.0</ele><time>2026-07-12T09:23:49Z</time></trkpt>
<trkpt lat="46.540832" lon="10.502241"><ele>1756.2</ele><time>2026-07-12T09:23:49Z</time></trkpt>
<trkpt lat="46.540832" lon="10.502244"><ele>1755.4</ele><time>2026-07-12T09:23:49Z</time></trkpt>
<trkpt lat="46.540831" lon="10.502248"><ele>1754.6</ele><time>2026-07-12T09:23:49Z</time></trkpt>
<trkpt lat="46.540830" lon="10.502253"><ele>1753.8</ele><time>2026-07-12T09:23:49Z</time></trkpt>
<trkpt lat="46.540830" lon="10.502257"><ele>1753.0</ele><time>2026-07-12T09:23:49Z</time></trkpt>
<trkpt lat="46.540830" lon="10.502262"><ele>1753.0</ele><time>2026-07-12T09:23:49Z</time></trkpt>
<trkpt lat="46.540830" lon="10.502268"><ele>1753.0</ele><time>2026-07-12T09:23:49Z</time></trkpt>
<trkpt lat="46.540830" lon="10.502273"><ele>1753.0</ele><time>2026-07-12T09:23:49Z</time></trkpt>
<trkpt lat="46.540831" lon="10.502278"><ele>1753.0</ele><time>2026-07-12T09:23:49Z</time></trkpt>
<trkpt lat="46.540832" lon="10.502283"><ele>1753.0</ele><time>2026-07-12T09:23:49Z</time></trkpt>
<trkpt lat="46.540834" lon="10.502289"><ele>1753.0</ele><time>2026-07-12T09:23:49Z</time></trkpt>
<trkpt lat="46.540837" lon="10.502294"><ele>1753.0</ele><time>2026-07-12T09:23:49Z</time></trkpt>
<trkpt lat="46.540840" lon="10.502298"><ele>1753.0</ele><time>2026-07-12T09:23:49Z</time></trkpt>
<trkpt lat="46.540843" lon="10.502303"><ele>1753.0</ele><time>2026-07-12T09:23:49Z</time></trkpt>
<trkpt lat="46.540848" lon="10.502307"><ele>1753.0</ele><time>2026-07-12T09:23:50Z</time></trkpt>
<trkpt lat="46.540853" lon="10.502311"><ele>1753.0</ele><time>2026-07-12T09:23:50Z</time></trkpt>
<trkpt lat="46.540859" lon="10.502314"><ele>1753.0</ele><time>2026-07-12T09:23:50Z</time></trkpt>
<trkpt lat="46.540864" lon="10.502316"><ele>1753.0</ele><time>2026-07-12T09:23:50Z</time></trkpt>
<trkpt lat="46.540869" lon="10.502317"><ele>1753.0</ele><time>2026-07-12T09:23:50Z</time></trkpt>
<trkpt lat="46.540874" lon="10.502317"><ele>1753.0</ele><time>2026-07-12T09:23:50Z</time></trkpt>
<trkpt lat="46.540879" lon="10.502316"><ele>1753.0</ele><time>2026-07-12T09:23:50Z</time></trkpt>
<trkpt lat="46.540883" lon="10.502314"><ele>1753.0</ele><time>2026-07-12T09:23:50Z</time></trkpt>
<trkpt lat="46.540887" lon="10.502312"><ele>1753.0</ele><time>2026-07-12T09:23:50Z</time></trkpt>
<trkpt lat="46.540891" lon="10.502309"><ele>1753.0</ele><time>2026-07-12T09:23:50Z</time></trkpt>
<trkpt lat="46.540895" lon="10.502306"><ele>1753.0</ele><time>2026-07-12T09:23:50Z</time></trkpt>
<trkpt lat="46.540898" lon="10.502302"><ele>1753.0</ele><time>2026-07-12T09:23:50Z</time></trkpt>
<trkpt lat="46.540901" lon="10.502298"><ele>1753.0</ele><time>2026-07-12T09:23:50Z</time></trkpt>
<trkpt lat="46.540904" lon="10.502293"><ele>1753.0</ele><time>2026-07-12T09:23:50Z</time></trkpt>
<trkpt lat="46.540907" lon="10.502288"><ele>1753.0</ele><time>2026-07-12T09:23:50Z</time></trkpt>
<trkpt lat="46.540910" lon="10.502283"><ele>1752.6</ele><time>2026-07-12T09:23:50Z</time></trkpt>
<trkpt lat="46.540912" lon="10.502278"><ele>1752.3</ele><time>2026-07-12T09:23:50Z</time></trkpt>
<trkpt lat="46.540914" lon="10.502273"><ele>1751.9</ele><time>2026-07-12T09:23:50Z</time></trkpt>
<trkpt lat="46.540916" lon="10.502268"><ele>1751.5</ele><time>2026-07-12T09:23:50Z</time></trkpt>
<trkpt lat="46.540917" lon="10.502263"><ele>1751.9</ele><time>2026-07-12T09:23:50Z</time></trkpt>
<trkpt lat="46.540919" lon="10.502259"><ele>1753.0</ele><time>2026-07-12T09:23:50Z</time></trkpt>
<trkpt lat="46.540920" lon="10.502254"><ele>1754.4</ele><time>2026-07-12T09:23:50Z</time></trkpt>
<trkpt lat="46.540948" lon="10.502145"><ele>1756.9</ele><time>2026-07-12T09:23:51Z</time></trkpt>
<trkpt lat="46.540975" lon="10.502059"><ele>1759.5</ele><time>2026-07-12T09:23:52Z</time></trkpt>
<trkpt lat="46.541060" lon="10.501812"><ele>1762.8</ele><time>2026-07-12T09:23:55Z</time></trkpt>
<trkpt lat="46.541115" lon="10.501666"><ele>1766.4</ele><time>2026-07-12T09:23:56Z</time></trkpt>
<trkpt lat="46.541197" lon="10.501431"><ele>1769.2</ele><time>2026-07-12T09:23:59Z</time></trkpt>
<trkpt lat="46.541242" lon="10.501302"><ele>1771.4</ele><time>2026-07-12T09:24:00Z</time></trkpt>
<trkpt lat="46.541293" lon="10.501140"><ele>1773.2</ele><time>2026-07-12T09:24:02Z</time></trkpt>
<trkpt lat="46.541308" lon="10.501094"><ele>1774.3</ele><time>2026-07-12T09:24:02Z</time></trkpt>
<trkpt lat="46.541309" lon="10.501091"><ele>1775.2</ele><time>2026-07-12T09:24:02Z</time></trkpt>
<trkpt lat="46.541310" lon="10.501087"><ele>1775.5</ele><time>2026-07-12T09:24:02Z</time></trkpt>
<trkpt lat="46.541312" lon="10.501083"><ele>1775.5</ele><time>2026-07-12T09:24:02Z</time></trkpt>
<trkpt lat="46.541314" lon="10.501079"><ele>1775.5</ele><time>2026-07-12T09:24:02Z</time></trkpt>
<trkpt lat="46.541316" lon="10.501075"><ele>1775.5</ele><time>2026-07-12T09:24:02Z</time></trkpt>
<trkpt lat="46.541319" lon="10.501072"><ele>1775.5</ele><time>2026-07-12T09:24:02Z</time></trkpt>
<trkpt lat="46.541321" lon="10.501069"><ele>1775.5</ele><time>2026-07-12T09:24:02Z</time></trkpt>
<trkpt lat="46.541324" lon="10.501066"><ele>1775.5</ele><time>2026-07-12T09:24:02Z</time></trkpt>
<trkpt lat="46.541327" lon="10.501063"><ele>1775.5</ele><time>2026-07-12T09:24:02Z</time></trkpt>
<trkpt lat="46.541330" lon="10.501060"><ele>1775.5</ele><time>2026-07-12T09:24:02Z</time></trkpt>
<trkpt lat="46.541333" lon="10.501058"><ele>1775.5</ele><time>2026-07-12T09:24:03Z</time></trkpt>
<trkpt lat="46.541336" lon="10.501057"><ele>1775.5</ele><time>2026-07-12T09:24:03Z</time></trkpt>
<trkpt lat="46.541340" lon="10.501055"><ele>1775.5</ele><time>2026-07-12T09:24:03Z</time></trkpt>
<trkpt lat="46.541343" lon="10.501055"><ele>1775.5</ele><time>2026-07-12T09:24:03Z</time></trkpt>
<trkpt lat="46.541347" lon="10.501054"><ele>1775.5</ele><time>2026-07-12T09:24:03Z</time></trkpt>
<trkpt lat="46.541351" lon="10.501055"><ele>1775.5</ele><time>2026-07-12T09:24:03Z</time></trkpt>
<trkpt lat="46.541355" lon="10.501056"><ele>1775.5</ele><time>2026-07-12T09:24:03Z</time></trkpt>
<trkpt lat="46.541359" lon="10.501057"><ele>1775.5</ele><time>2026-07-12T09:24:03Z</time></trkpt>
<trkpt lat="46.541364" lon="10.501059"><ele>1775.5</ele><time>2026-07-12T09:24:03Z</time></trkpt>
<trkpt lat="46.541368" lon="10.501062"><ele>1775.5</ele><time>2026-07-12T09:24:03Z</time></trkpt>
<trkpt lat="46.541372" lon="10.501065"><ele>1775.5</ele><time>2026-07-12T09:24:03Z</time></trkpt>
<trkpt lat="46.541376" lon="10.501069"><ele>1775.5</ele><time>2026-07-12T09:24:03Z</time></trkpt>
<trkpt lat="46.541379" lon="10.501074"><ele>1775.5</ele><time>2026-07-12T09:24:03Z</time></trkpt>
<trkpt lat="46.541382" lon="10.501078"><ele>1775.5</ele><time>2026-07-12T09:24:03Z</time></trkpt>
<trkpt lat="46.541384" lon="10.501083"><ele>1775.5</ele><time>2026-07-12T09:24:03Z</time></trkpt>
<trkpt lat="46.541385" lon="10.501088"><ele>1775.5</ele><time>2026-07-12T09:24:03Z</time></trkpt>
<trkpt lat="46.541387" lon="10.501094"><ele>1775.5</ele><time>2026-07-12T09:24:03Z</time></trkpt>
<trkpt lat="46.541387" lon="10.501099"><ele>1775.5</ele><time>2026-07-12T09:24:03Z</time></trkpt>
<trkpt lat="46.541388" lon="10.501104"><ele>1775.5</ele><time>2026-07-12T09:24:03Z</time></trkpt>
<trkpt lat="46.541388" lon="10.501110"><ele>1775.5</ele><time>2026-07-12T09:24:03Z</time></trkpt>
<trkpt lat="46.541388" lon="10.501115"><ele>1775.5</ele><time>2026-07-12T09:24:03Z</time></trkpt>
<trkpt lat="46.541388" lon="10.501119"><ele>1775.5</ele><time>2026-07-12T09:24:03Z</time></trkpt>
<trkpt lat="46.541388" lon="10.501124"><ele>1775.5</ele><time>2026-07-12T09:24:03Z</time></trkpt>
<trkpt lat="46.541387" lon="10.501128"><ele>1775.5</ele><time>2026-07-12T09:24:03Z</time></trkpt>
<trkpt lat="46.541387" lon="10.501132"><ele>1775.5</ele><time>2026-07-12T09:24:03Z</time></trkpt>
<trkpt lat="46.541387" lon="10.501135"><ele>1774.8</ele><time>2026-07-12T09:24:03Z</time></trkpt>
<trkpt lat="46.541386" lon="10.501138"><ele>1774.2</ele><time>2026-07-12T09:24:03Z</time></trkpt>
<trkpt lat="46.541386" lon="10.501140"><ele>1772.9</ele><time>2026-07-12T09:24:03Z</time></trkpt>
<trkpt lat="46.541369" lon="10.501236"><ele>1770.9</ele><time>2026-07-12T09:24:04Z</time></trkpt>
<trkpt lat="46.541341" lon="10.501381"><ele>1769.0</ele><time>2026-07-12T09:24:06Z</time></trkpt>
<trkpt lat="46.541320" lon="10.501485"><ele>1766.8</ele><time>2026-07-12T09:24:07Z</time></trkpt>
<trkpt lat="46.541300" lon="10.501587"><ele>1764.5</ele><time>2026-07-12T09:24:08Z</time></trkpt>
<trkpt lat="46.541284" lon="10.501662"><ele>1762.2</ele><time>2026-07-12T09:24:08Z</time></trkpt>
<trkpt lat="46.541258" lon="10.501757"><ele>1759.8</ele><time>2026-07-12T09:24:09Z</time></trkpt>
<trkpt lat="46.541234" lon="10.501843"><ele>1757.4</ele><time>2026-07-12T09:24:10Z</time></trkpt>
<trkpt lat="46.541205" lon="10.501940"><ele>1755.4</ele><time>2026-07-12T09:24:11Z</time></trkpt>
<trkpt lat="46.541183" lon="10.502037"><ele>1753.3</ele><time>2026-07-12T09:24:12Z</time></trkpt>
<trkpt lat="46.541162" lon="10.502126"><ele>1750.8</ele><time>2026-07-12T09:24:13Z</time></trkpt>
<trkpt lat="46.541136" lon="10.502255"><ele>1747.6</ele><time>2026-07-12T09:24:14Z</time></trkpt>
<trkpt lat="46.541119" lon="10.502368"><ele>1745.2</ele><time>2026-07-12T09:24:15Z</time></trkpt>
<trkpt lat="46.541093" lon="10.502504"><ele>1742.2</ele><time>2026-07-12T09:24:16Z</time></trkpt>
<trkpt lat="46.541070" lon="10.502623"><ele>1739.9</ele><time>2026-07-12T09:24:18Z</time></trkpt>
<trkpt lat="46.541044" lon="10.502728"><ele>1738.0</ele><time>2026-07-12T09:24:19Z</time></trkpt>
<trkpt lat="46.541022" lon="10.502814"><ele>1736.0</ele><time>2026-07-12T09:24:19Z</time></trkpt>
<trkpt lat="46.541000" lon="10.502891"><ele>1734.8</ele><time>2026-07-12T09:24:20Z</time></trkpt>
<trkpt lat="46.540999" lon="10.502894"><ele>1734.3</ele><time>2026-07-12T09:24:20Z</time></trkpt>
<trkpt lat="46.540997" lon="10.502898"><ele>1733.8</ele><time>2026-07-12T09:24:20Z</time></trkpt>
<trkpt lat="46.540996" lon="10.502902"><ele>1733.8</ele><time>2026-07-12T09:24:20Z</time></trkpt>
<trkpt lat="46.540995" lon="10.502907"><ele>1733.8</ele><time>2026-07-12T09:24:20Z</time></trkpt>
<trkpt lat="46.540994" lon="10.502912"><ele>1733.8</ele><time>2026-07-12T09:24:20Z</time></trkpt>
<trkpt lat="46.540993" lon="10.502917"><ele>1733.0</ele><time>2026-07-12T09:24:20Z</time></trkpt>
<trkpt lat="46.540993" lon="10.502923"><ele>1732.2</ele><time>2026-07-12T09:24:20Z</time></trkpt>
<trkpt lat="46.540992" lon="10.502929"><ele>1731.4</ele><time>2026-07-12T09:24:20Z</time></trkpt>
<trkpt lat="46.540992" lon="10.502936"><ele>1730.6</ele><time>2026-07-12T09:24:21Z</time></trkpt>
<trkpt lat="46.540992" lon="10.502942"><ele>1729.8</ele><time>2026-07-12T09:24:21Z</time></trkpt>
<trkpt lat="46.540993" lon="10.502949"><ele>1729.0</ele><time>2026-07-12T09:24:21Z</time></trkpt>
<trkpt lat="46.540995" lon="10.502955"><ele>1728.2</ele><time>2026-07-12T09:24:21Z</time></trkpt>
<trkpt lat="46.540997" lon="10.502962"><ele>1728.2</ele><time>2026-07-12T09:24:21Z</time></trkpt>
<trkpt lat="46.540999" lon="10.502968"><ele>1728.2</ele><time>2026-07-12T09:24:21Z</time></trkpt>
<trkpt lat="46.541003" lon="10.502974"><ele>1728.2</ele><time>2026-07-12T09:24:21Z</time></trkpt>
<trkpt lat="46.541007" lon="10.502980"><ele>1728.2</ele><time>2026-07-12T09:24:21Z</time></trkpt>
<trkpt lat="46.541013" lon="10.502985"><ele>1728.2</ele><time>2026-07-12T09:24:21Z</time></trkpt>
<trkpt lat="46.541019" lon="10.502990"><ele>1727.9</ele><time>2026-07-12T09:24:21Z</time></trkpt>
<trkpt lat="46.541026" lon="10.502994"><ele>1727.6</ele><time>2026-07-12T09:24:21Z</time></trkpt>
<trkpt lat="46.541033" lon="10.502996"><ele>1727.3</ele><time>2026-07-12T09:24:21Z</time></trkpt>
<trkpt lat="46.541039" lon="10.502997"><ele>1726.9</ele><time>2026-07-12T09:24:21Z</time></trkpt>
<trkpt lat="46.541044" lon="10.502996"><ele>1726.6</ele><time>2026-07-12T09:24:21Z</time></trkpt>
<trkpt lat="46.541050" lon="10.502995"><ele>1726.3</ele><time>2026-07-12T09:24:21Z</time></trkpt>
<trkpt lat="46.541055" lon="10.502992"><ele>1726.0</ele><time>2026-07-12T09:24:22Z</time></trkpt>
<trkpt lat="46.541059" lon="10.502989"><ele>1726.0</ele><time>2026-07-12T09:24:22Z</time></trkpt>
<trkpt lat="46.541064" lon="10.502985"><ele>1726.0</ele><time>2026-07-12T09:24:22Z</time></trkpt>
<trkpt lat="46.541068" lon="10.502980"><ele>1726.0</ele><time>2026-07-12T09:24:22Z</time></trkpt>
<trkpt lat="46.541071" lon="10.502976"><ele>1726.0</ele><time>2026-07-12T09:24:22Z</time></trkpt>
<trkpt lat="46.541075" lon="10.502970"><ele>1726.0</ele><time>2026-07-12T09:24:22Z</time></trkpt>
<trkpt lat="46.541077" lon="10.502965"><ele>1726.0</ele><time>2026-07-12T09:24:22Z</time></trkpt>
<trkpt lat="46.541080" lon="10.502960"><ele>1726.0</ele><time>2026-07-12T09:24:22Z</time></trkpt>
<trkpt lat="46.541082" lon="10.502955"><ele>1726.0</ele><time>2026-07-12T09:24:22Z</time></trkpt>
<trkpt lat="46.541084" lon="10.502951"><ele>1726.0</ele><time>2026-07-12T09:24:22Z</time></trkpt>
<trkpt lat="46.541086" lon="10.502947"><ele>1726.8</ele><time>2026-07-12T09:24:22Z</time></trkpt>
<trkpt lat="46.541087" lon="10.502943"><ele>1728.4</ele><time>2026-07-12T09:24:22Z</time></trkpt>
<trkpt lat="46.541088" lon="10.502939"><ele>1730.3</ele><time>2026-07-12T09:24:22Z</time></trkpt>
<trkpt lat="46.541118" lon="10.502806"><ele>1733.0</ele><time>2026-07-12T09:24:23Z</time></trkpt>
<trkpt lat="46.541152" lon="10.502691"><ele>1736.0</ele><time>2026-07-12T09:24:24Z</time></trkpt>
<trkpt lat="46.541212" lon="10.502485"><ele>1739.1</ele><time>2026-07-12T09:24:26Z</time></trkpt>
<trkpt lat="46.541256" lon="10.502313"><ele>1742.8</ele><time>2026-07-12T09:24:28Z</time></trkpt>
<trkpt lat="46.541277" lon="10.502228"><ele>1745.7</ele><time>2026-07-12T09:24:29Z</time></trkpt>
<trkpt lat="46.541295" lon="10.502143"><ele>1747.9</ele><time>2026-07-12T09:24:30Z</time></trkpt>
<trkpt lat="46.541313" lon="10.502050"><ele>1749.6</ele><time>2026-07-12T09:24:31Z</time></trkpt>
<trkpt lat="46.541314" lon="10.502047"><ele>1750.7</ele><time>2026-07-12T09:24:31Z</time></trkpt>
<trkpt lat="46.541316" lon="10.502043"><ele>1751.4</ele><time>2026-07-12T09:24:31Z</time></trkpt>
<trkpt lat="46.541317" lon="10.502040"><ele>1752.1</ele><time>2026-07-12T09:24:31Z</time></trkpt>
<trkpt lat="46.541319" lon="10.502036"><ele>1752.1</ele><time>2026-07-12T09:24:31Z</time></trkpt>
<trkpt lat="46.541321" lon="10.502032"><ele>1752.1</ele><time>2026-07-12T09:24:31Z</time></trkpt>
<trkpt lat="46.541323" lon="10.502029"><ele>1752.1</ele><time>2026-07-12T09:24:31Z</time></trkpt>
<trkpt lat="46.541326" lon="10.502025"><ele>1752.1</ele><time>2026-07-12T09:24:31Z</time></trkpt>
<trkpt lat="46.541329" lon="10.502021"><ele>1752.1</ele><time>2026-07-12T09:24:31Z</time></trkpt>
<trkpt lat="46.541332" lon="10.502018"><ele>1752.1</ele><time>2026-07-12T09:24:31Z</time></trkpt>
<trkpt lat="46.541335" lon="10.502014"><ele>1752.1</ele><time>2026-07-12T09:24:31Z</time></trkpt>
<trkpt lat="46.541339" lon="10.502012"><ele>1752.1</ele><time>2026-07-12T09:24:31Z</time></trkpt>
<trkpt lat="46.541344" lon="10.502009"><ele>1752.1</ele><time>2026-07-12T09:24:31Z</time></trkpt>
<trkpt lat="46.541348" lon="10.502007"><ele>1752.1</ele><time>2026-07-12T09:24:31Z</time></trkpt>
<trkpt lat="46.541353" lon="10.502006"><ele>1752.1</ele><time>2026-07-12T09:24:31Z</time></trkpt>
<trkpt lat="46.541359" lon="10.502006"><ele>1752.1</ele><time>2026-07-12T09:24:31Z</time></trkpt>
<trkpt lat="46.541365" lon="10.502006"><ele>1752.1</ele><time>2026-07-12T09:24:31Z</time></trkpt>
<trkpt lat="46.541371" lon="10.502007"><ele>1752.1</ele><time>2026-07-12T09:24:31Z</time></trkpt>
<trkpt lat="46.541377" lon="10.502009"><ele>1751.8</ele><time>2026-07-12T09:24:31Z</time></trkpt>
<trkpt lat="46.541383" lon="10.502012"><ele>1751.5</ele><time>2026-07-12T09:24:31Z</time></trkpt>
<trkpt lat="46.541388" lon="10.502016"><ele>1751.2</ele><time>2026-07-12T09:24:31Z</time></trkpt>
<trkpt lat="46.541392" lon="10.502021"><ele>1750.8</ele><time>2026-07-12T09:24:32Z</time></trkpt>
<trkpt lat="46.541396" lon="10.502026"><ele>1750.5</ele><time>2026-07-12T09:24:32Z</time></trkpt>
<trkpt lat="46.541399" lon="10.502032"><ele>1750.2</ele><time>2026-07-12T09:24:32Z</time></trkpt>
<trkpt lat="46.541402" lon="10.502039"><ele>1749.9</ele><time>2026-07-12T09:24:32Z</time></trkpt>
<trkpt lat="46.541404" lon="10.502045"><ele>1749.9</ele><time>2026-07-12T09:24:32Z</time></trkpt>
<trkpt lat="46.541405" lon="10.502052"><ele>1749.2</ele><time>2026-07-12T09:24:32Z</time></trkpt>
<trkpt lat="46.541407" lon="10.502060"><ele>1748.6</ele><time>2026-07-12T09:24:32Z</time></trkpt>
<trkpt lat="46.541408" lon="10.502067"><ele>1747.9</ele><time>2026-07-12T09:24:32Z</time></trkpt>
<trkpt lat="46.541408" lon="10.502074"><ele>1747.2</ele><time>2026-07-12T09:24:32Z</time></trkpt>
<trkpt lat="46.541409" lon="10.502082"><ele>1746.6</ele><time>2026-07-12T09:24:32Z</time></trkpt>
<trkpt lat="46.541409" lon="10.502089"><ele>1745.9</ele><time>2026-07-12T09:24:32Z</time></trkpt>
<trkpt lat="46.541408" lon="10.502096"><ele>1745.2</ele><time>2026-07-12T09:24:32Z</time></trkpt>
<trkpt lat="46.541408" lon="10.502102"><ele>1745.2</ele><time>2026-07-12T09:24:32Z</time></trkpt>
<trkpt lat="46.541408" lon="10.502109"><ele>1745.2</ele><time>2026-07-12T09:24:32Z</time></trkpt>
<trkpt lat="46.541407" lon="10.502114"><ele>1745.5</ele><time>2026-07-12T09:24:32Z</time></trkpt>
<trkpt lat="46.541406" lon="10.502119"><ele>1745.1</ele><time>2026-07-12T09:24:32Z</time></trkpt>
<trkpt lat="46.541405" lon="10.502124"><ele>1743.9</ele><time>2026-07-12T09:24:32Z</time></trkpt>
<trkpt lat="46.541384" lon="10.502218"><ele>1742.8</ele><time>2026-07-12T09:24:33Z</time></trkpt>
<trkpt lat="46.541349" lon="10.502363"><ele>1741.0</ele><time>2026-07-12T09:24:35Z</time></trkpt>
<trkpt lat="46.541324" lon="10.502468"><ele>1738.3</ele><time>2026-07-12T09:24:36Z</time></trkpt>
<trkpt lat="46.541304" lon="10.502577"><ele>1735.0</ele><time>2026-07-12T09:24:37Z</time></trkpt>
<trkpt lat="46.541288" lon="10.502690"><ele>1731.6</ele><time>2026-07-12T09:24:38Z</time></trkpt>
<trkpt lat="46.541278" lon="10.502798"><ele>1728.1</ele><time>2026-07-12T09:24:39Z</time></trkpt>
<trkpt lat="46.541271" lon="10.502930"><ele>1725.3</ele><time>2026-07-12T09:24:40Z</time></trkpt>
<trkpt lat="46.541267" lon="10.503026"><ele>1722.6</ele><time>2026-07-12T09:24:41Z</time></trkpt>
<trkpt lat="46.541265" lon="10.503102"><ele>1720.5</ele><time>2026-07-12T09:24:42Z</time></trkpt>
<trkpt lat="46.541248" lon="10.503163"><ele>1719.5</ele><time>2026-07-12T09:24:42Z</time></trkpt>
<trkpt lat="46.541215" lon="10.503212"><ele>1719.3</ele><time>2026-07-12T09:24:43Z</time></trkpt>
<trkpt lat="46.541184" lon="10.503235"><ele>1718.8</ele><time>2026-07-12T09:24:43Z</time></trkpt>
<trkpt lat="46.541149" lon="10.503242"><ele>1719.3</ele><time>2026-07-12T09:24:44Z</time></trkpt>
<trkpt lat="46.541109" lon="10.503250"><ele>1719.9</ele><time>2026-07-12T09:24:44Z</time></trkpt>
<trkpt lat="46.541042" lon="10.503242"><ele>1720.8</ele><time>2026-07-12T09:24:45Z</time></trkpt>
<trkpt lat="46.541003" lon="10.503223"><ele>1722.6</ele><time>2026-07-12T09:24:46Z</time></trkpt>
<trkpt lat="46.540965" lon="10.503197"><ele>1724.3</ele><time>2026-07-12T09:24:46Z</time></trkpt>
<trkpt lat="46.540895" lon="10.503136"><ele>1726.1</ele><time>2026-07-12T09:24:47Z</time></trkpt>
<trkpt lat="46.540848" lon="10.503088"><ele>1728.1</ele><time>2026-07-12T09:24:48Z</time></trkpt>
<trkpt lat="46.540778" lon="10.503038"><ele>1729.9</ele><time>2026-07-12T09:24:49Z</time></trkpt>
<trkpt lat="46.540697" lon="10.502999"><ele>1732.6</ele><time>2026-07-12T09:24:50Z</time></trkpt>
<trkpt lat="46.540618" lon="10.502965"><ele>1735.1</ele><time>2026-07-12T09:24:51Z</time></trkpt>
<trkpt lat="46.540548" lon="10.502938"><ele>1736.7</ele><time>2026-07-12T09:24:52Z</time></trkpt>
<trkpt lat="46.540480" lon="10.502918"><ele>1738.0</ele><time>2026-07-12T09:24:53Z</time></trkpt>
<trkpt lat="46.540409" lon="10.502894"><ele>1739.4</ele><time>2026-07-12T09:24:54Z</time></trkpt>
<trkpt lat="46.540355" lon="10.502877"><ele>1740.5</ele><time>2026-07-12T09:24:55Z</time></trkpt>
<trkpt lat="46.540352" lon="10.502876"><ele>1741.4</ele><time>2026-07-12T09:24:55Z</time></trkpt>
<trkpt lat="46.540349" lon="10.502876"><ele>1741.5</ele><time>2026-07-12T09:24:55Z</time></trkpt>
<trkpt lat="46.540346" lon="10.502875"><ele>1741.5</ele><time>2026-07-12T09:24:55Z</time></trkpt>
<trkpt lat="46.540342" lon="10.502875"><ele>1741.5</ele><time>2026-07-12T09:24:55Z</time></trkpt>
<trkpt lat="46.540338" lon="10.502875"><ele>1741.6</ele><time>2026-07-12T09:24:55Z</time></trkpt>
<trkpt lat="46.540334" lon="10.502876"><ele>1741.7</ele><time>2026-07-12T09:24:55Z</time></trkpt>
<trkpt lat="46.540329" lon="10.502877"><ele>1741.8</ele><time>2026-07-12T09:24:55Z</time></trkpt>
<trkpt lat="46.540324" lon="10.502878"><ele>1741.9</ele><time>2026-07-12T09:24:55Z</time></trkpt>
<trkpt lat="46.540319" lon="10.502880"><ele>1741.9</ele><time>2026-07-12T09:24:55Z</time></trkpt>
<trkpt lat="46.540314" lon="10.502882"><ele>1742.0</ele><time>2026-07-12T09:24:55Z</time></trkpt>
<trkpt lat="46.540309" lon="10.502885"><ele>1742.1</ele><time>2026-07-12T09:24:56Z</time></trkpt>
<trkpt lat="46.540304" lon="10.502889"><ele>1742.1</ele><time>2026-07-12T09:24:56Z</time></trkpt>
<trkpt lat="46.540300" lon="10.502894"><ele>1742.1</ele><time>2026-07-12T09:24:56Z</time></trkpt>
<trkpt lat="46.540296" lon="10.502900"><ele>1742.1</ele><time>2026-07-12T09:24:56Z</time></trkpt>
<trkpt lat="46.540292" lon="10.502906"><ele>1741.3</ele><time>2026-07-12T09:24:56Z</time></trkpt>
<trkpt lat="46.540289" lon="10.502914"><ele>1740.5</ele><time>2026-07-12T09:24:56Z</time></trkpt>
<trkpt lat="46.540286" lon="10.502923"><ele>1739.7</ele><time>2026-07-12T09:24:56Z</time></trkpt>
<trkpt lat="46.540284" lon="10.502933"><ele>1738.8</ele><time>2026-07-12T09:24:56Z</time></trkpt>
<trkpt lat="46.540283" lon="10.502944"><ele>1738.0</ele><time>2026-07-12T09:24:56Z</time></trkpt>
<trkpt lat="46.540283" lon="10.502953"><ele>1737.2</ele><time>2026-07-12T09:24:56Z</time></trkpt>
<trkpt lat="46.540284" lon="10.502962"><ele>1736.4</ele><time>2026-07-12T09:24:56Z</time></trkpt>
<trkpt lat="46.540285" lon="10.502970"><ele>1736.4</ele><time>2026-07-12T09:24:56Z</time></trkpt>
<trkpt lat="46.540288" lon="10.502978"><ele>1736.4</ele><time>2026-07-12T09:24:56Z</time></trkpt>
<trkpt lat="46.540291" lon="10.502985"><ele>1736.4</ele><time>2026-07-12T09:24:56Z</time></trkpt>
<trkpt lat="46.540294" lon="10.502991"><ele>1736.4</ele><time>2026-07-12T09:24:56Z</time></trkpt>
<trkpt lat="46.540298" lon="10.502997"><ele>1736.4</ele><time>2026-07-12T09:24:56Z</time></trkpt>
<trkpt lat="46.540302" lon="10.503002"><ele>1736.4</ele><time>2026-07-12T09:24:57Z</time></trkpt>
<trkpt lat="46.540306" lon="10.503006"><ele>1736.4</ele><time>2026-07-12T09:24:57Z</time></trkpt>
<trkpt lat="46.540311" lon="10.503010"><ele>1736.4</ele><time>2026-07-12T09:24:57Z</time></trkpt>
<trkpt lat="46.540315" lon="10.503013"><ele>1736.3</ele><time>2026-07-12T09:24:57Z</time></trkpt>
<trkpt lat="46.540319" lon="10.503016"><ele>1736.2</ele><time>2026-07-12T09:24:57Z</time></trkpt>
<trkpt lat="46.540323" lon="10.503019"><ele>1736.1</ele><time>2026-07-12T09:24:57Z</time></trkpt>
<trkpt lat="46.540327" lon="10.503021"><ele>1736.0</ele><time>2026-07-12T09:24:57Z</time></trkpt>
<trkpt lat="46.540330" lon="10.503022"><ele>1735.9</ele><time>2026-07-12T09:24:57Z</time></trkpt>
<trkpt lat="46.540333" lon="10.503024"><ele>1735.7</ele><time>2026-07-12T09:24:57Z</time></trkpt>
<trkpt lat="46.540336" lon="10.503025"><ele>1734.4</ele><time>2026-07-12T09:24:57Z</time></trkpt>
<trkpt lat="46.540399" lon="10.503045"><ele>1733.2</ele><time>2026-07-12T09:24:58Z</time></trkpt>
<trkpt lat="46.540498" lon="10.503077"><ele>1731.8</ele><time>2026-07-12T09:24:59Z</time></trkpt>
<trkpt lat="46.540569" lon="10.503107"><ele>1730.4</ele><time>2026-07-12T09:25:00Z</time></trkpt>
<trkpt lat="46.540633" lon="10.503136"><ele>1727.8</ele><time>2026-07-12T09:25:01Z</time></trkpt>
<trkpt lat="46.540713" lon="10.503200"><ele>1725.3</ele><time>2026-07-12T09:25:02Z</time></trkpt>
<trkpt lat="46.540764" lon="10.503252"><ele>1721.9</ele><time>2026-07-12T09:25:03Z</time></trkpt>
<trkpt lat="46.540812" lon="10.503318"><ele>1719.4</ele><time>2026-07-12T09:25:04Z</time></trkpt>
<trkpt lat="46.540861" lon="10.503398"><ele>1717.0</ele><time>2026-07-12T09:25:05Z</time></trkpt>
<trkpt lat="46.540899" lon="10.503453"><ele>1714.4</ele><time>2026-07-12T09:25:06Z</time></trkpt>
<trkpt lat="46.540945" lon="10.503490"><ele>1711.8</ele><time>2026-07-12T09:25:06Z</time></trkpt>
<trkpt lat="46.540981" lon="10.503512"><ele>1710.2</ele><time>2026-07-12T09:25:07Z</time></trkpt>
<trkpt lat="46.541034" lon="10.503525"><ele>1708.5</ele><time>2026-07-12T09:25:08Z</time></trkpt>
<trkpt lat="46.541114" lon="10.503536"><ele>1707.5</ele><time>2026-07-12T09:25:09Z</time></trkpt>
<trkpt lat="46.541170" lon="10.503542"><ele>1706.7</ele><time>2026-07-12T09:25:09Z</time></trkpt>
<trkpt lat="46.541230" lon="10.503541"><ele>1706.3</ele><time>2026-07-12T09:25:10Z</time></trkpt>
<trkpt lat="46.541303" lon="10.503524"><ele>1706.2</ele><time>2026-07-12T09:25:11Z</time></trkpt>
<trkpt lat="46.541376" lon="10.503491"><ele>1706.1</ele><time>2026-07-12T09:25:11Z</time></trkpt>
<trkpt lat="46.541508" lon="10.503409"><ele>1706.2</ele><time>2026-07-12T09:25:12Z</time></trkpt>
<trkpt lat="46.541554" lon="10.503386"><ele>1706.2</ele><time>2026-07-12T09:25:13Z</time></trkpt>
<trkpt lat="46.541578" lon="10.503366"><ele>1707.2</ele><time>2026-07-12T09:25:13Z</time></trkpt>
<trkpt lat="46.541605" lon="10.503322"><ele>1708.2</ele><time>2026-07-12T09:25:13Z</time></trkpt>
<trkpt lat="46.541629" lon="10.503278"><ele>1708.9</ele><time>2026-07-12T09:25:14Z</time></trkpt>
<trkpt lat="46.541650" lon="10.503227"><ele>1710.2</ele><time>2026-07-12T09:25:14Z</time></trkpt>
<trkpt lat="46.541684" lon="10.503168"><ele>1711.5</ele><time>2026-07-12T09:25:15Z</time></trkpt>
<trkpt lat="46.541718" lon="10.503124"><ele>1712.8</ele><time>2026-07-12T09:25:16Z</time></trkpt>
<trkpt lat="46.541756" lon="10.503088"><ele>1714.2</ele><time>2026-07-12T09:25:16Z</time></trkpt>
<trkpt lat="46.541787" lon="10.503070"><ele>1714.9</ele><time>2026-07-12T09:25:17Z</time></trkpt>
<trkpt lat="46.541835" lon="10.503046"><ele>1715.6</ele><time>2026-07-12T09:25:18Z</time></trkpt>
<trkpt lat="46.541884" lon="10.503038"><ele>1716.4</ele><time>2026-07-12T09:25:18Z</time></trkpt>
<trkpt lat="46.541907" lon="10.503033"><ele>1716.5</ele><time>2026-07-12T09:25:18Z</time></trkpt>
<trkpt lat="46.541944" lon="10.503030"><ele>1716.8</ele><time>2026-07-12T09:25:19Z</time></trkpt>
<trkpt lat="46.541985" lon="10.503029"><ele>1717.1</ele><time>2026-07-12T09:25:19Z</time></trkpt>
<trkpt lat="46.542039" lon="10.503028"><ele>1717.5</ele><time>2026-07-12T09:25:20Z</time></trkpt>
<trkpt lat="46.542153" lon="10.503033"><ele>1717.9</ele><time>2026-07-12T09:25:21Z</time></trkpt>
<trkpt lat="46.542212" lon="10.503033"><ele>1718.4</ele><time>2026-07-12T09:25:22Z</time></trkpt>
<trkpt lat="46.542279" lon="10.503040"><ele>1718.9</ele><time>2026-07-12T09:25:23Z</time></trkpt>
<trkpt lat="46.542315" lon="10.503050"><ele>1718.6</ele><time>2026-07-12T09:25:23Z</time></trkpt>
<trkpt lat="46.542346" lon="10.503069"><ele>1718.1</ele><time>2026-07-12T09:25:23Z</time></trkpt>
<trkpt lat="46.542372" lon="10.503093"><ele>1717.8</ele><time>2026-07-12T09:25:24Z</time></trkpt>
<trkpt lat="46.542403" lon="10.503132"><ele>1716.5</ele><time>2026-07-12T09:25:24Z</time></trkpt>
<trkpt lat="46.542432" lon="10.503172"><ele>1715.2</ele><time>2026-07-12T09:25:25Z</time></trkpt>
<trkpt lat="46.542455" lon="10.503227"><ele>1713.0</ele><time>2026-07-12T09:25:26Z</time></trkpt>
<trkpt lat="46.542484" lon="10.503309"><ele>1710.8</ele><time>2026-07-12T09:25:26Z</time></trkpt>
<trkpt lat="46.542514" lon="10.503386"><ele>1709.5</ele><time>2026-07-12T09:25:27Z</time></trkpt>
<trkpt lat="46.542551" lon="10.503475"><ele>1707.2</ele><time>2026-07-12T09:25:28Z</time></trkpt>
<trkpt lat="46.542580" lon="10.503535"><ele>1704.8</ele><time>2026-07-12T09:25:29Z</time></trkpt>
<trkpt lat="46.542610" lon="10.503580"><ele>1703.2</ele><time>2026-07-12T09:25:29Z</time></trkpt>
<trkpt lat="46.542648" lon="10.503622"><ele>1701.6</ele><time>2026-07-12T09:25:30Z</time></trkpt>
<trkpt lat="46.542682" lon="10.503653"><ele>1700.8</ele><time>2026-07-12T09:25:31Z</time></trkpt>
<trkpt lat="46.542728" lon="10.503682"><ele>1700.0</ele><time>2026-07-12T09:25:31Z</time></trkpt>
<trkpt lat="46.542777" lon="10.503706"><ele>1698.3</ele><time>2026-07-12T09:25:32Z</time></trkpt>
<trkpt lat="46.542832" lon="10.503738"><ele>1697.4</ele><time>2026-07-12T09:25:33Z</time></trkpt>
<trkpt lat="46.542891" lon="10.503785"><ele>1696.5</ele><time>2026-07-12T09:25:34Z</time></trkpt>
<trkpt lat="46.542945" lon="10.503836"><ele>1694.6</ele><time>2026-07-12T09:25:34Z</time></trkpt>
<trkpt lat="46.542989" lon="10.503888"><ele>1692.8</ele><time>2026-07-12T09:25:35Z</time></trkpt>
<trkpt lat="46.543039" lon="10.503947"><ele>1691.0</ele><time>2026-07-12T09:25:36Z</time></trkpt>
<trkpt lat="46.543087" lon="10.503991"><ele>1689.2</ele><time>2026-07-12T09:25:37Z</time></trkpt>
<trkpt lat="46.543135" lon="10.504024"><ele>1688.6</ele><time>2026-07-12T09:25:38Z</time></trkpt>
<trkpt lat="46.543191" lon="10.504061"><ele>1686.9</ele><time>2026-07-12T09:25:38Z</time></trkpt>
<trkpt lat="46.543247" lon="10.504093"><ele>1685.4</ele><time>2026-07-12T09:25:39Z</time></trkpt>
<trkpt lat="46.543313" lon="10.504125"><ele>1685.1</ele><time>2026-07-12T09:25:40Z</time></trkpt>
<trkpt lat="46.543389" lon="10.504158"><ele>1684.8</ele><time>2026-07-12T09:25:41Z</time></trkpt>
<trkpt lat="46.543498" lon="10.504215"><ele>1683.6</ele><time>2026-07-12T09:25:42Z</time></trkpt>
<trkpt lat="46.543562" lon="10.504246"><ele>1682.4</ele><time>2026-07-12T09:25:43Z</time></trkpt>
<trkpt lat="46.543604" lon="10.504278"><ele>1681.2</ele><time>2026-07-12T09:25:44Z</time></trkpt>
<trkpt lat="46.543652" lon="10.504320"><ele>1681.2</ele><time>2026-07-12T09:25:44Z</time></trkpt>
<trkpt lat="46.543707" lon="10.504371"><ele>1680.9</ele><time>2026-07-12T09:25:45Z</time></trkpt>
<trkpt lat="46.543751" lon="10.504411"><ele>1680.3</ele><time>2026-07-12T09:25:45Z</time></trkpt>
<trkpt lat="46.543796" lon="10.504438"><ele>1680.1</ele><time>2026-07-12T09:25:46Z</time></trkpt>
<trkpt lat="46.543831" lon="10.504453"><ele>1679.9</ele><time>2026-07-12T09:25:46Z</time></trkpt>
<trkpt lat="46.543863" lon="10.504455"><ele>1679.6</ele><time>2026-07-12T09:25:47Z</time></trkpt>
<trkpt lat="46.543949" lon="10.504466"><ele>1679.5</ele><time>2026-07-12T09:25:47Z</time></trkpt>
<trkpt lat="46.544011" lon="10.504475"><ele>1679.4</ele><time>2026-07-12T09:25:48Z</time></trkpt>
<trkpt lat="46.544079" lon="10.504496"><ele>1679.3</ele><time>2026-07-12T09:25:48Z</time></trkpt>
<trkpt lat="46.544129" lon="10.504528"><ele>1678.5</ele><time>2026-07-12T09:25:49Z</time></trkpt>
<trkpt lat="46.544173" lon="10.504571"><ele>1677.3</ele><time>2026-07-12T09:25:50Z</time></trkpt>
<trkpt lat="46.544217" lon="10.504628"><ele>1677.3</ele><time>2026-07-12T09:25:50Z</time></trkpt>
<trkpt lat="46.544261" lon="10.504682"><ele>1676.1</ele><time>2026-07-12T09:25:51Z</time></trkpt>
<trkpt lat="46.544316" lon="10.504763"><ele>1674.4</ele><time>2026-07-12T09:25:52Z</time></trkpt>
<trkpt lat="46.544351" lon="10.504810"><ele>1672.8</ele><time>2026-07-12T09:25:53Z</time></trkpt>
<trkpt lat="46.544391" lon="10.504854"><ele>1671.6</ele><time>2026-07-12T09:25:53Z</time></trkpt>
<trkpt lat="46.544423" lon="10.504881"><ele>1671.0</ele><time>2026-07-12T09:25:54Z</time></trkpt>
<trkpt lat="46.544448" lon="10.504891"><ele>1671.0</ele><time>2026-07-12T09:25:54Z</time></trkpt>
<trkpt lat="46.544496" lon="10.504900"><ele>1670.8</ele><time>2026-07-12T09:25:54Z</time></trkpt>
<trkpt lat="46.544552" lon="10.504902"><ele>1672.2</ele><time>2026-07-12T09:25:55Z</time></trkpt>
<trkpt lat="46.544765" lon="10.504893"><ele>1673.5</ele><time>2026-07-12T09:25:57Z</time></trkpt>
<trkpt lat="46.544885" lon="10.504884"><ele>1675.1</ele><time>2026-07-12T09:25:59Z</time></trkpt>
<trkpt lat="46.544948" lon="10.504880"><ele>1676.4</ele><time>2026-07-12T09:26:00Z</time></trkpt>
<trkpt lat="46.545033" lon="10.504875"><ele>1677.7</ele><time>2026-07-12T09:26:01Z</time></trkpt>
<trkpt lat="46.545088" lon="10.504869"><ele>1678.5</ele><time>2026-07-12T09:26:01Z</time></trkpt>
<trkpt lat="46.545092" lon="10.504869"><ele>1679.1</ele><time>2026-07-12T09:26:02Z</time></trkpt>
<trkpt lat="46.545095" lon="10.504869"><ele>1679.4</ele><time>2026-07-12T09:26:02Z</time></trkpt>
<trkpt lat="46.545098" lon="10.504869"><ele>1679.6</ele><time>2026-07-12T09:26:02Z</time></trkpt>
<trkpt lat="46.545100" lon="10.504870"><ele>1679.6</ele><time>2026-07-12T09:26:02Z</time></trkpt>
<trkpt lat="46.545103" lon="10.504871"><ele>1679.6</ele><time>2026-07-12T09:26:02Z</time></trkpt>
<trkpt lat="46.545106" lon="10.504872"><ele>1679.6</ele><time>2026-07-12T09:26:02Z</time></trkpt>
<trkpt lat="46.545109" lon="10.504874"><ele>1679.6</ele><time>2026-07-12T09:26:02Z</time></trkpt>
<trkpt lat="46.545112" lon="10.504876"><ele>1679.6</ele><time>2026-07-12T09:26:02Z</time></trkpt>
<trkpt lat="46.545115" lon="10.504878"><ele>1679.6</ele><time>2026-07-12T09:26:02Z</time></trkpt>
<trkpt lat="46.545118" lon="10.504881"><ele>1679.6</ele><time>2026-07-12T09:26:02Z</time></trkpt>
<trkpt lat="46.545120" lon="10.504885"><ele>1679.6</ele><time>2026-07-12T09:26:02Z</time></trkpt>
<trkpt lat="46.545123" lon="10.504889"><ele>1679.6</ele><time>2026-07-12T09:26:02Z</time></trkpt>
<trkpt lat="46.545125" lon="10.504893"><ele>1679.6</ele><time>2026-07-12T09:26:02Z</time></trkpt>
<trkpt lat="46.545127" lon="10.504899"><ele>1679.6</ele><time>2026-07-12T09:26:02Z</time></trkpt>
<trkpt lat="46.545129" lon="10.504905"><ele>1679.6</ele><time>2026-07-12T09:26:02Z</time></trkpt>
<trkpt lat="46.545130" lon="10.504912"><ele>1679.6</ele><time>2026-07-12T09:26:02Z</time></trkpt>
<trkpt lat="46.545131" lon="10.504919"><ele>1679.6</ele><time>2026-07-12T09:26:02Z</time></trkpt>
<trkpt lat="46.545131" lon="10.504926"><ele>1679.6</ele><time>2026-07-12T09:26:02Z</time></trkpt>
<trkpt lat="46.545131" lon="10.504932"><ele>1679.6</ele><time>2026-07-12T09:26:02Z</time></trkpt>
<trkpt lat="46.545131" lon="10.504938"><ele>1679.6</ele><time>2026-07-12T09:26:02Z</time></trkpt>
<trkpt lat="46.545130" lon="10.504944"><ele>1679.6</ele><time>2026-07-12T09:26:02Z</time></trkpt>
<trkpt lat="46.545128" lon="10.504949"><ele>1679.6</ele><time>2026-07-12T09:26:02Z</time></trkpt>
<trkpt lat="46.545127" lon="10.504954"><ele>1679.6</ele><time>2026-07-12T09:26:02Z</time></trkpt>
<trkpt lat="46.545125" lon="10.504958"><ele>1679.6</ele><time>2026-07-12T09:26:02Z</time></trkpt>
<trkpt lat="46.545122" lon="10.504962"><ele>1679.6</ele><time>2026-07-12T09:26:02Z</time></trkpt>
<trkpt lat="46.545120" lon="10.504966"><ele>1679.6</ele><time>2026-07-12T09:26:02Z</time></trkpt>
<trkpt lat="46.545117" lon="10.504969"><ele>1679.6</ele><time>2026-07-12T09:26:02Z</time></trkpt>
<trkpt lat="46.545114" lon="10.504972"><ele>1679.6</ele><time>2026-07-12T09:26:02Z</time></trkpt>
<trkpt lat="46.545111" lon="10.504975"><ele>1679.6</ele><time>2026-07-12T09:26:02Z</time></trkpt>
<trkpt lat="46.545108" lon="10.504978"><ele>1679.6</ele><time>2026-07-12T09:26:02Z</time></trkpt>
<trkpt lat="46.545104" lon="10.504980"><ele>1679.6</ele><time>2026-07-12T09:26:02Z</time></trkpt>
<trkpt lat="46.545101" lon="10.504982"><ele>1679.6</ele><time>2026-07-12T09:26:02Z</time></trkpt>
<trkpt lat="46.545097" lon="10.504983"><ele>1679.6</ele><time>2026-07-12T09:26:02Z</time></trkpt>
<trkpt lat="46.545094" lon="10.504985"><ele>1677.7</ele><time>2026-07-12T09:26:02Z</time></trkpt>
<trkpt lat="46.545090" lon="10.504986"><ele>1675.5</ele><time>2026-07-12T09:26:03Z</time></trkpt>
<trkpt lat="46.545087" lon="10.504986"><ele>1673.2</ele><time>2026-07-12T09:26:03Z</time></trkpt>
<trkpt lat="46.544939" lon="10.505017"><ele>1670.6</ele><time>2026-07-12T09:26:05Z</time></trkpt>
<trkpt lat="46.544822" lon="10.505040"><ele>1668.1</ele><time>2026-07-12T09:26:06Z</time></trkpt>
<trkpt lat="46.544739" lon="10.505067"><ele>1665.3</ele><time>2026-07-12T09:26:07Z</time></trkpt>
<trkpt lat="46.544678" lon="10.505084"><ele>1662.6</ele><time>2026-07-12T09:26:08Z</time></trkpt>
<trkpt lat="46.544604" lon="10.505109"><ele>1661.6</ele><time>2026-07-12T09:26:09Z</time></trkpt>
<trkpt lat="46.544538" lon="10.505125"><ele>1660.8</ele><time>2026-07-12T09:26:10Z</time></trkpt>
<trkpt lat="46.544473" lon="10.505138"><ele>1659.9</ele><time>2026-07-12T09:26:11Z</time></trkpt>
<trkpt lat="46.544405" lon="10.505135"><ele>1659.0</ele><time>2026-07-12T09:26:12Z</time></trkpt>
<trkpt lat="46.544363" lon="10.505122"><ele>1658.1</ele><time>2026-07-12T09:26:12Z</time></trkpt>
<trkpt lat="46.544295" lon="10.505088"><ele>1658.3</ele><time>2026-07-12T09:26:13Z</time></trkpt>
<trkpt lat="46.544194" lon="10.505029"><ele>1658.5</ele><time>2026-07-12T09:26:14Z</time></trkpt>
<trkpt lat="46.544132" lon="10.504994"><ele>1658.7</ele><time>2026-07-12T09:26:14Z</time></trkpt>
<trkpt lat="46.544067" lon="10.504962"><ele>1658.9</ele><time>2026-07-12T09:26:15Z</time></trkpt>
<trkpt lat="46.544016" lon="10.504941"><ele>1659.3</ele><time>2026-07-12T09:26:15Z</time></trkpt>
<trkpt lat="46.543977" lon="10.504938"><ele>1659.7</ele><time>2026-07-12T09:26:16Z</time></trkpt>
<trkpt lat="46.543943" lon="10.504939"><ele>1660.1</ele><time>2026-07-12T09:26:16Z</time></trkpt>
<trkpt lat="46.543892" lon="10.504942"><ele>1659.3</ele><time>2026-07-12T09:26:17Z</time></trkpt>
<trkpt lat="46.543838" lon="10.504953"><ele>1658.6</ele><time>2026-07-12T09:26:18Z</time></trkpt>
<trkpt lat="46.543789" lon="10.504955"><ele>1658.0</ele><time>2026-07-12T09:26:18Z</time></trkpt>
<trkpt lat="46.543733" lon="10.504947"><ele>1657.1</ele><time>2026-07-12T09:26:19Z</time></trkpt>
<trkpt lat="46.543685" lon="10.504936"><ele>1656.2</ele><time>2026-07-12T09:26:20Z</time></trkpt>
<trkpt lat="46.543588" lon="10.504900"><ele>1656.4</ele><time>2026-07-12T09:26:21Z</time></trkpt>
<trkpt lat="46.543480" lon="10.504865"><ele>1656.5</ele><time>2026-07-12T09:26:21Z</time></trkpt>
<trkpt lat="46.543365" lon="10.504827"><ele>1656.8</ele><time>2026-07-12T09:26:22Z</time></trkpt>
<trkpt lat="46.543316" lon="10.504808"><ele>1657.1</ele><time>2026-07-12T09:26:23Z</time></trkpt>
<trkpt lat="46.543262" lon="10.504785"><ele>1657.6</ele><time>2026-07-12T09:26:23Z</time></trkpt>
<trkpt lat="46.543204" lon="10.504761"><ele>1658.3</ele><time>2026-07-12T09:26:24Z</time></trkpt>
<trkpt lat="46.543200" lon="10.504760"><ele>1659.1</ele><time>2026-07-12T09:26:24Z</time></trkpt>
<trkpt lat="46.543198" lon="10.504760"><ele>1659.0</ele><time>2026-07-12T09:26:24Z</time></trkpt>
<trkpt lat="46.543195" lon="10.504760"><ele>1659.0</ele><time>2026-07-12T09:26:24Z</time></trkpt>
<trkpt lat="46.543192" lon="10.504760"><ele>1659.0</ele><time>2026-07-12T09:26:24Z</time></trkpt>
<trkpt lat="46.543189" lon="10.504760"><ele>1659.0</ele><time>2026-07-12T09:26:24Z</time></trkpt>
<trkpt lat="46.543185" lon="10.504760"><ele>1659.0</ele><time>2026-07-12T09:26:24Z</time></trkpt>
<trkpt lat="46.543181" lon="10.504761"><ele>1659.0</ele><time>2026-07-12T09:26:24Z</time></trkpt>
<trkpt lat="46.543178" lon="10.504762"><ele>1659.0</ele><time>2026-07-12T09:26:24Z</time></trkpt>
<trkpt lat="46.543174" lon="10.504764"><ele>1659.0</ele><time>2026-07-12T09:26:25Z</time></trkpt>
<trkpt lat="46.543170" lon="10.504766"><ele>1659.0</ele><time>2026-07-12T09:26:25Z</time></trkpt>
<trkpt lat="46.543166" lon="10.504769"><ele>1659.0</ele><time>2026-07-12T09:26:25Z</time></trkpt>
<trkpt lat="46.543163" lon="10.504773"><ele>1659.0</ele><time>2026-07-12T09:26:25Z</time></trkpt>
<trkpt lat="46.543159" lon="10.504777"><ele>1659.0</ele><time>2026-07-12T09:26:25Z</time></trkpt>
<trkpt lat="46.543156" lon="10.504783"><ele>1658.9</ele><time>2026-07-12T09:26:25Z</time></trkpt>
<trkpt lat="46.543153" lon="10.504789"><ele>1658.9</ele><time>2026-07-12T09:26:25Z</time></trkpt>
<trkpt lat="46.543151" lon="10.504796"><ele>1658.0</ele><time>2026-07-12T09:26:25Z</time></trkpt>
<trkpt lat="46.543149" lon="10.504805"><ele>1657.1</ele><time>2026-07-12T09:26:25Z</time></trkpt>
<trkpt lat="46.543147" lon="10.504813"><ele>1656.2</ele><time>2026-07-12T09:26:25Z</time></trkpt>
<trkpt lat="46.543146" lon="10.504822"><ele>1655.3</ele><time>2026-07-12T09:26:25Z</time></trkpt>
<trkpt lat="46.543146" lon="10.504829"><ele>1654.4</ele><time>2026-07-12T09:26:25Z</time></trkpt>
<trkpt lat="46.543147" lon="10.504837"><ele>1653.5</ele><time>2026-07-12T09:26:25Z</time></trkpt>
<trkpt lat="46.543148" lon="10.504844"><ele>1652.6</ele><time>2026-07-12T09:26:25Z</time></trkpt>
<trkpt lat="46.543150" lon="10.504850"><ele>1652.6</ele><time>2026-07-12T09:26:25Z</time></trkpt>
<trkpt lat="46.543152" lon="10.504856"><ele>1652.6</ele><time>2026-07-12T09:26:25Z</time></trkpt>
<trkpt lat="46.543154" lon="10.504862"><ele>1652.6</ele><time>2026-07-12T09:26:25Z</time></trkpt>
<trkpt lat="46.543157" lon="10.504867"><ele>1652.6</ele><time>2026-07-12T09:26:25Z</time></trkpt>
<trkpt lat="46.543160" lon="10.504872"><ele>1652.6</ele><time>2026-07-12T09:26:25Z</time></trkpt>
<trkpt lat="46.543163" lon="10.504876"><ele>1652.6</ele><time>2026-07-12T09:26:26Z</time></trkpt>
<trkpt lat="46.543166" lon="10.504880"><ele>1652.6</ele><time>2026-07-12T09:26:26Z</time></trkpt>
<trkpt lat="46.543169" lon="10.504883"><ele>1652.6</ele><time>2026-07-12T09:26:26Z</time></trkpt>
<trkpt lat="46.543172" lon="10.504886"><ele>1652.6</ele><time>2026-07-12T09:26:26Z</time></trkpt>
<trkpt lat="46.543174" lon="10.504888"><ele>1652.6</ele><time>2026-07-12T09:26:26Z</time></trkpt>
<trkpt lat="46.543176" lon="10.504890"><ele>1652.7</ele><time>2026-07-12T09:26:26Z</time></trkpt>
<trkpt lat="46.543178" lon="10.504892"><ele>1652.0</ele><time>2026-07-12T09:26:26Z</time></trkpt>
<trkpt lat="46.543180" lon="10.504893"><ele>1651.3</ele><time>2026-07-12T09:26:26Z</time></trkpt>
<trkpt lat="46.543284" lon="10.504955"><ele>1650.7</ele><time>2026-07-12T09:26:27Z</time></trkpt>
<trkpt lat="46.543399" lon="10.505013"><ele>1649.4</ele><time>2026-07-12T09:26:28Z</time></trkpt>
<trkpt lat="46.543497" lon="10.505063"><ele>1648.2</ele><time>2026-07-12T09:26:30Z</time></trkpt>
<trkpt lat="46.543630" lon="10.505145"><ele>1646.2</ele><time>2026-07-12T09:26:32Z</time></trkpt>
<trkpt lat="46.543739" lon="10.505212"><ele>1644.3</ele><time>2026-07-12T09:26:33Z</time></trkpt>
<trkpt lat="46.543835" lon="10.505261"><ele>1641.9</ele><time>2026-07-12T09:26:35Z</time></trkpt>
<trkpt lat="46.544099" lon="10.505411"><ele>1639.5</ele><time>2026-07-12T09:26:38Z</time></trkpt>
<trkpt lat="46.544241" lon="10.505485"><ele>1637.0</ele><time>2026-07-12T09:26:40Z</time></trkpt>
<trkpt lat="46.544313" lon="10.505530"><ele>1635.1</ele><time>2026-07-12T09:26:41Z</time></trkpt>
<trkpt lat="46.544416" lon="10.505586"><ele>1633.2</ele><time>2026-07-12T09:26:43Z</time></trkpt>
<trkpt lat="46.544482" lon="10.505616"><ele>1632.1</ele><time>2026-07-12T09:26:44Z</time></trkpt>
<trkpt lat="46.544536" lon="10.505631"><ele>1631.1</ele><time>2026-07-12T09:26:45Z</time></trkpt>
<trkpt lat="46.544578" lon="10.505642"><ele>1630.0</ele><time>2026-07-12T09:26:45Z</time></trkpt>
<trkpt lat="46.544655" lon="10.505652"><ele>1629.2</ele><time>2026-07-12T09:26:46Z</time></trkpt>
<trkpt lat="46.544817" lon="10.505670"><ele>1628.5</ele><time>2026-07-12T09:26:48Z</time></trkpt>
<trkpt lat="46.545013" lon="10.505694"><ele>1627.2</ele><time>2026-07-12T09:26:50Z</time></trkpt>
<trkpt lat="46.545303" lon="10.505733"><ele>1625.6</ele><time>2026-07-12T09:26:52Z</time></trkpt>
<trkpt lat="46.545502" lon="10.505761"><ele>1623.6</ele><time>2026-07-12T09:26:55Z</time></trkpt>
<trkpt lat="46.545760" lon="10.505792"><ele>1621.1</ele><time>2026-07-12T09:26:59Z</time></trkpt>
<trkpt lat="46.545917" lon="10.505812"><ele>1619.4</ele><time>2026-07-12T09:27:01Z</time></trkpt>
<trkpt lat="46.546091" lon="10.505839"><ele>1617.0</ele><time>2026-07-12T09:27:03Z</time></trkpt>
<trkpt lat="46.546202" lon="10.505843"><ele>1614.1</ele><time>2026-07-12T09:27:04Z</time></trkpt>
<trkpt lat="46.546307" lon="10.505839"><ele>1612.0</ele><time>2026-07-12T09:27:06Z</time></trkpt>
<trkpt lat="46.546423" lon="10.505814"><ele>1609.6</ele><time>2026-07-12T09:27:07Z</time></trkpt>
<trkpt lat="46.546614" lon="10.505755"><ele>1607.3</ele><time>2026-07-12T09:27:10Z</time></trkpt>
<trkpt lat="46.546864" lon="10.505670"><ele>1605.4</ele><time>2026-07-12T09:27:13Z</time></trkpt>
<trkpt lat="46.547145" lon="10.505569"><ele>1604.8</ele><time>2026-07-12T09:27:16Z</time></trkpt>
<trkpt lat="46.547301" lon="10.505522"><ele>1604.4</ele><time>2026-07-12T09:27:17Z</time></trkpt>
<trkpt lat="46.547370" lon="10.505507"><ele>1604.5</ele><time>2026-07-12T09:27:17Z</time></trkpt>
<trkpt lat="46.547400" lon="10.505501"><ele>1604.4</ele><time>2026-07-12T09:27:18Z</time></trkpt>
<trkpt lat="46.547480" lon="10.505499"><ele>1604.9</ele><time>2026-07-12T09:27:19Z</time></trkpt>
<trkpt lat="46.547563" lon="10.505501"><ele>1605.8</ele><time>2026-07-12T09:27:20Z</time></trkpt>
<trkpt lat="46.547870" lon="10.505484"><ele>1606.3</ele><time>2026-07-12T09:27:22Z</time></trkpt>
<trkpt lat="46.547902" lon="10.505485"><ele>1605.8</ele><time>2026-07-12T09:27:22Z</time></trkpt>
<trkpt lat="46.547971" lon="10.505502"><ele>1605.9</ele><time>2026-07-12T09:27:23Z</time></trkpt>
<trkpt lat="46.548014" lon="10.505525"><ele>1605.9</ele><time>2026-07-12T09:27:23Z</time></trkpt>
<trkpt lat="46.548074" lon="10.505567"><ele>1605.7</ele><time>2026-07-12T09:27:24Z</time></trkpt>
<trkpt lat="46.548141" lon="10.505621"><ele>1605.7</ele><time>2026-07-12T09:27:24Z</time></trkpt>
<trkpt lat="46.548268" lon="10.505739"><ele>1606.2</ele><time>2026-07-12T09:27:25Z</time></trkpt>
<trkpt lat="46.548443" lon="10.505882"><ele>1606.7</ele><time>2026-07-12T09:27:27Z</time></trkpt>
<trkpt lat="46.548522" lon="10.505941"><ele>1607.3</ele><time>2026-07-12T09:27:28Z</time></trkpt>
<trkpt lat="46.548619" lon="10.506009"><ele>1607.8</ele><time>2026-07-12T09:27:29Z</time></trkpt>
<trkpt lat="46.548727" lon="10.506083"><ele>1607.8</ele><time>2026-07-12T09:27:30Z</time></trkpt>
<trkpt lat="46.548823" lon="10.506144"><ele>1608.1</ele><time>2026-07-12T09:27:30Z</time></trkpt>
<trkpt lat="46.548894" lon="10.506186"><ele>1608.2</ele><time>2026-07-12T09:27:31Z</time></trkpt>
<trkpt lat="46.548965" lon="10.506211"><ele>1608.0</ele><time>2026-07-12T09:27:32Z</time></trkpt>
<trkpt lat="46.549060" lon="10.506240"><ele>1608.2</ele><time>2026-07-12T09:27:32Z</time></trkpt>
<trkpt lat="46.549140" lon="10.506261"><ele>1608.5</ele><time>2026-07-12T09:27:33Z</time></trkpt>
<trkpt lat="46.549198" lon="10.506280"><ele>1607.4</ele><time>2026-07-12T09:27:34Z</time></trkpt>
<trkpt lat="46.549251" lon="10.506306"><ele>1607.1</ele><time>2026-07-12T09:27:34Z</time></trkpt>
<trkpt lat="46.549303" lon="10.506350"><ele>1605.9</ele><time>2026-07-12T09:27:35Z</time></trkpt>
<trkpt lat="46.549363" lon="10.506399"><ele>1603.9</ele><time>2026-07-12T09:27:36Z</time></trkpt>
<trkpt lat="46.549459" lon="10.506491"><ele>1601.8</ele><time>2026-07-12T09:27:38Z</time></trkpt>
<trkpt lat="46.549617" lon="10.506653"><ele>1599.1</ele><time>2026-07-12T09:27:40Z</time></trkpt>
<trkpt lat="46.549714" lon="10.506754"><ele>1596.4</ele><time>2026-07-12T09:27:42Z</time></trkpt>
<trkpt lat="46.549793" lon="10.506840"><ele>1594.6</ele><time>2026-07-12T09:27:43Z</time></trkpt>
<trkpt lat="46.549866" lon="10.506922"><ele>1592.8</ele><time>2026-07-12T09:27:44Z</time></trkpt>
<trkpt lat="46.549899" lon="10.506966"><ele>1591.3</ele><time>2026-07-12T09:27:45Z</time></trkpt>
<trkpt lat="46.549915" lon="10.506991"><ele>1590.4</ele><time>2026-07-12T09:27:45Z</time></trkpt>
<trkpt lat="46.549930" lon="10.507018"><ele>1589.1</ele><time>2026-07-12T09:27:46Z</time></trkpt>
<trkpt lat="46.549959" lon="10.507085"><ele>1588.3</ele><time>2026-07-12T09:27:46Z</time></trkpt>
<trkpt lat="46.549992" lon="10.507162"><ele>1587.1</ele><time>2026-07-12T09:27:47Z</time></trkpt>
<trkpt lat="46.550033" lon="10.507270"><ele>1585.5</ele><time>2026-07-12T09:27:48Z</time></trkpt>
<trkpt lat="46.550260" lon="10.507892"><ele>1584.4</ele><time>2026-07-12T09:27:52Z</time></trkpt>
<trkpt lat="46.550289" lon="10.507973"><ele>1583.4</ele><time>2026-07-12T09:27:53Z</time></trkpt>
<trkpt lat="46.550331" lon="10.508086"><ele>1582.5</ele><time>2026-07-12T09:27:54Z</time></trkpt>
<trkpt lat="46.550371" lon="10.508186"><ele>1581.7</ele><time>2026-07-12T09:27:55Z</time></trkpt>
<trkpt lat="46.550424" lon="10.508295"><ele>1580.9</ele><time>2026-07-12T09:27:56Z</time></trkpt>
<trkpt lat="46.550476" lon="10.508401"><ele>1580.5</ele><time>2026-07-12T09:27:57Z</time></trkpt>
<trkpt lat="46.550550" lon="10.508528"><ele>1580.1</ele><time>2026-07-12T09:27:58Z</time></trkpt>
<trkpt lat="46.550617" lon="10.508640"><ele>1579.2</ele><time>2026-07-12T09:27:59Z</time></trkpt>
<trkpt lat="46.550672" lon="10.508728"><ele>1578.2</ele><time>2026-07-12T09:28:00Z</time></trkpt>
<trkpt lat="46.550721" lon="10.508799"><ele>1577.1</ele><time>2026-07-12T09:28:01Z</time></trkpt>
<trkpt lat="46.550781" lon="10.508876"><ele>1576.2</ele><time>2026-07-12T09:28:02Z</time></trkpt>
<trkpt lat="46.550849" lon="10.508954"><ele>1574.7</ele><time>2026-07-12T09:28:04Z</time></trkpt>
<trkpt lat="46.550910" lon="10.509022"><ele>1573.2</ele><time>2026-07-12T09:28:05Z</time></trkpt>
<trkpt lat="46.550989" lon="10.509101"><ele>1571.3</ele><time>2026-07-12T09:28:06Z</time></trkpt>
<trkpt lat="46.551059" lon="10.509162"><ele>1569.4</ele><time>2026-07-12T09:28:07Z</time></trkpt>
<trkpt lat="46.551135" lon="10.509226"><ele>1567.9</ele><time>2026-07-12T09:28:08Z</time></trkpt>
<trkpt lat="46.551222" lon="10.509290"><ele>1566.4</ele><time>2026-07-12T09:28:09Z</time></trkpt>
<trkpt lat="46.551282" lon="10.509332"><ele>1563.8</ele><time>2026-07-12T09:28:10Z</time></trkpt>
<trkpt lat="46.551351" lon="10.509372"><ele>1562.0</ele><time>2026-07-12T09:28:11Z</time></trkpt>
<trkpt lat="46.551442" lon="10.509421"><ele>1560.1</ele><time>2026-07-12T09:28:13Z</time></trkpt>
<trkpt lat="46.551502" lon="10.509456"><ele>1559.0</ele><time>2026-07-12T09:28:14Z</time></trkpt>
<trkpt lat="46.551559" lon="10.509478"><ele>1557.9</ele><time>2026-07-12T09:28:14Z</time></trkpt>
<trkpt lat="46.551613" lon="10.509495"><ele>1556.9</ele><time>2026-07-12T09:28:15Z</time></trkpt>
<trkpt lat="46.551672" lon="10.509507"><ele>1555.9</ele><time>2026-07-12T09:28:16Z</time></trkpt>
<trkpt lat="46.551706" lon="10.509510"><ele>1555.9</ele><time>2026-07-12T09:28:16Z</time></trkpt>
<trkpt lat="46.551729" lon="10.509511"><ele>1556.0</ele><time>2026-07-12T09:28:16Z</time></trkpt>
<trkpt lat="46.551800" lon="10.509513"><ele>1556.1</ele><time>2026-07-12T09:28:17Z</time></trkpt>
<trkpt lat="46.551843" lon="10.509515"><ele>1556.1</ele><time>2026-07-12T09:28:17Z</time></trkpt>
<trkpt lat="46.551875" lon="10.509527"><ele>1556.2</ele><time>2026-07-12T09:28:17Z</time></trkpt>
<trkpt lat="46.551894" lon="10.509543"><ele>1556.3</ele><time>2026-07-12T09:28:17Z</time></trkpt>
<trkpt lat="46.551897" lon="10.509546"><ele>1556.3</ele><time>2026-07-12T09:28:18Z</time></trkpt>
<trkpt lat="46.551899" lon="10.509548"><ele>1556.3</ele><time>2026-07-12T09:28:18Z</time></trkpt>
<trkpt lat="46.551901" lon="10.509551"><ele>1556.3</ele><time>2026-07-12T09:28:18Z</time></trkpt>
<trkpt lat="46.551904" lon="10.509555"><ele>1556.4</ele><time>2026-07-12T09:28:18Z</time></trkpt>
<trkpt lat="46.551907" lon="10.509559"><ele>1556.4</ele><time>2026-07-12T09:28:18Z</time></trkpt>
<trkpt lat="46.551909" lon="10.509564"><ele>1556.4</ele><time>2026-07-12T09:28:18Z</time></trkpt>
<trkpt lat="46.551912" lon="10.509570"><ele>1556.4</ele><time>2026-07-12T09:28:18Z</time></trkpt>
<trkpt lat="46.551915" lon="10.509575"><ele>1556.4</ele><time>2026-07-12T09:28:18Z</time></trkpt>
<trkpt lat="46.551918" lon="10.509582"><ele>1556.4</ele><time>2026-07-12T09:28:18Z</time></trkpt>
<trkpt lat="46.551920" lon="10.509589"><ele>1556.4</ele><time>2026-07-12T09:28:18Z</time></trkpt>
<trkpt lat="46.551922" lon="10.509596"><ele>1556.4</ele><time>2026-07-12T09:28:18Z</time></trkpt>
<trkpt lat="46.551923" lon="10.509604"><ele>1555.4</ele><time>2026-07-12T09:28:18Z</time></trkpt>
<trkpt lat="46.551924" lon="10.509612"><ele>1554.4</ele><time>2026-07-12T09:28:18Z</time></trkpt>
<trkpt lat="46.551924" lon="10.509620"><ele>1553.5</ele><time>2026-07-12T09:28:18Z</time></trkpt>
<trkpt lat="46.551923" lon="10.509629"><ele>1552.5</ele><time>2026-07-12T09:28:18Z</time></trkpt>
<trkpt lat="46.551922" lon="10.509638"><ele>1551.5</ele><time>2026-07-12T09:28:18Z</time></trkpt>
<trkpt lat="46.551919" lon="10.509647"><ele>1550.6</ele><time>2026-07-12T09:28:18Z</time></trkpt>
<trkpt lat="46.551916" lon="10.509657"><ele>1549.6</ele><time>2026-07-12T09:28:18Z</time></trkpt>
<trkpt lat="46.551911" lon="10.509666"><ele>1549.6</ele><time>2026-07-12T09:28:19Z</time></trkpt>
<trkpt lat="46.551907" lon="10.509674"><ele>1549.6</ele><time>2026-07-12T09:28:19Z</time></trkpt>
<trkpt lat="46.551903" lon="10.509681"><ele>1549.5</ele><time>2026-07-12T09:28:19Z</time></trkpt>
<trkpt lat="46.551898" lon="10.509687"><ele>1549.5</ele><time>2026-07-12T09:28:19Z</time></trkpt>
<trkpt lat="46.551893" lon="10.509692"><ele>1549.4</ele><time>2026-07-12T09:28:19Z</time></trkpt>
<trkpt lat="46.551889" lon="10.509697"><ele>1549.4</ele><time>2026-07-12T09:28:19Z</time></trkpt>
<trkpt lat="46.551884" lon="10.509700"><ele>1549.3</ele><time>2026-07-12T09:28:19Z</time></trkpt>
<trkpt lat="46.551880" lon="10.509703"><ele>1549.3</ele><time>2026-07-12T09:28:19Z</time></trkpt>
<trkpt lat="46.551875" lon="10.509705"><ele>1549.3</ele><time>2026-07-12T09:28:19Z</time></trkpt>
<trkpt lat="46.551871" lon="10.509706"><ele>1549.3</ele><time>2026-07-12T09:28:19Z</time></trkpt>
<trkpt lat="46.551867" lon="10.509707"><ele>1549.3</ele><time>2026-07-12T09:28:19Z</time></trkpt>
<trkpt lat="46.551863" lon="10.509708"><ele>1549.3</ele><time>2026-07-12T09:28:19Z</time></trkpt>
<trkpt lat="46.551860" lon="10.509708"><ele>1549.3</ele><time>2026-07-12T09:28:19Z</time></trkpt>
<trkpt lat="46.551857" lon="10.509709"><ele>1549.3</ele><time>2026-07-12T09:28:19Z</time></trkpt>
<trkpt lat="46.551854" lon="10.509708"><ele>1549.3</ele><time>2026-07-12T09:28:19Z</time></trkpt>
<trkpt lat="46.551851" lon="10.509708"><ele>1549.3</ele><time>2026-07-12T09:28:19Z</time></trkpt>
<trkpt lat="46.551848" lon="10.509707"><ele>1549.2</ele><time>2026-07-12T09:28:19Z</time></trkpt>
<trkpt lat="46.551780" lon="10.509686"><ele>1549.2</ele><time>2026-07-12T09:28:20Z</time></trkpt>
<trkpt lat="46.551721" lon="10.509669"><ele>1549.3</ele><time>2026-07-12T09:28:20Z</time></trkpt>
<trkpt lat="46.551646" lon="10.509654"><ele>1549.3</ele><time>2026-07-12T09:28:21Z</time></trkpt>
<trkpt lat="46.551573" lon="10.509644"><ele>1549.5</ele><time>2026-07-12T09:28:21Z</time></trkpt>
<trkpt lat="46.551499" lon="10.509641"><ele>1549.6</ele><time>2026-07-12T09:28:22Z</time></trkpt>
<trkpt lat="46.551407" lon="10.509645"><ele>1549.9</ele><time>2026-07-12T09:28:23Z</time></trkpt>
<trkpt lat="46.551277" lon="10.509667"><ele>1550.2</ele><time>2026-07-12T09:28:24Z</time></trkpt>
<trkpt lat="46.551195" lon="10.509680"><ele>1550.5</ele><time>2026-07-12T09:28:24Z</time></trkpt>
<trkpt lat="46.551122" lon="10.509709"><ele>1550.7</ele><time>2026-07-12T09:28:25Z</time></trkpt>
<trkpt lat="46.551005" lon="10.509744"><ele>1549.9</ele><time>2026-07-12T09:28:26Z</time></trkpt>
<trkpt lat="46.550898" lon="10.509786"><ele>1549.1</ele><time>2026-07-12T09:28:27Z</time></trkpt>
<trkpt lat="46.550821" lon="10.509794"><ele>1548.3</ele><time>2026-07-12T09:28:29Z</time></trkpt>
<trkpt lat="46.550755" lon="10.509799"><ele>1547.3</ele><time>2026-07-12T09:28:29Z</time></trkpt>
<trkpt lat="46.550671" lon="10.509811"><ele>1546.3</ele><time>2026-07-12T09:28:31Z</time></trkpt>
<trkpt lat="46.550607" lon="10.509871"><ele>1544.4</ele><time>2026-07-12T09:28:32Z</time></trkpt>
<trkpt lat="46.550585" lon="10.509921"><ele>1542.6</ele><time>2026-07-12T09:28:32Z</time></trkpt>
<trkpt lat="46.550575" lon="10.509966"><ele>1541.6</ele><time>2026-07-12T09:28:33Z</time></trkpt>
<trkpt lat="46.550576" lon="10.510017"><ele>1539.8</ele><time>2026-07-12T09:28:33Z</time></trkpt>
<trkpt lat="46.550587" lon="10.510070"><ele>1538.0</ele><time>2026-07-12T09:28:33Z</time></trkpt>
<trkpt lat="46.550614" lon="10.510117"><ele>1536.2</ele><time>2026-07-12T09:28:34Z</time></trkpt>
<trkpt lat="46.550647" lon="10.510148"><ele>1534.5</ele><time>2026-07-12T09:28:35Z</time></trkpt>
<trkpt lat="46.550683" lon="10.510175"><ele>1532.7</ele><time>2026-07-12T09:28:35Z</time></trkpt>
<trkpt lat="46.550778" lon="10.510205"><ele>1531.0</ele><time>2026-07-12T09:28:36Z</time></trkpt>
<trkpt lat="46.550902" lon="10.510282"><ele>1528.6</ele><time>2026-07-12T09:28:38Z</time></trkpt>
<trkpt lat="46.550957" lon="10.510323"><ele>1527.1</ele><time>2026-07-12T09:28:39Z</time></trkpt>
<trkpt lat="46.551003" lon="10.510360"><ele>1525.7</ele><time>2026-07-12T09:28:40Z</time></trkpt>
<trkpt lat="46.551302" lon="10.510579"><ele>1523.8</ele><time>2026-07-12T09:28:43Z</time></trkpt>
<trkpt lat="46.551376" lon="10.510622"><ele>1522.1</ele><time>2026-07-12T09:28:44Z</time></trkpt>
<trkpt lat="46.551440" lon="10.510648"><ele>1521.3</ele><time>2026-07-12T09:28:45Z</time></trkpt>
<trkpt lat="46.551554" lon="10.510682"><ele>1520.5</ele><time>2026-07-12T09:28:46Z</time></trkpt>
<trkpt lat="46.551703" lon="10.510714"><ele>1520.6</ele><time>2026-07-12T09:28:47Z</time></trkpt>
<trkpt lat="46.551865" lon="10.510750"><ele>1520.3</ele><time>2026-07-12T09:28:48Z</time></trkpt>
<trkpt lat="46.551951" lon="10.510777"><ele>1520.0</ele><time>2026-07-12T09:28:49Z</time></trkpt>
<trkpt lat="46.552042" lon="10.510817"><ele>1520.1</ele><time>2026-07-12T09:28:50Z</time></trkpt>
<trkpt lat="46.552101" lon="10.510852"><ele>1520.2</ele><time>2026-07-12T09:28:50Z</time></trkpt>
<trkpt lat="46.552177" lon="10.510896"><ele>1520.4</ele><time>2026-07-12T09:28:51Z</time></trkpt>
<trkpt lat="46.552244" lon="10.510923"><ele>1520.5</ele><time>2026-07-12T09:28:51Z</time></trkpt>
<trkpt lat="46.552309" lon="10.510939"><ele>1520.6</ele><time>2026-07-12T09:28:52Z</time></trkpt>
<trkpt lat="46.552390" lon="10.510950"><ele>1521.0</ele><time>2026-07-12T09:28:53Z</time></trkpt>
<trkpt lat="46.552555" lon="10.510964"><ele>1521.3</ele><time>2026-07-12T09:28:54Z</time></trkpt>
<trkpt lat="46.552654" lon="10.510969"><ele>1521.5</ele><time>2026-07-12T09:28:55Z</time></trkpt>
<trkpt lat="46.552703" lon="10.510977"><ele>1521.8</ele><time>2026-07-12T09:28:55Z</time></trkpt>
<trkpt lat="46.552757" lon="10.510998"><ele>1521.8</ele><time>2026-07-12T09:28:55Z</time></trkpt>
<trkpt lat="46.552811" lon="10.511034"><ele>1521.7</ele><time>2026-07-12T09:28:56Z</time></trkpt>
<trkpt lat="46.552875" lon="10.511086"><ele>1521.6</ele><time>2026-07-12T09:28:56Z</time></trkpt>
<trkpt lat="46.553009" lon="10.511201"><ele>1521.5</ele><time>2026-07-12T09:28:58Z</time></trkpt>
<trkpt lat="46.553064" lon="10.511247"><ele>1521.6</ele><time>2026-07-12T09:28:58Z</time></trkpt>
<trkpt lat="46.553101" lon="10.511278"><ele>1521.7</ele><time>2026-07-12T09:28:58Z</time></trkpt>
<trkpt lat="46.553218" lon="10.511378"><ele>1521.4</ele><time>2026-07-12T09:28:59Z</time></trkpt>
<trkpt lat="46.553318" lon="10.511452"><ele>1521.4</ele><time>2026-07-12T09:29:00Z</time></trkpt>
<trkpt lat="46.553382" lon="10.511489"><ele>1521.9</ele><time>2026-07-12T09:29:01Z</time></trkpt>
<trkpt lat="46.553427" lon="10.511515"><ele>1522.5</ele><time>2026-07-12T09:29:02Z</time></trkpt>
<trkpt lat="46.553525" lon="10.511554"><ele>1522.9</ele><time>2026-07-12T09:29:03Z</time></trkpt>
<trkpt lat="46.553773" lon="10.511634"><ele>1523.5</ele><time>2026-07-12T09:29:04Z</time></trkpt>
<trkpt lat="46.553836" lon="10.511663"><ele>1523.4</ele><time>2026-07-12T09:29:05Z</time></trkpt>
<trkpt lat="46.553951" lon="10.511736"><ele>1523.5</ele><time>2026-07-12T09:29:06Z</time></trkpt>
<trkpt lat="46.554039" lon="10.511808"><ele>1523.5</ele><time>2026-07-12T09:29:07Z</time></trkpt>
<trkpt lat="46.554124" lon="10.511888"><ele>1522.7</ele><time>2026-07-12T09:29:08Z</time></trkpt>
<trkpt lat="46.554274" lon="10.512045"><ele>1521.5</ele><time>2026-07-12T09:29:10Z</time></trkpt>
<trkpt lat="46.554361" lon="10.512159"><ele>1520.4</ele><time>2026-07-12T09:29:11Z</time></trkpt>
<trkpt lat="46.554421" lon="10.512252"><ele>1519.0</ele><time>2026-07-12T09:29:12Z</time></trkpt>
<trkpt lat="46.554469" lon="10.512336"><ele>1518.2</ele><time>2026-07-12T09:29:13Z</time></trkpt>
<trkpt lat="46.554516" lon="10.512411"><ele>1517.1</ele><time>2026-07-12T09:29:14Z</time></trkpt>
<trkpt lat="46.554556" lon="10.512470"><ele>1516.1</ele><time>2026-07-12T09:29:15Z</time></trkpt>
<trkpt lat="46.554595" lon="10.512513"><ele>1515.4</ele><time>2026-07-12T09:29:16Z</time></trkpt>
<trkpt lat="46.554640" lon="10.512549"><ele>1514.9</ele><time>2026-07-12T09:29:17Z</time></trkpt>
<trkpt lat="46.554682" lon="10.512571"><ele>1514.7</ele><time>2026-07-12T09:29:17Z</time></trkpt>
<trkpt lat="46.554724" lon="10.512588"><ele>1514.5</ele><time>2026-07-12T09:29:17Z</time></trkpt>
<trkpt lat="46.554786" lon="10.512609"><ele>1514.4</ele><time>2026-07-12T09:29:18Z</time></trkpt>
<trkpt lat="46.554844" lon="10.512621"><ele>1514.7</ele><time>2026-07-12T09:29:18Z</time></trkpt>
<trkpt lat="46.554902" lon="10.512631"><ele>1515.1</ele><time>2026-07-12T09:29:19Z</time></trkpt>
<trkpt lat="46.554989" lon="10.512645"><ele>1515.4</ele><time>2026-07-12T09:29:20Z</time></trkpt>
<trkpt lat="46.555060" lon="10.512661"><ele>1515.1</ele><time>2026-07-12T09:29:20Z</time></trkpt>
<trkpt lat="46.555141" lon="10.512692"><ele>1514.8</ele><time>2026-07-12T09:29:21Z</time></trkpt>
<trkpt lat="46.555171" lon="10.512703"><ele>1514.5</ele><time>2026-07-12T09:29:22Z</time></trkpt>
<trkpt lat="46.555202" lon="10.512715"><ele>1514.2</ele><time>2026-07-12T09:29:22Z</time></trkpt>
<trkpt lat="46.555265" lon="10.512749"><ele>1513.3</ele><time>2026-07-12T09:29:23Z</time></trkpt>
<trkpt lat="46.555338" lon="10.512793"><ele>1512.4</ele><time>2026-07-12T09:29:24Z</time></trkpt>
<trkpt lat="46.555410" lon="10.512836"><ele>1511.5</ele><time>2026-07-12T09:29:25Z</time></trkpt>
<trkpt lat="46.555514" lon="10.512897"><ele>1511.2</ele><time>2026-07-12T09:29:26Z</time></trkpt>
<trkpt lat="46.555594" lon="10.512941"><ele>1510.3</ele><time>2026-07-12T09:29:27Z</time></trkpt>
<trkpt lat="46.555658" lon="10.512991"><ele>1509.0</ele><time>2026-07-12T09:29:28Z</time></trkpt>
<trkpt lat="46.555705" lon="10.513048"><ele>1507.7</ele><time>2026-07-12T09:29:29Z</time></trkpt>
<trkpt lat="46.555778" lon="10.513141"><ele>1506.6</ele><time>2026-07-12T09:29:30Z</time></trkpt>
<trkpt lat="46.555847" lon="10.513235"><ele>1505.2</ele><time>2026-07-12T09:29:31Z</time></trkpt>
<trkpt lat="46.555968" lon="10.513379"><ele>1503.8</ele><time>2026-07-12T09:29:33Z</time></trkpt>
<trkpt lat="46.556078" lon="10.513489"><ele>1501.9</ele><time>2026-07-12T09:29:35Z</time></trkpt>
<trkpt lat="46.556216" lon="10.513630"><ele>1500.5</ele><time>2026-07-12T09:29:37Z</time></trkpt>
<trkpt lat="46.556293" lon="10.513709"><ele>1499.1</ele><time>2026-07-12T09:29:39Z</time></trkpt>
<trkpt lat="46.556395" lon="10.513797"><ele>1497.7</ele><time>2026-07-12T09:29:40Z</time></trkpt>
<trkpt lat="46.556480" lon="10.513868"><ele>1496.5</ele><time>2026-07-12T09:29:42Z</time></trkpt>
<trkpt lat="46.556551" lon="10.513927"><ele>1495.6</ele><time>2026-07-12T09:29:43Z</time></trkpt>
<trkpt lat="46.556594" lon="10.513958"><ele>1494.3</ele><time>2026-07-12T09:29:43Z</time></trkpt>
<trkpt lat="46.556649" lon="10.513994"><ele>1493.3</ele><time>2026-07-12T09:29:44Z</time></trkpt>
<trkpt lat="46.556720" lon="10.514038"><ele>1492.3</ele><time>2026-07-12T09:29:45Z</time></trkpt>
<trkpt lat="46.556816" lon="10.514100"><ele>1491.4</ele><time>2026-07-12T09:29:47Z</time></trkpt>
<trkpt lat="46.556873" lon="10.514141"><ele>1490.3</ele><time>2026-07-12T09:29:47Z</time></trkpt>
<trkpt lat="46.556967" lon="10.514202"><ele>1489.2</ele><time>2026-07-12T09:29:49Z</time></trkpt>
<trkpt lat="46.557063" lon="10.514265"><ele>1488.1</ele><time>2026-07-12T09:29:50Z</time></trkpt>
<trkpt lat="46.557138" lon="10.514308"><ele>1487.3</ele><time>2026-07-12T09:29:51Z</time></trkpt>
<trkpt lat="46.557211" lon="10.514351"><ele>1486.6</ele><time>2026-07-12T09:29:52Z</time></trkpt>
<trkpt lat="46.557252" lon="10.514375"><ele>1485.4</ele><time>2026-07-12T09:29:53Z</time></trkpt>
<trkpt lat="46.557294" lon="10.514396"><ele>1484.5</ele><time>2026-07-12T09:29:53Z</time></trkpt>
<trkpt lat="46.557345" lon="10.514428"><ele>1483.6</ele><time>2026-07-12T09:29:54Z</time></trkpt>
<trkpt lat="46.557396" lon="10.514465"><ele>1482.9</ele><time>2026-07-12T09:29:55Z</time></trkpt>
<trkpt lat="46.557445" lon="10.514505"><ele>1481.6</ele><time>2026-07-12T09:29:56Z</time></trkpt>
<trkpt lat="46.557505" lon="10.514557"><ele>1480.2</ele><time>2026-07-12T09:29:57Z</time></trkpt>
<trkpt lat="46.557559" lon="10.514600"><ele>1478.8</ele><time>2026-07-12T09:29:57Z</time></trkpt>
<trkpt lat="46.557575" lon="10.514614"><ele>1477.4</ele><time>2026-07-12T09:29:58Z</time></trkpt>
<trkpt lat="46.557692" lon="10.514699"><ele>1475.9</ele><time>2026-07-12T09:29:59Z</time></trkpt>
<trkpt lat="46.557817" lon="10.514768"><ele>1474.2</ele><time>2026-07-12T09:30:01Z</time></trkpt>
<trkpt lat="46.558187" lon="10.514913"><ele>1472.6</ele><time>2026-07-12T09:30:05Z</time></trkpt>
<trkpt lat="46.558537" lon="10.515114"><ele>1471.6</ele><time>2026-07-12T09:30:08Z</time></trkpt>
<trkpt lat="46.558763" lon="10.515223"><ele>1470.4</ele><time>2026-07-12T09:30:10Z</time></trkpt>
<trkpt lat="46.558861" lon="10.515258"><ele>1469.7</ele><time>2026-07-12T09:30:11Z</time></trkpt>
<trkpt lat="46.558971" lon="10.515276"><ele>1469.6</ele><time>2026-07-12T09:30:12Z</time></trkpt>
<trkpt lat="46.559183" lon="10.515307"><ele>1469.7</ele><time>2026-07-12T09:30:14Z</time></trkpt>
<trkpt lat="46.559461" lon="10.515337"><ele>1470.2</ele><time>2026-07-12T09:30:16Z</time></trkpt>
<trkpt lat="46.559751" lon="10.515352"><ele>1470.9</ele><time>2026-07-12T09:30:18Z</time></trkpt>
<trkpt lat="46.559874" lon="10.515344"><ele>1471.6</ele><time>2026-07-12T09:30:19Z</time></trkpt>
<trkpt lat="46.560123" lon="10.515330"><ele>1473.1</ele><time>2026-07-12T09:30:21Z</time></trkpt>
<trkpt lat="46.560412" lon="10.515336"><ele>1473.6</ele><time>2026-07-12T09:30:23Z</time></trkpt>
<trkpt lat="46.560497" lon="10.515366"><ele>1474.4</ele><time>2026-07-12T09:30:25Z</time></trkpt>
<trkpt lat="46.560669" lon="10.515445"><ele>1474.6</ele><time>2026-07-12T09:30:26Z</time></trkpt>
<trkpt lat="46.560841" lon="10.515532"><ele>1474.2</ele><time>2026-07-12T09:30:27Z</time></trkpt>
<trkpt lat="46.560956" lon="10.515621"><ele>1473.0</ele><time>2026-07-12T09:30:29Z</time></trkpt>
<trkpt lat="46.561064" lon="10.515754"><ele>1471.2</ele><time>2026-07-12T09:30:31Z</time></trkpt>
<trkpt lat="46.561207" lon="10.515956"><ele>1469.2</ele><time>2026-07-12T09:30:33Z</time></trkpt>
<trkpt lat="46.561370" lon="10.516216"><ele>1466.8</ele><time>2026-07-12T09:30:37Z</time></trkpt>
<trkpt lat="46.561428" lon="10.516366"><ele>1463.9</ele><time>2026-07-12T09:30:38Z</time></trkpt>
<trkpt lat="46.561462" lon="10.516485"><ele>1460.9</ele><time>2026-07-12T09:30:39Z</time></trkpt>
<trkpt lat="46.561560" lon="10.516749"><ele>1457.9</ele><time>2026-07-12T09:30:42Z</time></trkpt>
<trkpt lat="46.561736" lon="10.517122"><ele>1455.1</ele><time>2026-07-12T09:30:46Z</time></trkpt>
<trkpt lat="46.562001" lon="10.517616"><ele>1453.1</ele><time>2026-07-12T09:30:50Z</time></trkpt>
<trkpt lat="46.562187" lon="10.518125"><ele>1451.0</ele><time>2026-07-12T09:30:54Z</time></trkpt>
<trkpt lat="46.562262" lon="10.518268"><ele>1450.1</ele><time>2026-07-12T09:30:56Z</time></trkpt>
<trkpt lat="46.562359" lon="10.518321"><ele>1449.2</ele><time>2026-07-12T09:30:57Z</time></trkpt>
<trkpt lat="46.562754" lon="10.518457"><ele>1448.8</ele><time>2026-07-12T09:31:00Z</time></trkpt>
<trkpt lat="46.562923" lon="10.518533"><ele>1448.9</ele><time>2026-07-12T09:31:02Z</time></trkpt>
<trkpt lat="46.563058" lon="10.518680"><ele>1449.2</ele><time>2026-07-12T09:31:03Z</time></trkpt>
<trkpt lat="46.563186" lon="10.518915"><ele>1449.3</ele><time>2026-07-12T09:31:04Z</time></trkpt>
<trkpt lat="46.563286" lon="10.519054"><ele>1449.3</ele><time>2026-07-12T09:31:05Z</time></trkpt>
<trkpt lat="46.563404" lon="10.519160"><ele>1448.9</ele><time>2026-07-12T09:31:06Z</time></trkpt>
<trkpt lat="46.563518" lon="10.519226"><ele>1449.0</ele><time>2026-07-12T09:31:07Z</time></trkpt>
<trkpt lat="46.563690" lon="10.519264"><ele>1449.4</ele><time>2026-07-12T09:31:08Z</time></trkpt>
<trkpt lat="46.563826" lon="10.519333"><ele>1449.7</ele><time>2026-07-12T09:31:09Z</time></trkpt>
<trkpt lat="46.564012" lon="10.519515"><ele>1449.3</ele><time>2026-07-12T09:31:11Z</time></trkpt>
<trkpt lat="46.564137" lon="10.519620"><ele>1448.0</ele><time>2026-07-12T09:31:13Z</time></trkpt>
<trkpt lat="46.564368" lon="10.519753"><ele>1446.6</ele><time>2026-07-12T09:31:15Z</time></trkpt>
<trkpt lat="46.564735" lon="10.519981"><ele>1445.1</ele><time>2026-07-12T09:31:19Z</time></trkpt>
<trkpt lat="46.564911" lon="10.520097"><ele>1442.4</ele><time>2026-07-12T09:31:22Z</time></trkpt>
<trkpt lat="46.564980" lon="10.520159"><ele>1436.9</ele><time>2026-07-12T09:31:23Z</time></trkpt>
<trkpt lat="46.565050" lon="10.520232"><ele>1431.5</ele><time>2026-07-12T09:31:24Z</time></trkpt>
<trkpt lat="46.565118" lon="10.520315"><ele>1426.8</ele><time>2026-07-12T09:31:25Z</time></trkpt>
<trkpt lat="46.565577" lon="10.520961"><ele>1423.0</ele><time>2026-07-12T09:31:31Z</time></trkpt>
<trkpt lat="46.565662" lon="10.521042"><ele>1419.4</ele><time>2026-07-12T09:31:33Z</time></trkpt>
<trkpt lat="46.565711" lon="10.521066"><ele>1416.2</ele><time>2026-07-12T09:31:33Z</time></trkpt>
<trkpt lat="46.565760" lon="10.521075"><ele>1413.1</ele><time>2026-07-12T09:31:34Z</time></trkpt>
<trkpt lat="46.565978" lon="10.521100"><ele>1412.7</ele><time>2026-07-12T09:31:36Z</time></trkpt>
<trkpt lat="46.566020" lon="10.521119"><ele>1412.2</ele><time>2026-07-12T09:31:36Z</time></trkpt>
<trkpt lat="46.566049" lon="10.521142"><ele>1411.6</ele><time>2026-07-12T09:31:37Z</time></trkpt>
<trkpt lat="46.566113" lon="10.521219"><ele>1411.2</ele><time>2026-07-12T09:31:37Z</time></trkpt>
<trkpt lat="46.566207" lon="10.521383"><ele>1410.0</ele><time>2026-07-12T09:31:39Z</time></trkpt>
<trkpt lat="46.566299" lon="10.521491"><ele>1407.6</ele><time>2026-07-12T09:31:41Z</time></trkpt>
<trkpt lat="46.566419" lon="10.521596"><ele>1404.6</ele><time>2026-07-12T09:31:43Z</time></trkpt>
<trkpt lat="46.566610" lon="10.521774"><ele>1401.5</ele><time>2026-07-12T09:31:46Z</time></trkpt>
<trkpt lat="46.567190" lon="10.522313"><ele>1398.6</ele><time>2026-07-12T09:31:52Z</time></trkpt>
<trkpt lat="46.567491" lon="10.522573"><ele>1395.4</ele><time>2026-07-12T09:31:57Z</time></trkpt>
<trkpt lat="46.567511" lon="10.522608"><ele>1391.9</ele><time>2026-07-12T09:31:57Z</time></trkpt>
<trkpt lat="46.567516" lon="10.522660"><ele>1388.8</ele><time>2026-07-12T09:31:58Z</time></trkpt>
<trkpt lat="46.567507" lon="10.522688"><ele>1387.0</ele><time>2026-07-12T09:31:58Z</time></trkpt>
<trkpt lat="46.567489" lon="10.522710"><ele>1386.8</ele><time>2026-07-12T09:31:59Z</time></trkpt>
<trkpt lat="46.567469" lon="10.522722"><ele>1387.2</ele><time>2026-07-12T09:31:59Z</time></trkpt>
<trkpt lat="46.567435" lon="10.522718"><ele>1388.2</ele><time>2026-07-12T09:31:59Z</time></trkpt>
<trkpt lat="46.567330" lon="10.522612"><ele>1389.8</ele><time>2026-07-12T09:32:01Z</time></trkpt>
<trkpt lat="46.567065" lon="10.522417"><ele>1391.4</ele><time>2026-07-12T09:32:04Z</time></trkpt>
<trkpt lat="46.566942" lon="10.522279"><ele>1393.1</ele><time>2026-07-12T09:32:06Z</time></trkpt>
<trkpt lat="46.566918" lon="10.522265"><ele>1394.8</ele><time>2026-07-12T09:32:06Z</time></trkpt>
<trkpt lat="46.566892" lon="10.522269"><ele>1395.8</ele><time>2026-07-12T09:32:07Z</time></trkpt>
<trkpt lat="46.566874" lon="10.522286"><ele>1396.1</ele><time>2026-07-12T09:32:07Z</time></trkpt>
<trkpt lat="46.566862" lon="10.522320"><ele>1395.6</ele><time>2026-07-12T09:32:07Z</time></trkpt>
<trkpt lat="46.566864" lon="10.522362"><ele>1394.0</ele><time>2026-07-12T09:32:08Z</time></trkpt>
<trkpt lat="46.566877" lon="10.522401"><ele>1392.0</ele><time>2026-07-12T09:32:08Z</time></trkpt>
<trkpt lat="46.566890" lon="10.522422"><ele>1389.6</ele><time>2026-07-12T09:32:08Z</time></trkpt>
<trkpt lat="46.567261" lon="10.522680"><ele>1387.3</ele><time>2026-07-12T09:32:12Z</time></trkpt>
<trkpt lat="46.567532" lon="10.522916"><ele>1385.0</ele><time>2026-07-12T09:32:16Z</time></trkpt>
<trkpt lat="46.567898" lon="10.523230"><ele>1382.9</ele><time>2026-07-12T09:32:20Z</time></trkpt>
<trkpt lat="46.568230" lon="10.523495"><ele>1380.7</ele><time>2026-07-12T09:32:24Z</time></trkpt>
<trkpt lat="46.568521" lon="10.523674"><ele>1379.9</ele><time>2026-07-12T09:32:26Z</time></trkpt>
<trkpt lat="46.568810" lon="10.523853"><ele>1377.5</ele><time>2026-07-12T09:32:31Z</time></trkpt>
<trkpt lat="46.568951" lon="10.524012"><ele>1375.1</ele><time>2026-07-12T09:32:33Z</time></trkpt>
<trkpt lat="46.569138" lon="10.524205"><ele>1371.5</ele><time>2026-07-12T09:32:36Z</time></trkpt>
<trkpt lat="46.569350" lon="10.524645"><ele>1367.4</ele><time>2026-07-12T09:32:41Z</time></trkpt>
<trkpt lat="46.569503" lon="10.525010"><ele>1362.2</ele><time>2026-07-12T09:32:45Z</time></trkpt>
<trkpt lat="46.569588" lon="10.525398"><ele>1357.4</ele><time>2026-07-12T09:32:49Z</time></trkpt>
<trkpt lat="46.569638" lon="10.525836"><ele>1352.3</ele><time>2026-07-12T09:32:53Z</time></trkpt>
<trkpt lat="46.569698" lon="10.526504"><ele>1349.3</ele><time>2026-07-12T09:32:57Z</time></trkpt>
<trkpt lat="46.569725" lon="10.526728"><ele>1346.6</ele><time>2026-07-12T09:32:59Z</time></trkpt>
<trkpt lat="46.569779" lon="10.526943"><ele>1344.7</ele><time>2026-07-12T09:33:01Z</time></trkpt>
<trkpt lat="46.569863" lon="10.527154"><ele>1343.0</ele><time>2026-07-12T09:33:04Z</time></trkpt>
<trkpt lat="46.569969" lon="10.527374"><ele>1341.8</ele><time>2026-07-12T09:33:06Z</time></trkpt>
<trkpt lat="46.570170" lon="10.527752"><ele>1340.6</ele><time>2026-07-12T09:33:09Z</time></trkpt>
<trkpt lat="46.570532" lon="10.528454"><ele>1338.5</ele><time>2026-07-12T09:33:15Z</time></trkpt>
<trkpt lat="46.570620" lon="10.528709"><ele>1336.2</ele><time>2026-07-12T09:33:17Z</time></trkpt>
<trkpt lat="46.570703" lon="10.529009"><ele>1333.6</ele><time>2026-07-12T09:33:20Z</time></trkpt>
<trkpt lat="46.570859" lon="10.529594"><ele>1330.5</ele><time>2026-07-12T09:33:26Z</time></trkpt>
<trkpt lat="46.570912" lon="10.529771"><ele>1327.7</ele><time>2026-07-12T09:33:28Z</time></trkpt>
<trkpt lat="46.570973" lon="10.529946"><ele>1324.6</ele><time>2026-07-12T09:33:30Z</time></trkpt>
<trkpt lat="46.571331" lon="10.530769"><ele>1321.0</ele><time>2026-07-12T09:33:36Z</time></trkpt>
<trkpt lat="46.571590" lon="10.531301"><ele>1317.8</ele><time>2026-07-12T09:33:42Z</time></trkpt>
<trkpt lat="46.571957" lon="10.531977"><ele>1314.1</ele><time>2026-07-12T09:33:48Z</time></trkpt>
<trkpt lat="46.572325" lon="10.532635"><ele>1310.9</ele><time>2026-07-12T09:33:53Z</time></trkpt>
<trkpt lat="46.572627" lon="10.533208"><ele>1307.9</ele><time>2026-07-12T09:33:58Z</time></trkpt>
<trkpt lat="46.572782" lon="10.533503"><ele>1304.1</ele><time>2026-07-12T09:34:01Z</time></trkpt>
<trkpt lat="46.572977" lon="10.533945"><ele>1300.6</ele><time>2026-07-12T09:34:06Z</time></trkpt>
<trkpt lat="46.573328" lon="10.534837"><ele>1296.6</ele><time>2026-07-12T09:34:13Z</time></trkpt>
<trkpt lat="46.574007" lon="10.536526"><ele>1293.2</ele><time>2026-07-12T09:34:23Z</time></trkpt>
<trkpt lat="46.574234" lon="10.537096"><ele>1290.7</ele><time>2026-07-12T09:34:27Z</time></trkpt>
<trkpt lat="46.574768" lon="10.538477"><ele>1287.9</ele><time>2026-07-12T09:34:35Z</time></trkpt>
<trkpt lat="46.575014" lon="10.539115"><ele>1286.1</ele><time>2026-07-12T09:34:40Z</time></trkpt>
<trkpt lat="46.575059" lon="10.539213"><ele>1285.9</ele><time>2026-07-12T09:34:40Z</time></trkpt>
<trkpt lat="46.575122" lon="10.539330"><ele>1286.4</ele><time>2026-07-12T09:34:41Z</time></trkpt>
<trkpt lat="46.575200" lon="10.539463"><ele>1287.5</ele><time>2026-07-12T09:34:43Z</time></trkpt>
<trkpt lat="46.575427" lon="10.539811"><ele>1288.4</ele><time>2026-07-12T09:34:45Z</time></trkpt>
<trkpt lat="46.575518" lon="10.539950"><ele>1289.3</ele><time>2026-07-12T09:34:47Z</time></trkpt>
<trkpt lat="46.575720" lon="10.540253"><ele>1290.9</ele><time>2026-07-12T09:34:50Z</time></trkpt>
<trkpt lat="46.575815" lon="10.540387"><ele>1291.5</ele><time>2026-07-12T09:34:51Z</time></trkpt>
<trkpt lat="46.575918" lon="10.540493"><ele>1291.3</ele><time>2026-07-12T09:34:52Z</time></trkpt>
<trkpt lat="46.576382" lon="10.540866"><ele>1289.7</ele><time>2026-07-12T09:34:56Z</time></trkpt>
<trkpt lat="46.576709" lon="10.541113"><ele>1287.7</ele><time>2026-07-12T09:34:59Z</time></trkpt>
<trkpt lat="46.576839" lon="10.541233"><ele>1284.7</ele><time>2026-07-12T09:35:02Z</time></trkpt>
<trkpt lat="46.577298" lon="10.541720"><ele>1280.1</ele><time>2026-07-12T09:35:09Z</time></trkpt>
<trkpt lat="46.577471" lon="10.541887"><ele>1274.9</ele><time>2026-07-12T09:35:12Z</time></trkpt>
<trkpt lat="46.577797" lon="10.542057"><ele>1269.2</ele><time>2026-07-12T09:35:17Z</time></trkpt>
<trkpt lat="46.578060" lon="10.542192"><ele>1263.9</ele><time>2026-07-12T09:35:20Z</time></trkpt>
<trkpt lat="46.578146" lon="10.542237"><ele>1259.2</ele><time>2026-07-12T09:35:21Z</time></trkpt>
<trkpt lat="46.578281" lon="10.542286"><ele>1255.2</ele><time>2026-07-12T09:35:23Z</time></trkpt>
<trkpt lat="46.578464" lon="10.542329"><ele>1252.4</ele><time>2026-07-12T09:35:26Z</time></trkpt>
<trkpt lat="46.578853" lon="10.542412"><ele>1250.0</ele><time>2026-07-12T09:35:30Z</time></trkpt>
<trkpt lat="46.578963" lon="10.542461"><ele>1247.9</ele><time>2026-07-12T09:35:31Z</time></trkpt>
<trkpt lat="46.579391" lon="10.542732"><ele>1246.9</ele><time>2026-07-12T09:35:34Z</time></trkpt>
<trkpt lat="46.579509" lon="10.542789"><ele>1245.3</ele><time>2026-07-12T09:35:36Z</time></trkpt>
<trkpt lat="46.579576" lon="10.542817"><ele>1243.6</ele><time>2026-07-12T09:35:37Z</time></trkpt>
<trkpt lat="46.579661" lon="10.542852"><ele>1241.3</ele><time>2026-07-12T09:35:38Z</time></trkpt>
<trkpt lat="46.580166" lon="10.543055"><ele>1239.4</ele><time>2026-07-12T09:35:43Z</time></trkpt>
<trkpt lat="46.580336" lon="10.543137"><ele>1237.6</ele><time>2026-07-12T09:35:46Z</time></trkpt>
<trkpt lat="46.580573" lon="10.543281"><ele>1235.5</ele><time>2026-07-12T09:35:49Z</time></trkpt>
<trkpt lat="46.580783" lon="10.543408"><ele>1233.0</ele><time>2026-07-12T09:35:52Z</time></trkpt>
<trkpt lat="46.580857" lon="10.543458"><ele>1230.9</ele><time>2026-07-12T09:35:53Z</time></trkpt>
<trkpt lat="46.581116" lon="10.543632"><ele>1229.7</ele><time>2026-07-12T09:35:56Z</time></trkpt>
<trkpt lat="46.581397" lon="10.543822"><ele>1228.3</ele><time>2026-07-12T09:35:59Z</time></trkpt>
<trkpt lat="46.581649" lon="10.543992"><ele>1226.1</ele><time>2026-07-12T09:36:03Z</time></trkpt>
<trkpt lat="46.582079" lon="10.544281"><ele>1225.1</ele><time>2026-07-12T09:36:06Z</time></trkpt>
<trkpt lat="46.582493" lon="10.544543"><ele>1223.9</ele><time>2026-07-12T09:36:09Z</time></trkpt>
<trkpt lat="46.582644" lon="10.544686"><ele>1223.0</ele><time>2026-07-12T09:36:11Z</time></trkpt>
<trkpt lat="46.582945" lon="10.544985"><ele>1222.1</ele><time>2026-07-12T09:36:14Z</time></trkpt>
<trkpt lat="46.583256" lon="10.545288"><ele>1220.6</ele><time>2026-07-12T09:36:17Z</time></trkpt>
<trkpt lat="46.583552" lon="10.545655"><ele>1219.1</ele><time>2026-07-12T09:36:21Z</time></trkpt>
<trkpt lat="46.583652" lon="10.545789"><ele>1216.5</ele><time>2026-07-12T09:36:23Z</time></trkpt>
<trkpt lat="46.583742" lon="10.545941"><ele>1213.1</ele><time>2026-07-12T09:36:25Z</time></trkpt>
<trkpt lat="46.583877" lon="10.546214"><ele>1210.0</ele><time>2026-07-12T09:36:28Z</time></trkpt>
<trkpt lat="46.584540" lon="10.546907"><ele>1206.1</ele><time>2026-07-12T09:36:35Z</time></trkpt>
<trkpt lat="46.584629" lon="10.546986"><ele>1201.9</ele><time>2026-07-12T09:36:37Z</time></trkpt>
<trkpt lat="46.584706" lon="10.547025"><ele>1197.7</ele><time>2026-07-12T09:36:38Z</time></trkpt>
<trkpt lat="46.585052" lon="10.547146"><ele>1193.1</ele><time>2026-07-12T09:36:43Z</time></trkpt>
<trkpt lat="46.585232" lon="10.547207"><ele>1189.4</ele><time>2026-07-12T09:36:45Z</time></trkpt>
<trkpt lat="46.585385" lon="10.547279"><ele>1185.3</ele><time>2026-07-12T09:36:47Z</time></trkpt>
<trkpt lat="46.585824" lon="10.547466"><ele>1180.5</ele><time>2026-07-12T09:36:53Z</time></trkpt>
<trkpt lat="46.586017" lon="10.547547"><ele>1176.4</ele><time>2026-07-12T09:36:56Z</time></trkpt>
<trkpt lat="46.586204" lon="10.547603"><ele>1172.5</ele><time>2026-07-12T09:36:59Z</time></trkpt>
<trkpt lat="46.586638" lon="10.547757"><ele>1169.2</ele><time>2026-07-12T09:37:05Z</time></trkpt>
<trkpt lat="46.586740" lon="10.547782"><ele>1166.7</ele><time>2026-07-12T09:37:06Z</time></trkpt>
<trkpt lat="46.586779" lon="10.547784"><ele>1164.8</ele><time>2026-07-12T09:37:06Z</time></trkpt>
<trkpt lat="46.586838" lon="10.547775"><ele>1163.5</ele><time>2026-07-12T09:37:07Z</time></trkpt>
<trkpt lat="46.587081" lon="10.547661"><ele>1163.3</ele><time>2026-07-12T09:37:09Z</time></trkpt>
<trkpt lat="46.587189" lon="10.547605"><ele>1163.8</ele><time>2026-07-12T09:37:10Z</time></trkpt>
<trkpt lat="46.587310" lon="10.547581"><ele>1164.2</ele><time>2026-07-12T09:37:11Z</time></trkpt>
<trkpt lat="46.587511" lon="10.547565"><ele>1164.8</ele><time>2026-07-12T09:37:13Z</time></trkpt>
<trkpt lat="46.587662" lon="10.547566"><ele>1165.7</ele><time>2026-07-12T09:37:14Z</time></trkpt>
<trkpt lat="46.587690" lon="10.547567"><ele>1166.8</ele><time>2026-07-12T09:37:15Z</time></trkpt>
<trkpt lat="46.587763" lon="10.547568"><ele>1168.2</ele><time>2026-07-12T09:37:16Z</time></trkpt>
<trkpt lat="46.587863" lon="10.547576"><ele>1169.4</ele><time>2026-07-12T09:37:17Z</time></trkpt>
<trkpt lat="46.587977" lon="10.547605"><ele>1170.6</ele><time>2026-07-12T09:37:19Z</time></trkpt>
<trkpt lat="46.588034" lon="10.547621"><ele>1171.8</ele><time>2026-07-12T09:37:19Z</time></trkpt>
<trkpt lat="46.588096" lon="10.547640"><ele>1172.8</ele><time>2026-07-12T09:37:20Z</time></trkpt>
<trkpt lat="46.588136" lon="10.547658"><ele>1173.6</ele><time>2026-07-12T09:37:21Z</time></trkpt>
<trkpt lat="46.588173" lon="10.547682"><ele>1173.8</ele><time>2026-07-12T09:37:21Z</time></trkpt>
<trkpt lat="46.588248" lon="10.547749"><ele>1173.5</ele><time>2026-07-12T09:37:22Z</time></trkpt>
<trkpt lat="46.588295" lon="10.547803"><ele>1172.8</ele><time>2026-07-12T09:37:23Z</time></trkpt>
<trkpt lat="46.588452" lon="10.548001"><ele>1172.0</ele><time>2026-07-12T09:37:25Z</time></trkpt>
<trkpt lat="46.588618" lon="10.548135"><ele>1170.4</ele><time>2026-07-12T09:37:27Z</time></trkpt>
<trkpt lat="46.588786" lon="10.548256"><ele>1168.7</ele><time>2026-07-12T09:37:30Z</time></trkpt>
<trkpt lat="46.589020" lon="10.548371"><ele>1166.2</ele><time>2026-07-12T09:37:33Z</time></trkpt>
<trkpt lat="46.589259" lon="10.548469"><ele>1163.1</ele><time>2026-07-12T09:37:36Z</time></trkpt>
<trkpt lat="46.589488" lon="10.548581"><ele>1160.1</ele><time>2026-07-12T09:37:40Z</time></trkpt>
<trkpt lat="46.589636" lon="10.548684"><ele>1156.3</ele><time>2026-07-12T09:37:42Z</time></trkpt>
<trkpt lat="46.589769" lon="10.548782"><ele>1152.6</ele><time>2026-07-12T09:37:44Z</time></trkpt>
<trkpt lat="46.589890" lon="10.548826"><ele>1149.8</ele><time>2026-07-12T09:37:46Z</time></trkpt>
<trkpt lat="46.590867" lon="10.548974"><ele>1147.2</ele><time>2026-07-12T09:37:53Z</time></trkpt>
<trkpt lat="46.591217" lon="10.549035"><ele>1145.7</ele><time>2026-07-12T09:37:56Z</time></trkpt>
<trkpt lat="46.591406" lon="10.549071"><ele>1144.9</ele><time>2026-07-12T09:37:58Z</time></trkpt>
<trkpt lat="46.591510" lon="10.549115"><ele>1144.2</ele><time>2026-07-12T09:37:59Z</time></trkpt>
<trkpt lat="46.591638" lon="10.549198"><ele>1144.6</ele><time>2026-07-12T09:38:00Z</time></trkpt>
<trkpt lat="46.591755" lon="10.549287"><ele>1144.7</ele><time>2026-07-12T09:38:01Z</time></trkpt>
<trkpt lat="46.592013" lon="10.549476"><ele>1144.5</ele><time>2026-07-12T09:38:03Z</time></trkpt>
<trkpt lat="46.592122" lon="10.549560"><ele>1144.2</ele><time>2026-07-12T09:38:04Z</time></trkpt>
<trkpt lat="46.592180" lon="10.549609"><ele>1143.7</ele><time>2026-07-12T09:38:05Z</time></trkpt>
<trkpt lat="46.592211" lon="10.549644"><ele>1143.0</ele><time>2026-07-12T09:38:05Z</time></trkpt>
<trkpt lat="46.592252" lon="10.549698"><ele>1142.4</ele><time>2026-07-12T09:38:06Z</time></trkpt>
<trkpt lat="46.592286" lon="10.549759"><ele>1141.6</ele><time>2026-07-12T09:38:07Z</time></trkpt>
<trkpt lat="46.592313" lon="10.549826"><ele>1140.5</ele><time>2026-07-12T09:38:07Z</time></trkpt>
<trkpt lat="46.592338" lon="10.549905"><ele>1139.7</ele><time>2026-07-12T09:38:08Z</time></trkpt>
<trkpt lat="46.592354" lon="10.549971"><ele>1139.0</ele><time>2026-07-12T09:38:09Z</time></trkpt>
<trkpt lat="46.592427" lon="10.550449"><ele>1138.1</ele><time>2026-07-12T09:38:11Z</time></trkpt>
<trkpt lat="46.592459" lon="10.550570"><ele>1137.6</ele><time>2026-07-12T09:38:12Z</time></trkpt>
<trkpt lat="46.592483" lon="10.550627"><ele>1136.7</ele><time>2026-07-12T09:38:13Z</time></trkpt>
<trkpt lat="46.592516" lon="10.550683"><ele>1136.0</ele><time>2026-07-12T09:38:14Z</time></trkpt>
<trkpt lat="46.592577" lon="10.550752"><ele>1135.4</ele><time>2026-07-12T09:38:15Z</time></trkpt>
<trkpt lat="46.592649" lon="10.550805"><ele>1134.6</ele><time>2026-07-12T09:38:16Z</time></trkpt>
<trkpt lat="46.592757" lon="10.550865"><ele>1133.7</ele><time>2026-07-12T09:38:17Z</time></trkpt>
<trkpt lat="46.592919" lon="10.550931"><ele>1132.8</ele><time>2026-07-12T09:38:19Z</time></trkpt>
<trkpt lat="46.592951" lon="10.550945"><ele>1131.2</ele><time>2026-07-12T09:38:19Z</time></trkpt>
<trkpt lat="46.593169" lon="10.551039"><ele>1130.0</ele><time>2026-07-12T09:38:21Z</time></trkpt>
<trkpt lat="46.593247" lon="10.551072"><ele>1128.8</ele><time>2026-07-12T09:38:22Z</time></trkpt>
<trkpt lat="46.593691" lon="10.551278"><ele>1127.5</ele><time>2026-07-12T09:38:26Z</time></trkpt>
<trkpt lat="46.593760" lon="10.551318"><ele>1126.0</ele><time>2026-07-12T09:38:27Z</time></trkpt>
<trkpt lat="46.593849" lon="10.551389"><ele>1124.8</ele><time>2026-07-12T09:38:28Z</time></trkpt>
<trkpt lat="46.594044" lon="10.551609"><ele>1123.6</ele><time>2026-07-12T09:38:31Z</time></trkpt>
<trkpt lat="46.594142" lon="10.551745"><ele>1122.9</ele><time>2026-07-12T09:38:32Z</time></trkpt>
<trkpt lat="46.594253" lon="10.551888"><ele>1122.0</ele><time>2026-07-12T09:38:33Z</time></trkpt>
<trkpt lat="46.594305" lon="10.551956"><ele>1121.0</ele><time>2026-07-12T09:38:34Z</time></trkpt>
<trkpt lat="46.594540" lon="10.552270"><ele>1120.5</ele><time>2026-07-12T09:38:37Z</time></trkpt>
<trkpt lat="46.594921" lon="10.552776"><ele>1120.0</ele><time>2026-07-12T09:38:40Z</time></trkpt>
<trkpt lat="46.594993" lon="10.552853"><ele>1119.3</ele><time>2026-07-12T09:38:41Z</time></trkpt>
<trkpt lat="46.595076" lon="10.552915"><ele>1118.6</ele><time>2026-07-12T09:38:42Z</time></trkpt>
<trkpt lat="46.595190" lon="10.552978"><ele>1118.0</ele><time>2026-07-12T09:38:44Z</time></trkpt>
<trkpt lat="46.595330" lon="10.553041"><ele>1117.6</ele><time>2026-07-12T09:38:45Z</time></trkpt>
<trkpt lat="46.595484" lon="10.553103"><ele>1117.2</ele><time>2026-07-12T09:38:46Z</time></trkpt>
<trkpt lat="46.595573" lon="10.553134"><ele>1116.6</ele><time>2026-07-12T09:38:47Z</time></trkpt>
<trkpt lat="46.595649" lon="10.553165"><ele>1115.8</ele><time>2026-07-12T09:38:48Z</time></trkpt>
<trkpt lat="46.595717" lon="10.553217"><ele>1115.3</ele><time>2026-07-12T09:38:49Z</time></trkpt>
<trkpt lat="46.595835" lon="10.553331"><ele>1114.7</ele><time>2026-07-12T09:38:50Z</time></trkpt>
<trkpt lat="46.595926" lon="10.553390"><ele>1113.9</ele><time>2026-07-12T09:38:51Z</time></trkpt>
<trkpt lat="46.596027" lon="10.553428"><ele>1112.7</ele><time>2026-07-12T09:38:53Z</time></trkpt>
<trkpt lat="46.596117" lon="10.553434"><ele>1111.5</ele><time>2026-07-12T09:38:54Z</time></trkpt>
<trkpt lat="46.596213" lon="10.553412"><ele>1110.2</ele><time>2026-07-12T09:38:55Z</time></trkpt>
<trkpt lat="46.596462" lon="10.553312"><ele>1108.9</ele><time>2026-07-12T09:38:58Z</time></trkpt>
<trkpt lat="46.596528" lon="10.553300"><ele>1107.1</ele><time>2026-07-12T09:38:59Z</time></trkpt>
<trkpt lat="46.596683" lon="10.553323"><ele>1105.4</ele><time>2026-07-12T09:39:01Z</time></trkpt>
<trkpt lat="46.596815" lon="10.553368"><ele>1103.9</ele><time>2026-07-12T09:39:03Z</time></trkpt>
<trkpt lat="46.596987" lon="10.553444"><ele>1102.7</ele><time>2026-07-12T09:39:04Z</time></trkpt>
<trkpt lat="46.597056" lon="10.553472"><ele>1101.5</ele><time>2026-07-12T09:39:05Z</time></trkpt>
<trkpt lat="46.597107" lon="10.553503"><ele>1100.5</ele><time>2026-07-12T09:39:06Z</time></trkpt>
<trkpt lat="46.597147" lon="10.553553"><ele>1099.5</ele><time>2026-07-12T09:39:07Z</time></trkpt>
<trkpt lat="46.597181" lon="10.553615"><ele>1099.0</ele><time>2026-07-12T09:39:07Z</time></trkpt>
<trkpt lat="46.597212" lon="10.553698"><ele>1098.5</ele><time>2026-07-12T09:39:08Z</time></trkpt>
<trkpt lat="46.597239" lon="10.553804"><ele>1098.5</ele><time>2026-07-12T09:39:09Z</time></trkpt>
<trkpt lat="46.597257" lon="10.553933"><ele>1098.4</ele><time>2026-07-12T09:39:09Z</time></trkpt>
<trkpt lat="46.597260" lon="10.554070"><ele>1098.8</ele><time>2026-07-12T09:39:10Z</time></trkpt>
<trkpt lat="46.597254" lon="10.554263"><ele>1099.3</ele><time>2026-07-12T09:39:12Z</time></trkpt>
<trkpt lat="46.597257" lon="10.554346"><ele>1099.9</ele><time>2026-07-12T09:39:12Z</time></trkpt>
<trkpt lat="46.597265" lon="10.554429"><ele>1100.4</ele><time>2026-07-12T09:39:13Z</time></trkpt>
<trkpt lat="46.597280" lon="10.554507"><ele>1101.0</ele><time>2026-07-12T09:39:14Z</time></trkpt>
<trkpt lat="46.597304" lon="10.554587"><ele>1101.7</ele><time>2026-07-12T09:39:15Z</time></trkpt>
<trkpt lat="46.597347" lon="10.554684"><ele>1102.0</ele><time>2026-07-12T09:39:15Z</time></trkpt>
<trkpt lat="46.597378" lon="10.554740"><ele>1102.1</ele><time>2026-07-12T09:39:16Z</time></trkpt>
<trkpt lat="46.597409" lon="10.554787"><ele>1102.3</ele><time>2026-07-12T09:39:16Z</time></trkpt>
<trkpt lat="46.597454" lon="10.554850"><ele>1102.1</ele><time>2026-07-12T09:39:17Z</time></trkpt>
<trkpt lat="46.597519" lon="10.554906"><ele>1102.1</ele><time>2026-07-12T09:39:17Z</time></trkpt>
<trkpt lat="46.597604" lon="10.554963"><ele>1101.4</ele><time>2026-07-12T09:39:19Z</time></trkpt>
<trkpt lat="46.597727" lon="10.555032"><ele>1100.1</ele><time>2026-07-12T09:39:20Z</time></trkpt>
<trkpt lat="46.597899" lon="10.555121"><ele>1098.7</ele><time>2026-07-12T09:39:23Z</time></trkpt>
<trkpt lat="46.598115" lon="10.555218"><ele>1097.2</ele><time>2026-07-12T09:39:25Z</time></trkpt>
<trkpt lat="46.598386" lon="10.555335"><ele>1094.7</ele><time>2026-07-12T09:39:29Z</time></trkpt>
<trkpt lat="46.598687" lon="10.555463"><ele>1092.3</ele><time>2026-07-12T09:39:33Z</time></trkpt>
<trkpt lat="46.598739" lon="10.555488"><ele>1089.3</ele><time>2026-07-12T09:39:34Z</time></trkpt>
<trkpt lat="46.599012" lon="10.555591"><ele>1086.6</ele><time>2026-07-12T09:39:37Z</time></trkpt>
<trkpt lat="46.599268" lon="10.555680"><ele>1083.8</ele><time>2026-07-12T09:39:41Z</time></trkpt>
<trkpt lat="46.599510" lon="10.555751"><ele>1081.5</ele><time>2026-07-12T09:39:44Z</time></trkpt>
<trkpt lat="46.599750" lon="10.555809"><ele>1079.1</ele><time>2026-07-12T09:39:47Z</time></trkpt>
<trkpt lat="46.599818" lon="10.555831"><ele>1077.6</ele><time>2026-07-12T09:39:48Z</time></trkpt>
<trkpt lat="46.599928" lon="10.555882"><ele>1076.3</ele><time>2026-07-12T09:39:50Z</time></trkpt>
<trkpt lat="46.600116" lon="10.555975"><ele>1075.5</ele><time>2026-07-12T09:39:52Z</time></trkpt>
<trkpt lat="46.600206" lon="10.556023"><ele>1075.0</ele><time>2026-07-12T09:39:53Z</time></trkpt>
<trkpt lat="46.600282" lon="10.556071"><ele>1074.6</ele><time>2026-07-12T09:39:53Z</time></trkpt>
<trkpt lat="46.600352" lon="10.556121"><ele>1074.1</ele><time>2026-07-12T09:39:54Z</time></trkpt>
<trkpt lat="46.600436" lon="10.556189"><ele>1073.5</ele><time>2026-07-12T09:39:55Z</time></trkpt>
<trkpt lat="46.600516" lon="10.556271"><ele>1072.8</ele><time>2026-07-12T09:39:56Z</time></trkpt>
<trkpt lat="46.600692" lon="10.556465"><ele>1072.2</ele><time>2026-07-12T09:39:58Z</time></trkpt>
<trkpt lat="46.600806" lon="10.556595"><ele>1071.4</ele><time>2026-07-12T09:39:59Z</time></trkpt>
<trkpt lat="46.600927" lon="10.556721"><ele>1070.6</ele><time>2026-07-12T09:40:01Z</time></trkpt>
<trkpt lat="46.600970" lon="10.556767"><ele>1069.9</ele><time>2026-07-12T09:40:02Z</time></trkpt>
<trkpt lat="46.601048" lon="10.556850"><ele>1069.4</ele><time>2026-07-12T09:40:02Z</time></trkpt>
<trkpt lat="46.601113" lon="10.556910"><ele>1069.0</ele><time>2026-07-12T09:40:03Z</time></trkpt>
<trkpt lat="46.601141" lon="10.556930"><ele>1068.8</ele><time>2026-07-12T09:40:03Z</time></trkpt>
<trkpt lat="46.601175" lon="10.556949"><ele>1068.7</ele><time>2026-07-12T09:40:04Z</time></trkpt>
<trkpt lat="46.601199" lon="10.556958"><ele>1068.7</ele><time>2026-07-12T09:40:04Z</time></trkpt>
<trkpt lat="46.601226" lon="10.556965"><ele>1068.8</ele><time>2026-07-12T09:40:04Z</time></trkpt>
<trkpt lat="46.601286" lon="10.556973"><ele>1069.1</ele><time>2026-07-12T09:40:05Z</time></trkpt>
<trkpt lat="46.601453" lon="10.556991"><ele>1069.3</ele><time>2026-07-12T09:40:06Z</time></trkpt>
<trkpt lat="46.601632" lon="10.557011"><ele>1069.6</ele><time>2026-07-12T09:40:07Z</time></trkpt>
<trkpt lat="46.601700" lon="10.557025"><ele>1069.8</ele><time>2026-07-12T09:40:08Z</time></trkpt>
<trkpt lat="46.601749" lon="10.557048"><ele>1070.2</ele><time>2026-07-12T09:40:09Z</time></trkpt>
<trkpt lat="46.601795" lon="10.557079"><ele>1070.5</ele><time>2026-07-12T09:40:09Z</time></trkpt>
<trkpt lat="46.601911" lon="10.557189"><ele>1070.8</ele><time>2026-07-12T09:40:10Z</time></trkpt>
<trkpt lat="46.602016" lon="10.557298"><ele>1071.0</ele><time>2026-07-12T09:40:11Z</time></trkpt>
<trkpt lat="46.602077" lon="10.557353"><ele>1071.4</ele><time>2026-07-12T09:40:12Z</time></trkpt>
<trkpt lat="46.602146" lon="10.557406"><ele>1071.4</ele><time>2026-07-12T09:40:12Z</time></trkpt>
<trkpt lat="46.602236" lon="10.557462"><ele>1071.5</ele><time>2026-07-12T09:40:13Z</time></trkpt>
<trkpt lat="46.602294" lon="10.557497"><ele>1071.5</ele><time>2026-07-12T09:40:14Z</time></trkpt>
<trkpt lat="46.602336" lon="10.557523"><ele>1071.2</ele><time>2026-07-12T09:40:14Z</time></trkpt>
<trkpt lat="46.602377" lon="10.557560"><ele>1070.7</ele><time>2026-07-12T09:40:15Z</time></trkpt>
<trkpt lat="46.602422" lon="10.557615"><ele>1069.7</ele><time>2026-07-12T09:40:15Z</time></trkpt>
<trkpt lat="46.602475" lon="10.557708"><ele>1068.2</ele><time>2026-07-12T09:40:17Z</time></trkpt>
<trkpt lat="46.602595" lon="10.557961"><ele>1067.0</ele><time>2026-07-12T09:40:19Z</time></trkpt>
<trkpt lat="46.602695" lon="10.558159"><ele>1065.5</ele><time>2026-07-12T09:40:21Z</time></trkpt>
<trkpt lat="46.602757" lon="10.558263"><ele>1063.9</ele><time>2026-07-12T09:40:22Z</time></trkpt>
<trkpt lat="46.602828" lon="10.558355"><ele>1062.4</ele><time>2026-07-12T09:40:23Z</time></trkpt>
<trkpt lat="46.602922" lon="10.558448"><ele>1060.7</ele><time>2026-07-12T09:40:25Z</time></trkpt>
<trkpt lat="46.602972" lon="10.558485"><ele>1059.1</ele><time>2026-07-12T09:40:26Z</time></trkpt>
<trkpt lat="46.603022" lon="10.558512"><ele>1057.6</ele><time>2026-07-12T09:40:26Z</time></trkpt>
<trkpt lat="46.603156" lon="10.558581"><ele>1056.0</ele><time>2026-07-12T09:40:28Z</time></trkpt>
<trkpt lat="46.603293" lon="10.558638"><ele>1054.6</ele><time>2026-07-12T09:40:30Z</time></trkpt>
<trkpt lat="46.603393" lon="10.558680"><ele>1053.1</ele><time>2026-07-12T09:40:31Z</time></trkpt>
<trkpt lat="46.603452" lon="10.558726"><ele>1051.8</ele><time>2026-07-12T09:40:32Z</time></trkpt>
<trkpt lat="46.603494" lon="10.558788"><ele>1051.1</ele><time>2026-07-12T09:40:33Z</time></trkpt>
<trkpt lat="46.603542" lon="10.558912"><ele>1051.0</ele><time>2026-07-12T09:40:34Z</time></trkpt>
<trkpt lat="46.603574" lon="10.559102"><ele>1051.3</ele><time>2026-07-12T09:40:35Z</time></trkpt>
<trkpt lat="46.603619" lon="10.559477"><ele>1051.8</ele><time>2026-07-12T09:40:37Z</time></trkpt>
<trkpt lat="46.603634" lon="10.559652"><ele>1052.4</ele><time>2026-07-12T09:40:38Z</time></trkpt>
<trkpt lat="46.603649" lon="10.559752"><ele>1053.5</ele><time>2026-07-12T09:40:39Z</time></trkpt>
<trkpt lat="46.603672" lon="10.559845"><ele>1054.1</ele><time>2026-07-12T09:40:40Z</time></trkpt>
<trkpt lat="46.603720" lon="10.559958"><ele>1054.3</ele><time>2026-07-12T09:40:40Z</time></trkpt>
<trkpt lat="46.603797" lon="10.560131"><ele>1054.1</ele><time>2026-07-12T09:40:41Z</time></trkpt>
<trkpt lat="46.603881" lon="10.560257"><ele>1053.2</ele><time>2026-07-12T09:40:43Z</time></trkpt>
<trkpt lat="46.603971" lon="10.560399"><ele>1052.1</ele><time>2026-07-12T09:40:45Z</time></trkpt>
<trkpt lat="46.604074" lon="10.560523"><ele>1050.7</ele><time>2026-07-12T09:40:47Z</time></trkpt>
<trkpt lat="46.604218" lon="10.560672"><ele>1048.6</ele><time>2026-07-12T09:40:49Z</time></trkpt>
<trkpt lat="46.604336" lon="10.560784"><ele>1046.8</ele><time>2026-07-12T09:40:51Z</time></trkpt>
<trkpt lat="46.604477" lon="10.560907"><ele>1045.0</ele><time>2026-07-12T09:40:53Z</time></trkpt>
<trkpt lat="46.604638" lon="10.561041"><ele>1043.4</ele><time>2026-07-12T09:40:56Z</time></trkpt>
<trkpt lat="46.604722" lon="10.561124"><ele>1042.0</ele><time>2026-07-12T09:40:57Z</time></trkpt>
<trkpt lat="46.604759" lon="10.561173"><ele>1040.7</ele><time>2026-07-12T09:40:58Z</time></trkpt>
<trkpt lat="46.604790" lon="10.561230"><ele>1039.6</ele><time>2026-07-12T09:40:58Z</time></trkpt>
<trkpt lat="46.604826" lon="10.561342"><ele>1038.7</ele><time>2026-07-12T09:40:59Z</time></trkpt>
<trkpt lat="46.604962" lon="10.561871"><ele>1038.4</ele><time>2026-07-12T09:41:02Z</time></trkpt>
<trkpt lat="46.605021" lon="10.562065"><ele>1038.4</ele><time>2026-07-12T09:41:03Z</time></trkpt>
<trkpt lat="46.605123" lon="10.562322"><ele>1038.3</ele><time>2026-07-12T09:41:05Z</time></trkpt>
<trkpt lat="46.605206" lon="10.562503"><ele>1037.8</ele><time>2026-07-12T09:41:06Z</time></trkpt>
<trkpt lat="46.605321" lon="10.562703"><ele>1037.7</ele><time>2026-07-12T09:41:07Z</time></trkpt>
<trkpt lat="46.605523" lon="10.563124"><ele>1037.6</ele><time>2026-07-12T09:41:10Z</time></trkpt>
<trkpt lat="46.605701" lon="10.563464"><ele>1037.1</ele><time>2026-07-12T09:41:12Z</time></trkpt>
<trkpt lat="46.605753" lon="10.563602"><ele>1036.1</ele><time>2026-07-12T09:41:13Z</time></trkpt>
<trkpt lat="46.605792" lon="10.563733"><ele>1034.7</ele><time>2026-07-12T09:41:15Z</time></trkpt>
<trkpt lat="46.605851" lon="10.563941"><ele>1033.3</ele><time>2026-07-12T09:41:17Z</time></trkpt>
<trkpt lat="46.605898" lon="10.564067"><ele>1032.2</ele><time>2026-07-12T09:41:18Z</time></trkpt>
<trkpt lat="46.605958" lon="10.564184"><ele>1030.7</ele><time>2026-07-12T09:41:19Z</time></trkpt>
<trkpt lat="46.606009" lon="10.564284"><ele>1029.0</ele><time>2026-07-12T09:41:20Z</time></trkpt>
<trkpt lat="46.606036" lon="10.564356"><ele>1027.5</ele><time>2026-07-12T09:41:21Z</time></trkpt>
<trkpt lat="46.606058" lon="10.564454"><ele>1026.2</ele><time>2026-07-12T09:41:22Z</time></trkpt>
<trkpt lat="46.606070" lon="10.564595"><ele>1024.9</ele><time>2026-07-12T09:41:23Z</time></trkpt>
<trkpt lat="46.606083" lon="10.564786"><ele>1023.7</ele><time>2026-07-12T09:41:25Z</time></trkpt>
<trkpt lat="46.606093" lon="10.564887"><ele>1021.7</ele><time>2026-07-12T09:41:26Z</time></trkpt>
<trkpt lat="46.606115" lon="10.564982"><ele>1019.9</ele><time>2026-07-12T09:41:27Z</time></trkpt>
<trkpt lat="46.606168" lon="10.565134"><ele>1018.2</ele><time>2026-07-12T09:41:29Z</time></trkpt>
<trkpt lat="46.606215" lon="10.565285"><ele>1016.2</ele><time>2026-07-12T09:41:30Z</time></trkpt>
<trkpt lat="46.606248" lon="10.565447"><ele>1013.8</ele><time>2026-07-12T09:41:32Z</time></trkpt>
<trkpt lat="46.606281" lon="10.565725"><ele>1011.6</ele><time>2026-07-12T09:41:34Z</time></trkpt>
<trkpt lat="46.606292" lon="10.565884"><ele>1009.4</ele><time>2026-07-12T09:41:36Z</time></trkpt>
<trkpt lat="46.606300" lon="10.566180"><ele>1007.9</ele><time>2026-07-12T09:41:38Z</time></trkpt>
<trkpt lat="46.606302" lon="10.566345"><ele>1006.6</ele><time>2026-07-12T09:41:40Z</time></trkpt>
<trkpt lat="46.606314" lon="10.566489"><ele>1005.1</ele><time>2026-07-12T09:41:41Z</time></trkpt>
<trkpt lat="46.606350" lon="10.566677"><ele>1004.0</ele><time>2026-07-12T09:41:43Z</time></trkpt>
<trkpt lat="46.606390" lon="10.566798"><ele>1003.0</ele><time>2026-07-12T09:41:44Z</time></trkpt>
<trkpt lat="46.606501" lon="10.567049"><ele>1002.1</ele><time>2026-07-12T09:41:46Z</time></trkpt>
<trkpt lat="46.606793" lon="10.567662"><ele>1001.4</ele><time>2026-07-12T09:41:50Z</time></trkpt>
<trkpt lat="46.606894" lon="10.567879"><ele>1000.5</ele><time>2026-07-12T09:41:52Z</time></trkpt>
<trkpt lat="46.606930" lon="10.567955"><ele>999.6</ele><time>2026-07-12T09:41:53Z</time></trkpt>
<trkpt lat="46.606973" lon="10.568028"><ele>998.8</ele><time>2026-07-12T09:41:53Z</time></trkpt>
<trkpt lat="46.607034" lon="10.568124"><ele>998.2</ele><time>2026-07-12T09:41:55Z</time></trkpt>
<trkpt lat="46.607095" lon="10.568215"><ele>997.8</ele><time>2026-07-12T09:41:55Z</time></trkpt>
<trkpt lat="46.607275" lon="10.568478"><ele>997.3</ele><time>2026-07-12T09:41:57Z</time></trkpt>
<trkpt lat="46.607412" lon="10.568690"><ele>996.8</ele><time>2026-07-12T09:41:59Z</time></trkpt>
<trkpt lat="46.607455" lon="10.568772"><ele>996.5</ele><time>2026-07-12T09:41:59Z</time></trkpt>
<trkpt lat="46.607487" lon="10.568867"><ele>996.2</ele><time>2026-07-12T09:42:00Z</time></trkpt>
<trkpt lat="46.607561" lon="10.569202"><ele>996.2</ele><time>2026-07-12T09:42:02Z</time></trkpt>
<trkpt lat="46.607593" lon="10.569327"><ele>996.1</ele><time>2026-07-12T09:42:03Z</time></trkpt>
<trkpt lat="46.607636" lon="10.569439"><ele>996.0</ele><time>2026-07-12T09:42:03Z</time></trkpt>
<trkpt lat="46.607722" lon="10.569610"><ele>996.1</ele><time>2026-07-12T09:42:04Z</time></trkpt>
<trkpt lat="46.607860" lon="10.569852"><ele>995.9</ele><time>2026-07-12T09:42:06Z</time></trkpt>
<trkpt lat="46.607958" lon="10.570025"><ele>995.4</ele><time>2026-07-12T09:42:07Z</time></trkpt>
<trkpt lat="46.608030" lon="10.570179"><ele>994.5</ele><time>2026-07-12T09:42:09Z</time></trkpt>
<trkpt lat="46.608165" lon="10.570511"><ele>993.6</ele><time>2026-07-12T09:42:11Z</time></trkpt>
<trkpt lat="46.608316" lon="10.570906"><ele>992.5</ele><time>2026-07-12T09:42:14Z</time></trkpt>
<trkpt lat="46.608413" lon="10.571126"><ele>989.2</ele><time>2026-07-12T09:42:16Z</time></trkpt>
<trkpt lat="46.608504" lon="10.571314"><ele>985.3</ele><time>2026-07-12T09:42:18Z</time></trkpt>
<trkpt lat="46.608598" lon="10.571488"><ele>981.0</ele><time>2026-07-12T09:42:20Z</time></trkpt>
<trkpt lat="46.609560" lon="10.573049"><ele>976.7</ele><time>2026-07-12T09:42:31Z</time></trkpt>
<trkpt lat="46.609824" lon="10.573545"><ele>972.8</ele><time>2026-07-12T09:42:36Z</time></trkpt>
<trkpt lat="46.609990" lon="10.573983"><ele>967.9</ele><time>2026-07-12T09:42:41Z</time></trkpt>
<trkpt lat="46.610135" lon="10.574378"><ele>962.5</ele><time>2026-07-12T09:42:45Z</time></trkpt>
<trkpt lat="46.610177" lon="10.574490"><ele>958.6</ele><time>2026-07-12T09:42:46Z</time></trkpt>
<trkpt lat="46.610364" lon="10.575143"><ele>955.1</ele><time>2026-07-12T09:42:53Z</time></trkpt>
<trkpt lat="46.610546" lon="10.575940"><ele>951.8</ele><time>2026-07-12T09:42:58Z</time></trkpt>
<trkpt lat="46.610779" lon="10.576961"><ele>948.7</ele><time>2026-07-12T09:43:05Z</time></trkpt>
<trkpt lat="46.610833" lon="10.577322"><ele>945.5</ele><time>2026-07-12T09:43:09Z</time></trkpt>
<trkpt lat="46.610916" lon="10.577872"><ele>943.1</ele><time>2026-07-12T09:43:12Z</time></trkpt>
<trkpt lat="46.611013" lon="10.578517"><ele>941.8</ele><time>2026-07-12T09:43:16Z</time></trkpt>
<trkpt lat="46.611097" lon="10.579063"><ele>941.2</ele><time>2026-07-12T09:43:18Z</time></trkpt>
<trkpt lat="46.611194" lon="10.579357"><ele>940.6</ele><time>2026-07-12T09:43:20Z</time></trkpt>
<trkpt lat="46.611397" lon="10.579693"><ele>940.2</ele><time>2026-07-12T09:43:22Z</time></trkpt>
<trkpt lat="46.611462" lon="10.579794"><ele>939.2</ele><time>2026-07-12T09:43:24Z</time></trkpt>
<trkpt lat="46.611487" lon="10.579834"><ele>937.6</ele><time>2026-07-12T09:43:24Z</time></trkpt>
<trkpt lat="46.611579" lon="10.579983"><ele>935.9</ele><time>2026-07-12T09:43:26Z</time></trkpt>
<trkpt lat="46.612612" lon="10.581639"><ele>934.1</ele><time>2026-07-12T09:43:37Z</time></trkpt>
<trkpt lat="46.613000" lon="10.582250"><ele>932.1</ele><time>2026-07-12T09:43:42Z</time></trkpt>
<trkpt lat="46.613015" lon="10.582273"><ele>929.6</ele><time>2026-07-12T09:43:43Z</time></trkpt>
<trkpt lat="46.613039" lon="10.582312"><ele>927.2</ele><time>2026-07-12T09:43:43Z</time></trkpt>
<trkpt lat="46.613198" lon="10.582576"><ele>925.4</ele><time>2026-07-12T09:43:46Z</time></trkpt>
<trkpt lat="46.613550" lon="10.583128"><ele>924.5</ele><time>2026-07-12T09:43:50Z</time></trkpt>
<trkpt lat="46.613581" lon="10.583177"><ele>923.6</ele><time>2026-07-12T09:43:51Z</time></trkpt>
<trkpt lat="46.613735" lon="10.583513"><ele>922.7</ele><time>2026-07-12T09:43:53Z</time></trkpt>
<trkpt lat="46.613750" lon="10.583548"><ele>921.9</ele><time>2026-07-12T09:43:54Z</time></trkpt>
<trkpt lat="46.613783" lon="10.583621"><ele>921.4</ele><time>2026-07-12T09:43:55Z</time></trkpt>
<trkpt lat="46.613888" lon="10.583856"><ele>920.9</ele><time>2026-07-12T09:43:56Z</time></trkpt>
<trkpt lat="46.614031" lon="10.584242"><ele>920.4</ele><time>2026-07-12T09:43:58Z</time></trkpt>
<trkpt lat="46.614072" lon="10.584378"><ele>919.7</ele><time>2026-07-12T09:44:00Z</time></trkpt>
<trkpt lat="46.614113" lon="10.584514"><ele>918.9</ele><time>2026-07-12T09:44:01Z</time></trkpt>
<trkpt lat="46.614149" lon="10.584633"><ele>918.1</ele><time>2026-07-12T09:44:02Z</time></trkpt>
<trkpt lat="46.614237" lon="10.585000"><ele>917.6</ele><time>2026-07-12T09:44:04Z</time></trkpt>
<trkpt lat="46.614380" lon="10.585709"><ele>917.1</ele><time>2026-07-12T09:44:08Z</time></trkpt>
<trkpt lat="46.614442" lon="10.586028"><ele>916.6</ele><time>2026-07-12T09:44:09Z</time></trkpt>
<trkpt lat="46.614513" lon="10.586360"><ele>916.0</ele><time>2026-07-12T09:44:11Z</time></trkpt>
<trkpt lat="46.614645" lon="10.587007"><ele>915.7</ele><time>2026-07-12T09:44:15Z</time></trkpt>
<trkpt lat="46.614681" lon="10.587143"><ele>915.4</ele><time>2026-07-12T09:44:15Z</time></trkpt>
<trkpt lat="46.614803" lon="10.587367"><ele>915.0</ele><time>2026-07-12T09:44:17Z</time></trkpt>
<trkpt lat="46.614830" lon="10.587409"><ele>914.6</ele><time>2026-07-12T09:44:17Z</time></trkpt>
<trkpt lat="46.615037" lon="10.587733"><ele>914.1</ele><time>2026-07-12T09:44:19Z</time></trkpt>
<trkpt lat="46.615267" lon="10.588099"><ele>913.7</ele><time>2026-07-12T09:44:22Z</time></trkpt>
<trkpt lat="46.615295" lon="10.588143"><ele>913.4</ele><time>2026-07-12T09:44:23Z</time></trkpt>
<trkpt lat="46.615502" lon="10.588459"><ele>912.8</ele><time>2026-07-12T09:44:25Z</time></trkpt>
<trkpt lat="46.615539" lon="10.588518"><ele>912.5</ele><time>2026-07-12T09:44:25Z</time></trkpt>
<trkpt lat="46.615572" lon="10.588571"><ele>912.1</ele><time>2026-07-12T09:44:26Z</time></trkpt>
<trkpt lat="46.615934" lon="10.589146"><ele>911.7</ele><time>2026-07-12T09:44:30Z</time></trkpt>
<trkpt lat="46.615955" lon="10.589176"><ele>911.4</ele><time>2026-07-12T09:44:30Z</time></trkpt>
<trkpt lat="46.616074" lon="10.589350"><ele>911.1</ele><time>2026-07-12T09:44:32Z</time></trkpt>
<trkpt lat="46.616267" lon="10.589636"><ele>910.8</ele><time>2026-07-12T09:44:34Z</time></trkpt>
<trkpt lat="46.616519" lon="10.590029"><ele>910.7</ele><time>2026-07-12T09:44:36Z</time></trkpt>
<trkpt lat="46.616638" lon="10.590269"><ele>910.5</ele><time>2026-07-12T09:44:38Z</time></trkpt>
<trkpt lat="46.616698" lon="10.590468"><ele>910.4</ele><time>2026-07-12T09:44:39Z</time></trkpt>
<trkpt lat="46.616779" lon="10.590713"><ele>910.3</ele><time>2026-07-12T09:44:40Z</time></trkpt>
<trkpt lat="46.616843" lon="10.590914"><ele>910.1</ele><time>2026-07-12T09:44:41Z</time></trkpt>
<trkpt lat="46.617042" lon="10.591256"><ele>909.9</ele><time>2026-07-12T09:44:44Z</time></trkpt>
<trkpt lat="46.617105" lon="10.591463"><ele>909.7</ele><time>2026-07-12T09:44:45Z</time></trkpt>
<trkpt lat="46.617157" lon="10.591619"><ele>909.6</ele><time>2026-07-12T09:44:46Z</time></trkpt>
<trkpt lat="46.617192" lon="10.591707"><ele>909.4</ele><time>2026-07-12T09:44:46Z</time></trkpt>
<trkpt lat="46.617231" lon="10.591784"><ele>909.2</ele><time>2026-07-12T09:44:47Z</time></trkpt>
<trkpt lat="46.617254" lon="10.591820"><ele>909.1</ele><time>2026-07-12T09:44:47Z</time></trkpt>
<trkpt lat="46.617273" lon="10.591855"><ele>909.1</ele><time>2026-07-12T09:44:47Z</time></trkpt>
<trkpt lat="46.617302" lon="10.591927"><ele>909.1</ele><time>2026-07-12T09:44:47Z</time></trkpt>
<trkpt lat="46.617363" lon="10.592194"><ele>909.1</ele><time>2026-07-12T09:44:49Z</time></trkpt>
<trkpt lat="46.617378" lon="10.592273"><ele>908.9</ele><time>2026-07-12T09:44:49Z</time></trkpt>
<trkpt lat="46.617416" lon="10.592464"><ele>908.7</ele><time>2026-07-12T09:44:50Z</time></trkpt>
<trkpt lat="46.617444" lon="10.592703"><ele>908.5</ele><time>2026-07-12T09:44:52Z</time></trkpt>
<trkpt lat="46.617488" lon="10.593243"><ele>908.3</ele><time>2026-07-12T09:44:54Z</time></trkpt>
<trkpt lat="46.617503" lon="10.593356"><ele>908.0</ele><time>2026-07-12T09:44:55Z</time></trkpt>
<trkpt lat="46.617540" lon="10.593350"><ele>907.7</ele><time>2026-07-12T09:44:56Z</time></trkpt>
<trkpt lat="46.617707" lon="10.593350"><ele>907.4</ele><time>2026-07-12T09:44:57Z</time></trkpt>
<trkpt lat="46.617748" lon="10.593356"><ele>907.1</ele><time>2026-07-12T09:44:57Z</time></trkpt>
<trkpt lat="46.617824" lon="10.593392"><ele>906.8</ele><time>2026-07-12T09:44:58Z</time></trkpt>
<trkpt lat="46.617939" lon="10.593446"><ele>906.5</ele><time>2026-07-12T09:44:59Z</time></trkpt>
<trkpt lat="46.618100" lon="10.593460"><ele>906.0</ele><time>2026-07-12T09:45:00Z</time></trkpt>
<trkpt lat="46.618200" lon="10.593411"><ele>905.6</ele><time>2026-07-12T09:45:01Z</time></trkpt>
<trkpt lat="46.618276" lon="10.593374"><ele>905.3</ele><time>2026-07-12T09:45:02Z</time></trkpt>
<trkpt lat="46.618525" lon="10.593160"><ele>905.0</ele><time>2026-07-12T09:45:04Z</time></trkpt>
<trkpt lat="46.618566" lon="10.593114"><ele>904.8</ele><time>2026-07-12T09:45:04Z</time></trkpt>
<trkpt lat="46.618762" lon="10.592866"><ele>904.8</ele><time>2026-07-12T09:45:06Z</time></trkpt>
<trkpt lat="46.618929" lon="10.592656"><ele>904.6</ele><time>2026-07-12T09:45:08Z</time></trkpt>
<trkpt lat="46.619224" lon="10.592354"><ele>904.6</ele><time>2026-07-12T09:45:11Z</time></trkpt>
<trkpt lat="46.619404" lon="10.592218"><ele>904.7</ele><time>2026-07-12T09:45:12Z</time></trkpt>
<trkpt lat="46.619551" lon="10.592423"><ele>904.8</ele><time>2026-07-12T09:45:13Z</time></trkpt>
</trkseg></trk>
</gpx>
